stop_zone,x_coord,y_coord
1,130.075,360.881
2,130.407,360.697
3,130.735,360.705
4,130.971,360.895
5,131.241,360.768
6,131.454,360.909
7,131.736,360.686
8,130.088,360.527
9,130.464,360.537
10,130.73,360.514
11,130.96,360.512
12,131.211,360.501
13,131.447,360.578
14,130.264,360.25
15,130.37,360.183
16,130.725,360.279
17,130.932,360.258
18,131.221,360.272
19,131.468,360.299
20,130.237,360.044
21,130.448,359.971
22,130.668,359.996
23,130.909,360.017
24,131.191,360.07
25,131.465,360.109
26,130.266,359.779
27,130.461,359.785
28,130.69,359.79
29,130.94,359.794
30,131.182,359.857
31,131.475,359.684
32,130.279,359.613
33,130.465,359.574
34,130.725,359.576
35,130.947,359.585
36,131.174,359.595
37,130.292,359.231
38,130.52,359.237
39,130.784,359.364
40,131.011,359.268
41,131.249,359.311
42,131.505,358.931
43,130.268,358.938
44,130.502,358.916
45,130.854,358.928
46,131.094,358.924
47,131.257,359.027
48,129.313,361.403
49,129.999,361.814
50,130.298,361.609
51,130.815,361.448
52,131.207,361.457
53,129.342,361.115
54,129.621,360.948
55,130.31,360.929
56,131.022,361.2
57,131.24,361.1
58,129.445,360.528
59,129.662,360.782
60,129.564,360.125
61,129.984,360.072
62,129.552,359.692
63,129.872,359.695
64,129.572,359.04
65,130.084,359.07
66,129.141,358.367
67,129.643,358.603
68,130.421,358.58
69,131.117,358.435
70,131.314,358.671
71,131.78,358.738
72,129.394,358.133
73,129.64,358.342
74,130.303,358.123
75,130.887,358.028
76,131.363,358.23
77,131.656,358.201
78,128.464,362.61
79,128.762,362.593
80,129.253,362.597
81,129.752,362.62
82,130.217,362.677
83,130.599,362.646
84,128.485,361.866
85,128.992,361.892
86,129.097,362.256
87,129.749,362.103
88,130.261,361.935
89,130.783,362.063
90,128.509,361.375
91,129.002,361.42
92,128.046,361.319
93,128.561,361.117
94,128.527,360.517
95,129.029,360.528
96,128.539,360.12
97,129.042,360.136
98,128.518,359.5
99,128.864,359.616
100,128.482,359.148
101,129.067,359.19
102,128.572,358.825
103,129.092,358.826
104,128.594,358.195
105,129.103,357.989
106,128.605,357.584
107,128.858,357.705
108,129.373,357.831
109,130.118,357.404
110,130.53,357.582
111,130.881,357.608
112,131.409,357.634
113,131.655,357.618
114,128.158,357.305
115,129.129,357.073
116,129.562,357.096
117,129.905,356.892
118,130.404,356.903
119,130.898,357.057
120,131.334,357.378
121,131.943,356.937
122,114.969,368.125
123,116.53,368.549
124,117.333,368.27
125,116.751,366.343
126,117.738,366.326
127,117.767,367.325
128,118.544,366.352
129,116.172,364.834
130,117.75,364.821
131,120.391,367.011
132,119.798,366.678
133,118.926,366.35
134,120.291,366.205
135,120.253,366.561
136,119.794,366.145
137,119.24,364.783
138,120.287,365.203
139,119.295,364.246
140,120.325,364.186
141,121.79,369.201
142,121.172,368.798
143,121.745,367.851
144,121.065,367.795
145,121.109,368.371
146,121.791,368.776
147,120.985,366.928
148,121.313,366.872
149,121.792,367.759
150,121.039,367.509
151,121.196,366.198
152,121.385,364.171
153,121.411,363.681
154,121.833,367.849
155,122.761,367.829
156,123.524,368.063
157,122.964,368.516
158,123.234,368.22
159,123.537,368.799
160,123.937,367.842
161,127.782,369.357
162,127.293,368.879
163,128.554,369.166
164,127.814,368.902
165,128.591,369.536
166,128.945,369.351
167,127.796,368.398
168,127.345,367.879
169,126.855,368.823
170,126.851,367.858
171,128.672,368.38
172,128.156,368.858
173,127.853,367.888
174,128.647,368.6
175,128.841,367.924
176,129.38,368.572
177,128.852,368.896
178,129.343,367.945
179,122.09,366.832
180,122.185,367.473
181,122.782,367.765
182,122.77,367.03
183,123.325,367.088
184,123.007,367.536
185,123.322,367.324
186,123.079,366.847
187,124.571,367.416
188,123.825,366.966
189,124.028,367.731
190,124.752,367.295
191,125.809,367.346
192,124.841,367.292
193,124.833,367.798
194,125.827,366.849
195,125.842,367.81
196,126.578,367.612
197,126.32,367.326
198,126.834,366.87
199,126.946,367.385
200,127.364,367.384
201,127.327,367.042
202,127.838,366.89
203,122.375,366.498
204,123.165,366.592
205,123.358,365.789
206,123.493,366.796
207,123.262,366.136
208,124.642,366.276
209,124.809,366.634
210,123.935,366.198
211,123.996,366.805
212,125.241,365.836
213,124.983,366.318
214,125.373,366.296
215,126.594,366.825
216,125.885,366.356
217,126.622,366.317
218,125.894,365.846
219,127.688,366.345
220,127.348,366.378
221,126.902,365.868
222,127.572,366.838
223,122.856,364.771
224,122.268,365.12
225,123.383,365.276
226,123.884,365.259
227,124.182,365.759
228,124.392,365.27
229,124.853,365.314
230,125.003,365.557
231,125.331,365.039
232,125.505,365.6
233,125.873,365.21
234,126.623,365.814
235,126.372,365.313
236,126.36,365.816
237,126.666,364.867
238,127.872,365.722
239,127.163,365.826
240,127.894,365.338
241,127.395,364.872
242,122.368,364.248
243,121.856,363.732
244,122.398,364.728
245,122.882,363.759
246,123.354,364.738
247,123.875,364.245
248,123.86,364.751
249,123.373,364.233
250,124.901,363.808
251,124.365,364.762
252,124.873,364.772
253,124.393,363.795
254,125.657,364.782
255,124.928,364.271
256,125.319,364.44
257,125.905,363.967
258,126.314,364.811
259,126.11,363.846
260,126.675,364.079
261,126.684,364.55
262,127.905,364.835
263,127.929,363.874
264,126.95,364.359
265,127.199,364.068
266,122.771,362.753
267,122.903,363.252
268,121.873,363.233
269,122.4,363.202
270,123.452,363.254
271,124.423,363.246
272,125.484,362.81
273,124.957,363.306
274,125.453,363.785
275,125.424,363.277
276,125.968,363.33
277,126.449,362.838
278,126.693,363.356
279,126.927,363.127
280,127.189,363.081
281,127.182,363.564
282,127.959,362.867
283,127.634,363.372
284,122.919,362.64
285,122.943,361.738
286,122.428,361.73
287,122.414,362.702
288,123.931,362.409
289,123.074,361.746
290,123.479,361.752
291,123.42,362.514
292,124.939,362.76
293,124.497,361.777
294,123.983,361.767
295,124.447,362.294
296,125.455,362.307
297,125.539,361.809
298,125.004,362.062
299,125.957,362.318
300,126.237,361.835
301,126.743,362.346
302,125.986,362.787
303,126.74,361.843
304,127.504,362.695
305,127.251,362.301
306,127.916,362.32
307,127.23,362.805
308,128.839,367.178
309,128.59,367.519
310,127.861,367.396
311,129.388,367.055
312,129.372,367.66
313,129.222,367.035
314,128.868,367.424
315,127.912,366.001
316,128.87,365.911
317,128.392,366.86
318,128.353,366.399
319,129.413,365.926
320,128.933,366.875
321,128.961,366.378
322,129.925,365.948
323,129.4,366.433
324,128.155,365.341
325,128.899,364.904
326,128.886,365.408
327,128.369,365.862
328,129.061,365.646
329,129.664,365.332
330,129.627,365.677
331,129.14,365.105
332,130.045,365.397
333,128.689,364.349
334,128.419,364.345
335,127.954,364.376
336,128.442,364.855
337,129.678,364.753
338,129.72,364.203
339,129.426,363.912
340,129.175,364.417
341,130.062,364.391
342,129.951,364.678
343,128.109,363.214
344,128.428,363.846
345,128.929,363.857
346,128.907,362.896
347,129.199,363.408
348,129.927,363.764
349,129.239,362.908
350,129.735,363.173
351,130.533,363.799
352,130.203,363.885
353,130.656,362.942
354,130.188,363.387
355,123.492,361.219
356,124.456,360.993
357,124.459,361.28
358,124.962,361.021
359,124.964,361.293
360,125.964,361.541
361,125.479,361.263
362,124.994,361.752
363,125.977,361.035
364,126.254,361.435
365,126.755,361.341
366,126.775,360.84
367,126.481,361.06
368,127.989,361.822
369,127.252,361.297
370,127.257,361.799
371,127.547,361.085
372,123.52,360.291
373,123.989,359.884
374,124.008,360.727
375,124.487,360.203
376,124.511,360.736
377,124.549,359.896
378,126.003,360.105
379,125.527,360.761
380,125.263,360.747
381,125.376,360.135
382,126.267,360.774
383,126.811,360.048
384,126.276,360.07
385,126.774,360.46
386,127.307,360.054
387,128.016,360.818
388,128.033,360.055
389,127.233,360.796
390,124.03,358.739
391,123.542,359.713
392,124.069,359.061
393,124.881,359.084
394,124.564,359.497
395,124.058,359.479
396,125.529,359.068
397,126.059,358.803
398,125.065,359.497
399,125.571,359.527
400,126.783,359.574
401,126.851,359.276
402,126.079,359.546
403,126.326,359.263
404,127.536,359.573
405,127.308,359.284
406,128.041,359.584
407,128.057,359.309
408,125.082,358.732
409,125.592,358.748
410,125.566,358.244
411,126.072,358.254
412,126.334,358.759
413,126.183,357.793
414,126.844,358.535
415,126.84,358.075
416,127.133,357.809
417,127.591,358.789
418,127.117,358.53
419,127.731,358.286
420,125.638,357.502
421,125.147,356.762
422,126.098,357.248
423,125.233,357.293
424,126.599,357.298
425,127.102,357.314
426,126.856,357.266
427,126.149,356.782
428,127.656,356.835
429,127.593,357.522
430,127.635,357.787
431,127.603,357.299
432,125.631,356.722
433,126.612,356.759
434,126.911,356.768
435,126.178,355.841
436,127.138,356.186
437,127.165,356.781
438,128.148,356.346
439,127.916,355.835
440,127.639,356.281
441,128.688,356.31
442,128.53,356.302
443,129.157,356.367
444,128.634,356.758
445,129.176,356.823
446,129.199,355.856
447,129.696,356.337
448,129.903,356.385
449,130.43,355.899
450,131.163,356.418
451,130.418,356.401
452,130.909,356.205
453,131.445,355.925
454,132.32,355.958
455,131.432,356.883
456,131.688,356.39
457,131.985,356.437
458,132.204,356.771
459,126.159,354.773
460,127.163,355.261
461,126.647,354.787
462,126.19,355.279
463,127.15,355.758
464,127.705,355.599
465,127.307,355.312
466,127.204,355.175
467,127.721,354.816
468,122.169,354.069
469,123.709,353.704
470,123.661,353.812
471,124.209,353.894
472,125.17,354.105
473,125.156,354.715
474,125.689,353.758
475,125.832,354.275
476,126.195,353.767
477,125.659,354.726
478,127.207,353.795
479,126.222,354.38
480,127.183,354.758
481,126.22,354.23
482,127.749,353.812
483,127.693,354.311
484,127.232,354.258
485,128.197,354.33
486,123.163,353.649
487,122.24,352.38
488,122.183,353.609
489,122.227,352.762
490,123.202,352.405
491,123.199,352.671
492,123.727,352.699
493,123.731,352.445
494,125.196,353.405
495,124.265,352.445
496,125.219,352.695
497,125.759,352.751
498,125.296,353.11
499,125.262,353.718
500,126.21,353.264
501,126.632,353.239
502,127.723,353.267
503,125.761,352.254
504,127.25,351.766
505,126.621,352.225
506,126.606,352.73
507,127.247,352.286
508,128.241,352.777
509,127.79,352.261
510,127.274,352.75
511,126.252,351.716
512,126.284,350.751
513,125.298,351.408
514,125.312,351.051
515,126.312,351.118
516,127.791,351.751
517,126.289,350.233
518,127.231,350.73
519,127.31,349.772
520,126.749,350.26
521,126.349,349.791
522,127.35,350.262
523,128.249,354.835
524,129.175,355.351
525,129.191,354.852
526,128.227,355.342
527,129.675,355.338
528,130.445,355.339
529,130.944,355.358
530,130.222,355.535
531,130.883,355.853
532,131.673,355.424
533,131.239,354.91
534,131.728,354.927
535,132.178,355.737
536,132.358,355.454
537,132.748,354.953
538,132.696,355.231
539,128.737,354.342
540,129.205,354.307
541,128.713,353.835
542,128.692,354.799
543,129.69,354.825
544,130.19,354.841
545,129.705,354.322
546,129.757,353.861
547,130.256,354.35
548,131.463,354.413
549,131.514,353.918
550,132.212,354.38
551,131.755,354.423
552,132.772,353.944
553,132.369,354.897
554,132.72,354.409
555,132.958,354.907
556,133.273,354.469
557,133.393,354.217
558,128.253,353.791
559,129.232,353.342
560,128.783,352.828
561,128.263,353.277
562,129.725,353.33
563,130.66,353.366
564,131.741,353.26
565,132.248,353.888
566,132.246,353.305
567,131.281,353.403
568,133.159,353.695
569,132.79,353.319
570,132.279,353.644
571,132.762,352.946
572,133.297,353.322
573,133.434,353.826
574,128.75,352.311
575,129.808,352.324
576,130.657,351.883
577,131.054,351.896
578,130.3,352.608
579,131,352.647
580,132.072,352.145
581,131.321,352.128
582,131.773,352.416
583,132.256,352.889
584,133.287,351.951
585,133.26,352.912
586,132.762,352.554
587,133.327,352.283
588,134.339,351.979
589,133.818,352.466
590,133.317,352.627
591,134.283,352.434
592,128.812,351.404
593,129.317,351.799
594,129.829,351.467
595,129.56,351.167
596,130.288,351.199
597,130.948,351.375
598,131.836,351.398
599,132.98,351.279
600,132.342,351.259
601,133.3,351.445
602,132.553,351.69
603,133.857,351.299
604,133.794,351.926
605,133.818,350.953
606,133.847,351.457
607,129.307,350.315
608,129.829,350.351
609,130.849,350.835
610,130.357,350.358
611,130.63,350.194
612,131.258,350.344
613,131.375,349.929
614,131.848,350.864
615,131.865,350.366
616,131.356,350.784
617,132.359,350.372
618,133.314,350.904
619,133.329,350.399
620,132.347,350.878
621,133.865,350.47
622,135.03,350.997
623,134.651,351.489
624,134.361,351.311
625,135.112,349.992
626,135.051,350.493
627,134.4,349.966
628,134.366,350.929
629,135.654,350.463
630,126.856,347.752
631,126.928,346.748
632,128.392,347.253
633,126.402,346.197
634,126.956,346.234
635,127.931,346.722
636,129.33,349.785
637,128.39,349.057
638,129.057,348.815
639,128.385,349.294
640,129.838,349.305
641,131.128,348.876
642,130.371,349.815
643,131.294,349.383
644,130.683,348.86
645,131.861,349.849
646,133.349,349.171
647,133.341,349.897
648,132.852,349.155
649,132.383,349.876
650,133.895,349.2
651,129.032,348.28
652,129.966,348.288
653,131.116,348.46
654,132.269,347.896
655,131.89,347.879
656,131.579,348.391
657,131.905,348.847
658,132.531,347.91
659,133.265,347.93
660,132.901,348.874
661,132.469,348.862
662,133.911,348.906
663,134.079,348.294
664,134.693,347.585
665,133.642,347.931
666,133.412,348.904
667,128.985,347.762
668,129.336,346.811
669,128.421,347.746
670,128.454,346.785
671,129.951,347.305
672,131.149,347.332
673,131.59,347.827
674,131.558,347.32
675,132.198,347.392
676,132.142,346.881
677,133.461,344.861
678,132.78,346.976
679,133.467,347.824
680,128.843,346.299
681,129.98,346.315
682,131.18,346.346
683,131.937,346.332
684,132.744,344.58
685,134.71,346.531
686,129.501,345.311
687,130.464,345.789
688,130.523,345.306
689,130.486,344.73
690,134.487,344.583
691,131.797,343.683
692,132.749,343.553
693,132.487,344.515
694,131.777,344.513
695,132.844,344.186
696,134.731,344.515
697,135.109,349.486
698,134.976,349.186
699,134.685,349.683
700,135.177,348.331
701,135.548,349.498
702,135.895,348.947
703,136.408,347.705
704,135.95,348.346
705,135.953,347.6
706,136.27,348.356
707,135.72,346.858
708,136.51,346.85
709,134.763,345.595
710,135.763,346.335
711,134.806,345.044
712,135.818,345.053
713,135.033,344.301
714,135.402,344.092
715,135.208,344.045
716,135.422,343.891
717,135.797,344.071
718,100.309,377.532
719,102.815,377.542
720,104.854,377.889
721,99.926,375.369
722,102.55,375.541
723,105.561,375.54
724,100.368,373.491
725,102.583,372.888
726,104.603,373.516
727,99.65,371.835
728,100.417,372.102
729,104.191,372.239
730,98.96,369.519
731,98.333,370.427
732,99.609,370.546
733,99.675,369.982
734,101.481,370.058
735,103.771,370.071
736,99.142,367.502
737,101.408,368.389
738,102.804,368.729
739,104.105,369.012
740,103.944,368.46
741,103.529,368.544
742,103.636,369.06
743,102.864,367.562
744,104.16,367.632
745,103.518,367.467
746,103.768,367.62
747,104.308,367.178
748,106.801,377.295
749,108.581,377.377
750,110.076,377.57
751,109.838,378.518
752,110.197,378.187
753,110.113,377.929
754,110.669,378.524
755,111.199,378.518
756,111.379,377.566
757,111.077,377.563
758,110.102,377.065
759,111.119,377.194
760,110.714,377.513
761,111.493,376.936
762,111.036,376.729
763,105.931,375.541
764,108.56,376.186
765,109.07,375.574
766,109.347,375.571
767,109.352,376.361
768,108.609,376.53
769,110.024,376.09
770,110.865,375.91
771,107.845,375.523
772,109.556,375.146
773,110.169,375.233
774,110.837,375.514
775,111.569,374.548
776,111.577,375.057
777,110.615,374.998
778,107.072,373.784
779,107.852,373.813
780,109.57,374.52
781,108.613,374.526
782,108.636,373.906
783,109.58,373.894
784,110.109,374.073
785,111.572,374.056
786,107.862,373.366
787,109.103,373.272
788,109.117,372.863
789,108.706,372.993
790,108.661,373.241
791,109.606,372.668
792,110.978,373.276
793,105.507,372.241
794,104.874,371.826
795,105.664,371.592
796,104.426,371.153
797,106.761,372.154
798,107.724,372.154
799,108.791,372.121
800,109.546,372.418
801,110.129,372.32
802,106.71,371.371
803,107.742,371.361
804,108.752,371.773
805,109.551,371.823
806,104.44,370.632
807,105.626,370.734
808,107.227,370.773
809,107.224,371.173
810,106.596,370.732
811,106.711,371.251
812,107.723,370.896
813,108.727,370.73
814,109.231,371.378
815,108.747,370.907
816,109.247,370.68
817,109.543,370.926
818,104.435,369.611
819,105.749,369.689
820,106.714,369.78
821,107.728,369.786
822,108.722,369.877
823,110.201,369.688
824,109.491,369.929
825,109.504,369.627
826,110.157,370.39
827,104.433,368.307
828,105.719,368.214
829,106.634,368.261
830,107.755,368.314
831,107.712,368.487
832,107.753,369.222
833,107.713,369.041
834,109.473,368.377
835,104.434,367.61
836,105.683,367.755
837,106.655,367.805
838,107.713,367.804
839,111.709,377.563
840,112.564,377.56
841,112.572,378.524
842,111.838,378.516
843,112.852,377.563
844,114.299,377.559
845,114.423,378.274
846,113.851,378.377
847,113.94,377.562
848,115.464,378.489
849,115.352,377.592
850,114.722,378.497
851,115.056,377.884
852,116.536,377.62
853,115.937,378.155
854,115.633,377.594
855,116.207,378.462
856,117.103,377.623
857,112.038,377.514
858,112.846,377.127
859,114.55,376.546
860,113.817,377.195
861,114.55,377.514
862,113.831,376.737
863,115.08,376.557
864,116.447,376.557
865,117.105,376.547
866,112.166,376.287
867,112.855,375.738
868,113.602,376.518
869,115.089,375.558
870,115.596,376.509
871,117.447,375.544
872,112.102,375.015
873,112.865,375.047
874,113.619,375.055
875,115.075,375.003
876,116.55,375.033
877,116.586,374.545
878,116.597,375.488
879,117.537,375.038
880,117.431,374.546
881,112.391,374.511
882,112.4,373.908
883,112.044,374.148
884,111.612,373.65
885,112.854,374.512
886,112.819,373.681
887,113.337,374.508
888,113.318,373.555
889,113.861,374.051
890,115.556,374.513
891,115.064,374.511
892,115.109,374.011
893,115.065,373.583
894,115.609,374
895,116.606,374.007
896,112.365,373.281
897,112.321,372.698
898,111.63,372.996
899,111.611,373.138
900,113.531,373.241
901,114.111,373.013
902,115.064,373.014
903,115.604,373.507
904,116.606,373.301
905,110.535,372.194
906,110.879,372.14
907,110.993,371.488
908,111.62,372.513
909,111.678,371.84
910,112.828,371.969
911,113.391,372.039
912,114.755,372.506
913,114.928,372.017
914,115.828,372.504
915,115.116,372.365
916,115.866,371.861
917,111.666,371.475
918,112.699,371.013
919,113.413,371.425
920,113.135,371.464
921,113.13,370.804
922,113.854,370.52
923,114.883,370.554
924,113.921,371.273
925,114.574,371.23
926,114.374,370.536
927,115.394,371.224
928,112.621,370.228
929,113.717,370.47
930,113.184,369.811
931,112.985,370.265
932,113.714,369.516
933,114.009,369.515
934,114.896,370
935,113.923,370.41
936,114.43,370.162
937,114.935,369.54
938,115.393,370.058
939,115.905,369.556
940,115.429,370.51
941,110.262,368.428
942,111.67,368.735
943,111.639,368.178
944,110.278,367.664
945,112.384,369.116
946,113.431,368.826
947,114.449,368.643
948,115.922,368.814
949,115.905,369.293
950,114.953,368.809
951,114.942,369.386
952,112.396,368.362
953,113.393,367.491
954,114.464,368.074
955,117.904,377.945
956,119.101,377.551
957,119.633,378.041
958,121.211,378.485
959,122.192,378.495
960,123.383,377.544
961,118.027,376.795
962,119.108,376.8
963,120.598,376.784
964,121.006,377.14
965,121.77,377.504
966,122.661,377.274
967,118.123,376.056
968,119.117,376.04
969,119.624,376.02
970,120.627,376.016
971,121.745,376.036
972,123.174,375.989
973,118.546,375.337
974,119.095,375.243
975,119.618,375.264
976,120.924,375.094
977,122.184,375.241
978,123.346,375.254
979,118.375,374.19
980,119.104,374.043
981,119.231,373.01
982,119.603,374.003
983,120.515,374.199
984,119.618,374.28
985,120.101,373.994
986,120.842,374.363
987,121.408,374.273
988,121.5,373.993
989,120.984,373.963
990,121.841,374.045
991,121.828,373.542
992,122.574,373.528
993,122.22,374.043
994,123.1,374.479
995,120.115,373.005
996,121.121,373.049
997,121.831,372.543
998,122.206,373.485
999,122.189,372.987
1000,121.84,373.044
1001,123.069,372.778
1002,116.439,372.141
1003,117.112,371.714
1004,118.165,372.493
1005,119.602,372.494
1006,120.797,372.5
1007,121.364,372.146
1008,116.372,371.421
1009,116.907,371.294
1010,117.699,371.252
1011,117.604,370.842
1012,117.039,370.637
1013,118.162,370.971
1014,119.459,371.695
1015,119.064,370.93
1016,119.539,370.95
1017,119.045,371.665
1018,120.035,370.967
1019,120.595,370.991
1020,120.798,371.752
1021,120.062,371.718
1022,121.791,371.208
1023,116.506,370.074
1024,117.305,370.104
1025,117.262,370.239
1026,117.264,369.632
1027,117.459,370.498
1028,118.287,370.183
1029,119.349,369.861
1030,119.063,370.06
1031,119.599,370.698
1032,119.044,370.661
1033,120.058,369.763
1034,121.761,369.324
1035,121.421,369.812
1036,121.113,369.748
1037,116.527,369.551
1038,117.273,369.494
1039,117.711,368.647
1040,117.207,368.626
1041,117.569,369.278
1042,118.047,369.12
1043,118.34,369.183
1044,118.047,369.62
1045,118.497,368.775
1046,119.328,368.717
1047,118.829,369.651
1048,119.11,368.716
1049,119.502,369.681
1050,120.073,369.063
1051,120.042,369.266
1052,120.476,368.768
1053,120.626,369.729
1054,117.83,367.832
1055,118.571,368.638
1056,118.051,368.616
1057,118.397,367.672
1058,118.848,368.66
1059,119.335,368.397
1060,119.314,367.723
1061,119.063,367.335
1062,118.994,367.706
1063,120.053,368.703
1064,120.261,367.715
1065,120.265,367.872
1066,120.554,367.777
1067,120.626,368.735
1068,120.301,367.439
1069,123.992,377.759
1070,124.135,377.022
1071,124.761,376.983
1072,124.127,376.024
1073,125.098,375.964
1074,123.798,374.973
1075,125.225,375.013
1076,125.837,374.857
1077,124.286,373.874
1078,125.122,373.869
1079,126.056,373.97
1080,127.142,373.894
1081,124.152,372.773
1082,125.066,372.977
1083,126.376,372.492
1084,126.354,373.064
1085,126.091,373.452
1086,125.864,372.541
1087,127.105,372.774
1088,126.907,373.289
1089,127.567,372.766
1090,127.562,373.297
1091,128.13,372.756
1092,122.176,372.071
1093,123.649,372.327
1094,124.578,372.292
1095,125.222,371.854
1096,125.894,372.069
1097,126.842,372.449
1098,127.554,372.171
1099,127.312,372.45
1100,122.163,371.467
1101,122.376,370.839
1102,122.846,371.559
1103,121.94,370.826
1104,123.369,370.85
1105,124.195,370.857
1106,124.24,371.797
1107,124.665,371.172
1108,124.628,371.796
1109,125.603,371.799
1110,125.072,371.295
1111,125.614,370.857
1112,124.889,371.808
1113,126.373,371.319
1114,127.314,371.343
1115,127.316,371.844
1116,127.348,370.886
1117,127.362,371.635
1118,122.743,370.789
1119,122.069,370.08
1120,122.491,369.831
1121,122.169,370.526
1122,123.834,370.81
1123,123.363,369.844
1124,122.94,370.798
1125,123.125,369.85
1126,124.679,370.795
1127,124.114,370.398
1128,124.558,370.062
1129,124.323,370.229
1130,125.611,370.35
1131,124.88,370.801
1132,124.878,370.037
1133,125.587,369.854
1134,126.317,369.854
1135,126.48,370.311
1136,126.484,370.816
1137,126.06,370.357
1138,127.782,369.896
1139,127.297,370.377
1140,127.339,369.378
1141,126.874,369.362
1142,127.766,370.858
1143,127.297,369.882
1144,122.611,369.345
1145,122.037,369.784
1146,122.58,368.789
1147,122.043,368.908
1148,122.697,368.91
1149,122.217,368.606
1150,123.363,369.286
1151,124.598,369.549
1152,124.149,369.137
1153,123.862,369.81
1154,124.636,368.855
1155,125.592,368.852
1156,125.586,369.352
1157,125.263,368.848
1158,124.862,369.342
1159,126.444,369.312
1160,124.115,368.799
1161,124.516,368.797
1162,124.854,368.694
1163,125.601,368.515
1164,124.806,368.301
1165,125.299,368.306
1166,125.802,368.24
1167,125.983,368.123
1168,125.967,368.806
1169,126.407,368.812
1170,126.688,368.316
1171,128.464,372.038
1172,128.208,372.434
1173,128.345,371.202
1174,128.273,370.903
1175,128.418,371.559
1176,127.89,371.627
1177,127.985,370.402
1178,128.422,369.945
1179,128.817,369.938
1180,128.364,370.401
1181,127.829,370.363
1182,128.085,369.405
1183,118.09,365.002
1184,121.283,364.734
1185,121.779,365.318
1186,121.67,364.753
1187,120.308,365.695
1188,121.824,365.715
1189,120.814,365.67
1190,122.823,365.292
1191,116.014,363.93
1192,117.759,364.084
1193,118.536,364.513
1194,118.569,363.735
1195,118.271,363.814
1196,118.271,364.116
1197,116.002,363.237
1198,117.091,362.587
1199,117.824,362.598
1200,117.785,363.56
1201,116.844,363.199
1202,118.81,363.095
1203,118.347,363.155
1204,118.321,362.609
1205,117.85,363.165
1206,119.792,363.096
1207,119.572,363.62
1208,118.839,363.505
1209,119.073,363.066
1210,119.885,363.634
1211,120.319,363.045
1212,120.477,362.696
1213,120.35,363.657
1214,121.45,362.845
1215,121.082,363.666
1216,121.133,362.906
1217,116.382,361.562
1218,117.22,362.019
1219,117.897,361.616
1220,117.879,362.102
1221,118.824,362.588
1222,118.853,361.631
1223,119.257,361.651
1224,120.353,362.172
1225,121.848,362.662
1226,121.373,361.699
1227,121.24,362.663
1228,121.481,361.703
1229,116.374,361.383
1230,117.853,361.303
1231,117.866,360.884
1232,117.229,361.283
1233,116.904,360.617
1234,118.366,360.859
1235,118.357,361.316
1236,118.874,360.729
1237,118.866,361.113
1238,119.251,361.13
1239,119.89,360.642
1240,119.265,360.643
1241,119.514,361.606
1242,120.398,360.659
1243,120.89,360.927
1244,120.133,361.623
1245,120.418,361.646
1246,121.397,361.155
1247,121.902,360.956
1248,120.964,361.643
1249,121.895,361.216
1250,116.869,359.696
1251,117.877,360.276
1252,117.939,359.783
1253,118.385,360.165
1254,118.899,359.835
1255,118.885,360.242
1256,119.26,360.269
1257,119.56,360.527
1258,119.41,359.612
1259,119.45,359.837
1260,120.86,360.272
1261,120.156,360.386
1262,120.469,359.867
1263,119.966,359.64
1264,121.914,360.309
1265,121.48,359.914
1266,121.324,359.691
1267,121.413,360.288
1268,116.899,359.05
1269,117.334,359
1270,118.913,359.528
1271,117.965,358.791
1272,118.66,358.589
1273,117.945,359.517
1274,119.486,359.058
1275,120.52,358.635
1276,120.45,358.979
1277,119.983,359.14
1278,120.466,359.606
1279,121.976,358.693
1280,121.388,359.135
1281,121.421,359.434
1282,121.942,359.437
1283,116.206,358.428
1284,116.999,357.979
1285,118.189,357.557
1286,118.203,358.516
1287,118.744,358.085
1288,118.761,357.583
1289,118.989,358.552
1290,119.033,357.582
1291,119.534,357.607
1292,119.503,358.576
1293,120.01,358.597
1294,121.267,358.634
1295,116.975,357.457
1296,117.054,356.5
1297,119.003,357.053
1298,119.542,357.106
1299,120.551,357.144
1300,121.065,357.12
1301,122.044,356.679
1302,122.008,357.647
1303,121.049,357.612
1304,116.627,355.514
1305,117.637,355.538
1306,118.469,356.007
1307,119.028,356.537
1308,118.116,356.03
1309,119.05,356.035
1310,119.588,356.054
1311,120.578,356.133
1312,121.238,356.125
1313,122.946,360.973
1314,122.453,360.722
1315,122.481,361.231
1316,121.921,361.68
1317,121.985,359.934
1318,123.471,360.707
1319,122.468,360.323
1320,122.969,360.301
1321,122.755,359.856
1322,123.262,359.878
1323,123.017,358.721
1324,123.529,358.734
1325,123.284,359.488
1326,122.476,359.686
1327,122.748,359.428
1328,122.515,358.709
1329,122.533,358.164
1330,122.719,357.708
1331,123.038,358.222
1332,122.032,358.195
1333,123.581,358.189
1334,124.101,357.738
1335,124.594,358.263
1336,124.078,358.254
1337,125.076,357.762
1338,122.08,357.005
1339,122.542,357.541
1340,122.586,357.661
1341,122.602,357.158
1342,123.6,357.684
1343,123.09,357.671
1344,123.099,357.163
1345,123.609,357.179
1346,125.001,357.245
1347,124.572,357.707
1348,124.64,357.013
1349,124.594,356.736
1350,122.617,356.492
1351,122.105,356.36
1352,122.636,356.056
1353,122.116,355.841
1354,123.638,356.542
1355,123.134,356.309
1356,124.102,356.188
1357,123.6,356.174
1358,124.651,356.241
1359,124.154,355.724
1360,125.132,355.75
1361,124.13,356.691
1362,117.117,354.849
1363,117.664,354.986
1364,118.662,355.254
1365,118.919,355.002
1366,118.641,354.536
1367,118.154,355.116
1368,119.617,355.063
1369,120.901,355.319
1370,120.918,354.616
1371,120.47,354.907
1372,120.46,355.278
1373,121.361,355.124
1374,117.138,354.444
1375,117.67,353.493
1376,118.666,353.698
1377,118.176,354.484
1378,119.168,354.002
1379,119.147,354.517
1380,120.04,353.564
1381,120.608,354.077
1382,122.116,354.178
1383,116.871,352.538
1384,117.695,353.011
1385,118.736,352.717
1386,119.252,352.979
1387,121.161,353.049
1388,121.637,353.13
1389,121.75,353.57
1390,121.546,352.62
1391,122.102,352.641
1392,116.737,351.495
1393,117.273,352.047
1394,118.221,352.374
1395,117.785,351.725
1396,117.283,351.619
1397,118.784,351.992
1398,119.283,352.036
1399,121.201,351.94
1400,122.089,352.396
1401,116.313,350.928
1402,117.825,350.478
1403,118.607,351.245
1404,120.161,350.634
1405,120.28,350.563
1406,121.504,351.562
1407,117.29,349.939
1408,117.812,349.934
1409,118.306,349.49
1410,119.824,349.548
1411,121.292,349.586
1412,122.299,349.621
1413,121.52,350.551
1414,121.584,349.597
1415,122.043,350.573
1416,122.618,355.635
1417,123.651,355.664
1418,124.142,354.69
1419,123.659,354.216
1420,125.135,355.343
1421,124.193,354.228
1422,122.256,351.987
1423,122.768,352.002
1424,124.856,351.785
1425,124.287,351.772
1426,122.506,351.377
1427,122.954,351.414
1428,123.262,350.653
1429,122.293,350.632
1430,124.268,350.686
1431,123.506,351.382
1432,123.766,350.673
1433,123.868,351.444
1434,124.916,351.058
1435,124.866,351.455
1436,124.3,351.428
1437,124.463,350.7
1438,123.291,349.648
1439,124.29,349.68
1440,125.284,350.199
1441,111.993,345.491
1442,113.39,345.938
1443,115.45,346.181
1444,111.945,344.26
1445,113.333,344.284
1446,115.465,344.831
1447,116.378,348.905
1448,119.878,348.53
1449,121.33,348.579
1450,121.763,348.592
1451,122.074,349.565
1452,121.348,349.088
1453,122.32,348.814
1454,121.363,348.086
1455,120.376,348.516
1456,120.393,348.01
1457,121.372,347.58
1458,121.815,348.47
1459,116.465,345.678
1460,119.96,346.496
1461,120.467,347.023
1462,120.717,346.046
1463,121.858,347.545
1464,121.777,346.545
1465,118.476,343.962
1466,119.495,344.005
1467,120.829,345.029
1468,121.505,345.054
1469,120.787,344.014
1470,121.538,344.05
1471,122.671,348.654
1472,123.897,348.683
1473,124.348,348.924
1474,125.865,348.723
1475,125.967,349.37
1476,125.336,349.669
1477,125.356,348.938
1478,127.328,349.284
1479,127.331,348.772
1480,126.824,348.758
1481,126.584,349.699
1482,127.845,348.785
1483,127.814,349.746
1484,128.319,349.766
1485,128.351,348.792
1486,128.367,348.253
1487,122.394,347.619
1488,123.313,347.948
1489,123.299,348.622
1490,122.386,348.353
1491,124.324,348.044
1492,125.327,348.197
1493,127.368,347.77
1494,126.374,348.247
1495,127.353,348.274
1496,126.325,348.703
1497,126.354,347.744
1498,125.361,348.678
1499,125.392,347.711
1500,123.362,346.65
1501,122.808,347.488
1502,122.884,347.136
1503,122.441,346.61
1504,123.853,347.126
1505,124.378,346.668
1506,123.383,347.156
1507,124.344,347.641
1508,124.414,346.955
1509,125.423,346.703
1510,122.463,346.102
1511,123.427,346.108
1512,125.396,346.18
1513,123.407,345.338
1514,124.443,344.867
1515,125.43,345.173
1516,125.989,345.17
1517,125.973,344.708
1518,126.431,345.682
1519,125.47,345.655
1520,127.328,344.736
1521,127.464,345.256
1522,126.925,345.7
1523,126.488,345.181
1524,128.456,345.24
1525,123.436,344.592
1526,123.516,343.626
1527,124.733,344.616
1528,125.494,343.682
1529,124.526,343.65
1530,125.457,344.496
1531,125.526,344.077
1532,126.51,344.688
1533,127.873,343.855
1534,128.492,344.274
1535,127.925,344.27
1536,128.499,344.153
1537,129.359,344.795
1538,128.516,344.781
1539,128.763,345.318
1540,129.52,345.036
1541,129.382,345.775
1542,130.493,344.831
1543,128.772,343.947
1544,128.616,344.724
1545,129.053,343.948
1546,129.034,344.294
1547,130.502,344.278
1548,129.535,344.494
1549,131.151,343.552
1550,130.53,343.538
1551,129.548,344.087
1552,117.504,342.415
1553,119.496,342.478
1554,119.998,343.462
1555,119.185,342.434
1556,120.304,341.523
1557,120.342,342.469
1558,119.809,341.508
1559,119.77,342.456
1560,121.28,342.549
1561,118.074,340.396
1562,119.093,341.192
1563,119.853,340.445
1564,119.575,340.439
1565,119.588,341.201
1566,121.592,340.53
1567,121.118,340.476
1568,122.612,340.527
1569,122.586,341.548
1570,117.648,338.511
1571,119.939,338.466
1572,121.694,338.985
1573,123.906,341.619
1574,125.507,343.066
1575,126.007,343.168
1576,127.191,343.193
1577,127.844,343.225
1578,125.076,342.11
1579,126.051,342.181
1580,126.603,342.166
1581,127.998,342.234
1582,128.584,342.018
1583,123.067,340.572
1584,123.587,340.595
1585,123.545,341.561
1586,123.037,341.546
1587,124.583,340.617
1588,124.554,341.356
1589,123.872,341.287
1590,123.953,340.599
1591,125.113,340.646
1592,125.618,341.159
1593,127.257,340.447
1594,126.799,340.674
1595,123.11,339.58
1596,124.503,339.603
1597,125.59,340.623
1598,126.775,339.445
1599,126.052,339.595
1600,128.181,340.459
1601,123.11,339.04
1602,123.667,338.98
1603,125.8,337.475
1604,125.515,339.597
1605,127.19,338.489
1606,128.315,338.505
1607,123.174,338.524
1608,122.742,337.544
1609,123.187,338.02
1610,122.726,338.303
1611,123.681,338.54
1612,126.803,337.479
1613,127.792,338.001
1614,128.497,337.499
1615,129.497,342.004
1616,128.575,343.239
1617,130.535,342.777
1618,129.545,343.532
1619,131.746,343.018
1620,132.378,343.025
1621,133.586,342.878
1622,133.936,342.819
1623,130.346,341.982
1624,131.508,342.012
1625,132.316,342.029
1626,133,342.031
1627,133.94,342.043
1628,129.777,340.521
1629,129.171,340.517
1630,129.528,341.147
1631,129.02,341.139
1632,130.274,340.981
1633,131.771,341.102
1634,132.317,340.543
1635,133.358,341.504
1636,134.277,341.043
1637,129.307,339.516
1638,130.356,340.476
1639,131.422,340.041
1640,132.327,340.044
1641,133.498,340.05
1642,134.334,339.572
1643,129.281,339.095
1644,130.291,338.981
1645,130.836,339.236
1646,132.349,339.176
1647,133.416,339.51
1648,134.8,339.168
1649,129.312,337.798
1650,130.807,337.893
1651,130.851,337.535
1652,132.031,338.293
1653,133.827,338.061
1654,134.817,338.045
1655,134.8,342.573
1656,135.795,343.494
1657,135.526,342.05
1658,136.078,341.83
1659,135.566,341.527
1660,136.302,341.539
1661,134.845,339.57
1662,136.314,340.25
1663,135.81,339.056
1664,136.313,339.07
1665,135.828,338.077
1666,136.331,338.018
1667,123.194,337.513
1668,125.867,336.458
1669,127.328,337.435
1670,128.827,336.491
1671,127.831,335.988
1672,128.09,336.437
1673,123.886,333.944
1674,125.838,334.696
1675,126.832,334.942
1676,125.408,333.906
1677,125.902,333.939
1678,127.356,334.975
1679,128.845,334.947
1680,127.362,333.92
1681,128.269,333.752
1682,122.897,332.555
1683,123.894,332.44
1684,123.063,331.426
1685,124.063,331.434
1686,125.874,332.447
1687,126.866,333.317
1688,125.288,332.399
1689,126.87,332.417
1690,127.392,332.467
1691,128.201,333.063
1692,127.931,332.586
1693,128.47,333.066
1694,128.881,332.924
1695,127.166,331.457
1696,128.501,331.888
1697,129.329,336.994
1698,130.044,336.97
1699,129.484,336.184
1700,130.182,336.188
1701,132.4,336.528
1702,131.178,336.209
1703,132.841,336.204
1704,131.372,336.85
1705,133.545,335.942
1706,129.851,334.958
1707,130.851,335.455
1708,130.145,334.933
1709,129.889,335.367
1710,130.863,334.949
1711,129.869,333.705
1712,129.403,333.975
1713,128.911,333.964
1714,129.366,333.706
1715,129.908,334.432
1716,130.6,333.94
1717,129.916,333.934
1718,130.604,334.229
1719,131.859,334.995
1720,132.857,335.002
1721,131.627,333.993
1722,131.93,333.995
1723,134.302,333.987
1724,134.47,335.001
1725,133.858,335.009
1726,132.928,334.006
1727,129.931,332.18
1728,131.895,332.375
1729,134.897,332.996
1730,135.847,336.553
1731,136.165,334.063
1732,135.904,333.29
1733,114.982,367.49
1734,114.991,366.318
1735,99.567,366.283
1736,101.226,366.164
1737,103.968,366.112
1738,99.48,363.494
1739,101.184,364.235
1740,104.101,363.832
1741,99.619,362.357
1742,101.302,361.548
1743,103.854,362.219
1744,99.823,360.023
1745,101.343,360.981
1746,100.621,359.7
1747,101.802,360.987
1748,101.84,359.751
1749,103.808,359.53
1750,98.695,358.843
1751,101.35,358.595
1752,103.639,358.363
1753,98.807,356.914
1754,101.499,356.276
1755,103.241,355.425
1756,98.809,354.602
1757,100.141,354.063
1758,98.778,353.752
1759,99.498,353.568
1760,100.506,354.038
1761,101.419,354.46
1762,101.272,353.529
1763,101.658,353.28
1764,101.332,353.848
1765,102.012,353.046
1766,102.158,353.859
1767,103.249,354.419
1768,103.929,354.227
1769,102.483,353.072
1770,103.948,353.161
1771,103.773,353.754
1772,103.953,353.71
1773,103.308,353.044
1774,98.546,352.882
1775,99.5,352.649
1776,98.865,351.702
1777,99.393,351.278
1778,100.161,351.36
1779,100.023,351.855
1780,99.405,351.788
1781,101.026,352.802
1782,101.32,352.07
1783,101.267,351.536
1784,100.519,351.92
1785,100.552,351.392
1786,101.085,351.057
1787,101.779,351.124
1788,101.815,351.592
1789,102.202,351.322
1790,101.774,351.976
1791,102.316,352.018
1792,102.9,352.168
1793,102.625,352.79
1794,103.058,352.905
1795,104.256,352.241
1796,103.529,352.802
1797,103.509,352.283
1798,103.972,352.783
1799,102.317,351.667
1800,104.218,351.739
1801,99.121,350.287
1802,99.447,350.098
1803,100.052,350.338
1804,100.032,350.933
1805,99.3,350.798
1806,98.832,349.441
1807,99.794,349.413
1808,101.256,349.456
1809,101.762,350.488
1810,102.254,349.465
1811,100.737,350.64
1812,103.307,350.504
1813,104.505,366.861
1814,105.739,366.69
1815,104.753,366.117
1816,105.956,365.824
1817,106.827,366.228
1818,109.242,365.933
1819,108.237,366.779
1820,108.744,365.885
1821,109.245,366.675
1822,104.838,363.73
1823,105.68,364.655
1824,104.74,364.601
1825,105.744,363.761
1826,107.095,364.739
1827,107.729,364.757
1828,106.65,363.692
1829,107.199,363.638
1830,107.743,364.168
1831,107.4,363.93
1832,107.772,363.57
1833,108.684,364.83
1834,109.742,364.667
1835,108.576,363.891
1836,108.719,364.112
1837,108.549,363.463
1838,109.059,363.434
1839,109.73,363.732
1840,104.666,363.084
1841,104.689,361.472
1842,105.641,362.173
1843,105.695,361.66
1844,106.7,362.999
1845,106.7,362.542
1846,106.656,362.213
1847,106.653,363.125
1848,107.693,362.74
1849,106.658,361.705
1850,107.67,361.75
1851,108.69,362.306
1852,108.691,361.804
1853,110.201,361.35
1854,109.794,363.249
1855,104.868,360.199
1856,105.658,360.87
1857,104.86,359.444
1858,105.658,359.603
1859,106.428,360.493
1860,106.618,361.141
1861,106.651,360.864
1862,106.884,360.442
1863,107.666,360.675
1864,107.126,360.199
1865,106.393,359.528
1866,106.383,360.171
1867,107.124,359.598
1868,107.61,359.247
1869,108.598,360.363
1870,109.881,361.292
1871,108.669,359.455
1872,108.496,360.005
1873,108.191,359.409
1874,109.054,359.844
1875,110.134,359.939
1876,104.551,358.551
1877,105.96,358.702
1878,106.131,358.19
1879,105.415,358.763
1880,105.564,358.181
1881,104.557,358.066
1882,105.364,357.345
1883,106.39,358.568
1884,106.383,359.159
1885,106.689,358.715
1886,107.133,358.211
1887,107.772,358.874
1888,106.66,357.677
1889,107.939,358.194
1890,107.636,358.184
1891,107.386,357.639
1892,107.921,357.426
1893,108.435,359.022
1894,108.459,358.545
1895,108.749,359.08
1896,109.005,358.256
1897,110.167,359.027
1898,108.374,357.298
1899,109.166,357.747
1900,108.711,357.367
1901,108.441,358.198
1902,109.82,358.209
1903,105.404,356.15
1904,106.655,356.618
1905,107.872,356.16
1906,106.483,356.086
1907,107.649,357.166
1908,108.578,356.911
1909,110.112,356.398
1910,110.056,356.197
1911,108.453,356.179
1912,104.614,354.321
1913,105.714,354.473
1914,104.836,353.609
1915,105.252,353.517
1916,105.441,353.789
1917,105.794,353.849
1918,106.11,353.103
1919,107.053,354.701
1920,107.881,354.285
1921,106.361,353.909
1922,106.531,353.255
1923,107.165,353.232
1924,107.191,353.828
1925,107.258,353.487
1926,108.063,353.212
1927,107.229,354.068
1928,108.048,353.987
1929,108.831,354.674
1930,109.541,354.621
1931,109.933,353.619
1932,109.193,353.615
1933,104.614,351.104
1934,104.835,352.281
1935,105.769,352.528
1936,105.686,351.558
1937,106.787,351.793
1938,106.555,352.748
1939,108.04,351.286
1940,108.2,352.549
1941,108.979,351.718
1942,110.262,351.964
1943,109.972,352.728
1944,108.984,353.146
1945,105.831,349.97
1946,105.951,350.593
1947,105.12,350.671
1948,105.184,349.249
1949,106.592,350.579
1950,110.024,350.73
1951,108.995,350.651
1952,108.712,349.68
1953,109.835,349.73
1954,110.275,366.897
1955,111.235,366.824
1956,112.866,366.86
1957,113.416,366.85
1958,113.977,367.459
1959,110.266,366.054
1960,111.33,365.809
1961,112.929,365.966
1962,113.434,366.005
1963,113.99,366.021
1964,110.263,364.514
1965,111.684,364.868
1966,112.412,364.902
1967,113.454,365.305
1968,114.515,365.034
1969,115.013,364.864
1970,110.727,364.203
1971,111.104,364.058
1972,111.699,364.076
1973,111.395,363.832
1974,111.705,363.663
1975,112.188,363.434
1976,113.92,364.176
1977,114.328,364.196
1978,115.015,364.217
1979,110.705,363.034
1980,111.543,362.642
1981,111.434,362.404
1982,111.731,363.176
1983,111.313,363.095
1984,112.449,362.441
1985,112.49,363.25
1986,112.193,363.239
1987,112.492,362.729
1988,113.728,362.664
1989,114.295,363.155
1990,115.372,363.212
1991,110.615,361.371
1992,111.495,361.963
1993,112.463,361.971
1994,113.18,362.409
1995,114.038,361.716
1996,114.97,361.503
1997,114.569,362.251
1998,114.261,362.347
1999,115.551,361.528
2000,115.014,361.766
2001,115.281,362.27
2002,115.962,362.234
2003,110.471,360.672
2004,111.435,360.354
2005,112.49,361.371
2006,113.489,361.407
2007,114.498,360.407
2008,114.011,360.966
2009,114.005,360.395
2010,114.769,361.075
2011,115.084,361.152
2012,115.007,360.83
2013,115.514,360.692
2014,115.495,360.996
2015,110.918,359.925
2016,111.447,359.924
2017,112.247,359.96
2018,113.473,360.328
2019,114.512,359.879
2020,115.463,359.922
2021,110.493,358.734
2022,111.346,358.778
2023,112.275,358.827
2024,113.532,358.361
2025,114.54,358.723
2026,115.328,358.961
2027,110.524,358.236
2028,111.298,357.625
2029,112.314,357.791
2030,112.824,357.392
2031,113.017,358.29
2032,112.255,358.297
2033,113.343,357.682
2034,114.547,357.723
2035,115.565,357.68
2036,110.593,356.469
2037,111.822,356.319
2038,111.322,357.262
2039,111.368,356.382
2040,111.817,357.276
2041,112.405,357.123
2042,113.36,357.117
2043,114.57,357.36
2044,115.56,357.399
2045,110.404,355.905
2046,111.393,355.758
2047,112.399,355.799
2048,113.274,355.79
2049,114.247,356.349
2050,115.683,355.509
2051,110.736,354.689
2052,111.373,355.238
2053,111.823,354.8
2054,112.13,354.78
2055,111.349,354.717
2056,112.601,354.82
2057,113.556,354.83
2058,114.584,354.892
2059,115.177,355.032
2060,110.961,353.859
2061,111.583,353.832
2062,112.631,353.841
2063,113.216,353.874
2064,114.283,353.959
2065,115.688,354.329
2066,110.94,352.762
2067,111.703,352.757
2068,113.199,352.807
2069,112.713,352.325
2070,112.704,352.833
2071,113.188,353.304
2072,113.82,352.851
2073,114.258,352.38
2074,114.529,353.339
2075,115.185,353.37
2076,115.209,352.867
2077,115.704,352.929
2078,110.975,351.737
2079,111.517,351.757
2080,112.25,352.272
2081,113.218,352.302
2082,112.271,351.72
2083,113.225,351.806
2084,113.85,351.84
2085,115.24,351.675
2086,114.746,351.454
2087,114.659,352.351
2088,115.219,352.183
2089,115.752,351.941
2090,111.249,350.742
2091,111.026,350.78
2092,110.328,351.118
2093,110.332,350.704
2094,111.952,350.753
2095,111.748,350.757
2096,112.244,351.24
2097,111.516,351.232
2098,112.802,350.787
2099,113.65,350.815
2100,114.811,350.88
2101,115.316,350.398
2102,111.275,349.738
2103,111.711,349.827
2104,112.568,350.216
2105,113.331,349.807
2106,114.856,349.878
2107,115.339,349.891
2108,111.555,348.358
2109,113.44,348.788
2110,114.864,348.827
2111,111.591,346.967
2112,82.616,377.037
2113,86.144,377.298
2114,83.866,374.027
2115,85.59,375.239
2116,83.118,371.345
2117,83.693,371.545
2118,81.636,369.137
2119,85.201,368.214
2120,82.168,365.258
2121,84.472,364.949
2122,81.454,361.847
2123,85.229,360.964
2124,82.948,359.605
2125,84.671,359.667
2126,82.135,355.645
2127,84.975,356.506
2128,82.868,353.251
2129,85.486,351.703
2130,83.207,350.614
2131,84.661,351.637
2132,88.742,377.558
2133,92.613,376.564
2134,89.786,374.014
2135,92.07,373.613
2136,87.989,371.27
2137,91.066,371.692
2138,88.018,367.761
2139,91.335,368.588
2140,88.74,364.497
2141,90.818,364.708
2142,88.274,361.357
2143,91.367,363.567
2144,87.547,359.738
2145,92.14,358.395
2146,87.907,356.236
2147,91.186,357.322
2148,88.694,353.062
2149,91.091,352.708
2150,86.679,351.531
2151,89.043,351.553
2152,87.538,349.566
2153,88.975,349.09
2154,90.821,351.22
2155,92.482,350.792
2156,90.245,348.745
2157,92.002,349.956
2158,94.093,377.561
2159,96.37,376.75
2160,98.56,377.523
2161,98.613,377.045
2162,98.326,378.499
2163,98.612,378.334
2164,94.623,376.022
2165,95.628,375.804
2166,97.023,375.906
2167,95.683,374.976
2168,97.086,374.706
2169,98.602,375.859
2170,98.193,375.024
2171,99.052,375.198
2172,98.106,375.981
2173,94.613,373.341
2174,95.932,372.635
2175,96.556,373.54
2176,96.9,372.824
2177,96.965,373.709
2178,98.571,373.487
2179,94.284,371.222
2180,94.61,372.388
2181,95.634,371.962
2182,94.391,371.536
2183,95.649,371.541
2184,96.827,372.222
2185,97.853,372.2
2186,96.704,371.909
2187,97.846,371.462
2188,93.721,370.387
2189,94.934,370.166
2190,95.775,370.328
2191,96.169,370.407
2192,96.155,370.706
2193,95.78,370.636
2194,94.567,369.053
2195,96.068,369.7
2196,95.772,369.683
2197,95.669,369.188
2198,95.928,369.339
2199,97.11,370.679
2200,97.057,370.309
2201,96.496,370.537
2202,96.593,370.047
2203,97.457,370.71
2204,98.057,370.041
2205,97.63,370.188
2206,98.053,370.714
2207,96.554,369.507
2208,97.841,369.506
2209,93.092,367.599
2210,95.139,368.745
2211,94.673,368.132
2212,94.971,368.375
2213,94.562,368.42
2214,95.664,368.381
2215,94.758,367.599
2216,95.612,367.641
2217,96.948,368.607
2218,98.026,367.989
2219,96.595,367.508
2220,98.071,367.433
2221,93.843,365.884
2222,95.609,366.219
2223,97.4,366.184
2224,93.151,364.103
2225,95.368,363.513
2226,97.516,363.648
2227,93.855,361.905
2228,94.384,362.283
2229,95.786,361.985
2230,95.16,361.849
2231,95.011,361.32
2232,94.385,361.538
2233,94.388,361.136
2234,95.727,361.606
2235,96.821,362.29
2236,96.9,361.697
2237,97.703,362.457
2238,97.622,361.548
2239,94.31,359.851
2240,94.992,360.491
2241,95.762,360.225
2242,95.243,359.205
2243,95.783,359.234
2244,97.576,360.06
2245,94.001,357.862
2246,95.824,357.531
2247,94.799,357.821
2248,95.716,358.509
2249,94.95,358.494
2250,96.803,358.386
2251,96.907,357.645
2252,97.506,357.793
2253,97.538,358.378
2254,94.001,355.378
2255,95.817,356.093
2256,97.276,356.491
2257,92.549,353.896
2258,93.857,354.06
2259,95.011,354.496
2260,92.551,353.22
2261,93.882,353.3
2262,94.931,353.296
2263,92.54,352.277
2264,93.859,352.071
2265,94.903,352.094
2266,95.776,354.759
2267,97.315,354.205
2268,97.392,354.553
2269,95.691,353.336
2270,96.93,353.587
2271,97.378,353.666
2272,96.058,352.302
2273,96.536,352.328
2274,97.728,352.559
2275,93.339,351.6
2276,93.863,351.533
2277,95.144,351.039
2278,95.068,351.451
2279,94.393,351.512
2280,94.801,350.843
2281,92.543,350.262
2282,94.35,350.784
2283,94.865,350.251
2284,92.555,349.268
2285,94.025,349.278
2286,94.914,349.799
2287,95.686,351.092
2288,95.541,351.407
2289,96.274,351.635
2290,96.088,351.043
2291,97.344,351.828
2292,97.852,351.566
2293,95.959,350.365
2294,96.858,350.773
2295,97.049,350.355
2296,96.7,350.354
2297,97.355,350.712
2298,97.408,350.37
2299,95.875,349.302
2300,97.148,349.442
2301,97.447,349.516
2302,98.036,349.129
2303,98.207,349.697
2304,97.556,348.895
2305,82.308,346.573
2306,85.095,346.508
2307,88.776,346.638
2308,90.86,347.097
2309,93.683,348.762
2310,95.391,348.513
2311,93.447,346.209
2312,94.723,346.654
2313,97.06,348.222
2314,82.994,344.203
2315,85.123,344.641
2316,88.628,344.329
2317,91.066,343.456
2318,94.326,345.146
2319,97.55,343.772
2320,83.688,340.099
2321,88.792,341.658
2322,97.692,337.851
2323,82.699,334.913
2324,89.51,334.079
2325,97.782,334.321
2326,102.697,401.759
2327,104.083,401.857
2328,102.308,398.662
2329,105.064,398.815
2330,102.565,397.484
2331,105.074,398.059
2332,102.584,395.323
2333,104.592,395.141
2334,103.083,393.756
2335,104.596,393.393
2336,102.314,391.584
2337,105.413,390.865
2338,102.581,390.33
2339,104.355,390.047
2340,101.872,387.558
2341,104.144,387.08
2342,102.6,386.112
2343,104.485,385.888
2344,103.057,382.629
2345,104.371,383.714
2346,102.268,381.306
2347,104.753,381.582
2348,102.34,380.078
2349,104.804,379.059
2350,106.796,401.02
2351,108.527,401.118
2352,110.791,401.108
2353,106.998,400.035
2354,108.534,400.086
2355,109.833,400.091
2356,107.133,397.79
2357,108.535,397.825
2358,110.54,397.656
2359,107.016,395.378
2360,108.405,395.445
2361,110.563,396.067
2362,106.104,394.081
2363,107.141,393.086
2364,106.062,393.026
2365,107.139,394.084
2366,107.985,394.071
2367,107.725,392.654
2368,109.139,393.545
2369,108.575,394.137
2370,110.552,392.836
2371,107.105,391.435
2372,108.333,391.748
2373,110.043,391.753
2374,111.017,391.291
2375,110.146,391.193
2376,110.554,391.742
2377,106.736,389.586
2378,107.76,389.02
2379,111.087,389.058
2380,106.104,387.389
2381,109.516,387.069
2382,110.804,386.955
2383,106.967,385.407
2384,108.76,385.331
2385,110.839,386.029
2386,106.097,384.037
2387,108.65,383.526
2388,111.312,382.695
2389,106.851,381.197
2390,108.1,381.571
2391,109.604,381.562
2392,106.607,380.031
2393,108.616,379.42
2394,110.545,379.57
2395,113.178,401.064
2396,116.684,401.032
2397,113.159,397.604
2398,116.666,397.573
2399,112.505,394.608
2400,114.625,395.066
2401,116.654,395.538
2402,113.61,394.522
2403,111.745,392.841
2404,112.902,393.052
2405,112,394.55
2406,114.204,394.318
2407,114.882,394.095
2408,117.046,393.828
2409,116.146,393.591
2410,116.156,392.857
2411,117.007,392.814
2412,114.106,393.053
2413,115.358,393.079
2414,112.373,391.819
2415,114.589,391.76
2416,117.142,391.816
2417,117.151,391.265
2418,116.164,391.289
2419,116.149,391.879
2420,112.643,389.031
2421,114.599,389.061
2422,116.761,389.468
2423,113.145,387.03
2424,111.966,386.753
2425,111.585,388.462
2426,112.649,388.057
2427,114.38,388.08
2428,114.028,388.262
2429,114.397,387.721
2430,114.042,387.77
2431,115.601,388.032
2432,116.661,387.268
2433,114.213,387.115
2434,115.606,387.114
2435,112.12,385.07
2436,112.14,386.189
2437,113.595,384.564
2438,112.874,385.578
2439,113.881,384.566
2440,115.607,384.556
2441,114.716,386.491
2442,114.43,385.831
2443,116.944,384.565
2444,112.116,384.237
2445,112.881,383.095
2446,112.982,384.518
2447,112.131,383.103
2448,114.096,382.618
2449,114.103,384.518
2450,115.044,382.919
2451,114.669,384.502
2452,116.613,384.505
2453,113.323,381.552
2454,115.383,381.214
2455,115.219,381.947
2456,114.395,382.04
2457,114.17,381.429
2458,116.615,381.765
2459,113.107,379.747
2460,114.884,379.776
2461,113.852,379.02
2462,114.383,379.805
2463,115.098,379.534
2464,117.125,378.537
2465,115.855,379.504
2466,117.113,379.551
2467,115.74,379.823
2468,118.696,401.032
2469,120.75,401.271
2470,119.194,399.075
2471,118.402,399.508
2472,118.536,400.04
2473,119.148,400.048
2474,120.517,399.289
2475,119.14,397.528
2476,120.414,397.629
2477,117.996,396.258
2478,119.165,396.25
2479,120.157,396.256
2480,120.716,396.25
2481,117.73,395.034
2482,119.135,394.599
2483,119.638,394.875
2484,118.684,395.041
2485,119.18,395.049
2486,119.87,394.736
2487,121.372,394.559
2488,118.351,393.556
2489,118.635,394.05
2490,117.743,394.057
2491,117.828,393.562
2492,119.181,393.817
2493,119.141,394.055
2494,119.133,393.553
2495,119.511,394.052
2496,120.342,394.504
2497,120.171,394.007
2498,119.859,394.06
2499,120.131,393.768
2500,120.706,393.857
2501,118.233,392.776
2502,118.014,393.171
2503,117.676,392.792
2504,118.626,393.522
2505,119.144,392.827
2506,120.758,392.877
2507,120.19,393.061
2508,118.255,391.563
2509,117.784,392.004
2510,117.678,392.279
2511,118.564,392.135
2512,119.169,391.554
2513,119.406,392.246
2514,119.123,392.198
2515,119.119,391.799
2516,120.292,391.563
2517,120.133,391.557
2518,120.42,392.264
2519,119.735,392.262
2520,118.332,391.013
2521,119.179,390.786
2522,119.174,391.399
2523,119.134,391.06
2524,118.682,391.015
2525,119.733,391.289
2526,120.025,391.011
2527,120.17,391.252
2528,120.205,390.658
2529,117.923,390.053
2530,119.163,390.041
2531,119.881,390.004
2532,118.121,389.247
2533,119.148,389.278
2534,118.856,388.886
2535,119.43,388.83
2536,118.843,389.257
2537,119.693,389.298
2538,117.829,387.672
2539,119.051,388.123
2540,120.163,388.207
2541,118.322,387.247
2542,119.235,387.258
2543,119.752,387.216
2544,118.371,386.151
2545,119.157,385.876
2546,119.949,385.814
2547,118.352,385.046
2548,118.88,385.055
2549,120.021,385.262
2550,120.904,385.028
2551,118.262,384.013
2552,119.262,384.013
2553,120.304,384.017
2554,120.699,384.126
2555,118.294,383.266
2556,119.441,383.037
2557,120.137,383.053
2558,121.024,383.015
2559,117.631,381.797
2560,118.871,381.784
2561,120.343,381.798
2562,120.799,382.242
2563,121.453,382.255
2564,121.54,381.91
2565,120.799,381.787
2566,122.171,381.669
2567,118.626,381.325
2568,118.679,381.031
2569,120.336,380.551
2570,120.789,381.016
2571,122.002,380.955
2572,118.389,379.557
2573,119.365,380.043
2574,119.694,379.795
2575,120.927,380.037
2576,122.196,380.148
2577,122.711,379.875
2578,117.849,379.505
2579,119.288,378.552
2580,120.04,378.928
2581,121.14,379.049
2582,121.885,378.994
2583,123.207,379.044
2584,77.263,400.133
2585,81.103,401.089
2586,77.736,396.855
2587,80.347,397.301
2588,77.624,394.587
2589,80.349,396.06
2590,77.115,391.598
2591,80.632,391.574
2592,76.641,389.534
2593,80.576,388.541
2594,77.744,385.272
2595,80.601,385.511
2596,78.074,383.015
2597,80.954,383.546
2598,77.586,380.506
2599,80.062,380.533
2600,83.15,401.003
2601,85.399,400.987
2602,83.127,398.512
2603,85.387,398.502
2604,83.329,395.52
2605,85.623,394.979
2606,82.622,392.534
2607,86.783,391.236
2608,83.106,389.49
2609,86.6,389.729
2610,83.062,385.542
2611,86.597,385.545
2612,83.549,384.005
2613,86.057,383.505
2614,83.104,380.03
2615,86.3,380.005
2616,89.636,400.46
2617,91.606,401.47
2618,88.034,397.508
2619,92.563,397.515
2620,89.069,394.67
2621,92.802,394.44
2622,89.103,391.235
2623,91.601,392.319
2624,89.004,389.784
2625,87.715,388.982
2626,88.541,389.996
2627,89,389.476
2628,89.853,389.015
2629,92.338,390.092
2630,89.564,388.14
2631,90.177,388.083
2632,92.678,387.652
2633,88.879,385.494
2634,91.083,385.039
2635,92.724,385.824
2636,93.086,383.325
2637,91.028,383.166
2638,89.353,384.014
2639,92.145,381.53
2640,89.138,381.496
2641,91.106,380.549
2642,88.393,378.73
2643,90.483,379.505
2644,92.85,380.015
2645,96.083,400.995
2646,98.322,401.031
2647,100.538,402.05
2648,96.106,398.297
2649,98.353,398.62
2650,100.559,400.564
2651,100.516,397.786
2652,94.512,396.018
2653,96.668,395.15
2654,99.07,395.691
2655,100.344,395.589
2656,94.331,394.49
2657,96.114,393.042
2658,98.563,394.044
2659,99.776,393.601
2660,95.553,391.373
2661,96.909,391.923
2662,98.294,391.711
2663,100.855,391.043
2664,94.578,389.991
2665,95.613,389.058
2666,97.222,388.915
2667,97.161,390.038
2668,96.282,390.047
2669,98.07,390.072
2670,100.861,390.1
2671,95.311,387.53
2672,97.056,387.305
2673,99.058,387.563
2674,100.959,387.567
2675,94.606,385.029
2676,96.584,385.093
2677,98.614,385.101
2678,100.614,384.651
2679,94.156,383.886
2680,94.718,383.903
2681,94.371,383.009
2682,95.316,383.205
2683,95.586,382.534
2684,94.925,383.145
2685,94.787,382.571
2686,96.619,383.536
2687,95.629,383.042
2688,95.624,383.539
2689,97.067,383.024
2690,98.463,383.041
2691,100.557,383.091
2692,94.575,381.069
2693,96.586,381.632
2694,98.648,382.248
2695,100.625,381.537
2696,94.88,380.025
2697,95.316,378.551
2698,94.568,380.03
2699,94.569,378.556
2700,96.618,379.57
2701,97.644,379.061
2702,100.325,378.587
2703,99.569,348.208
2704,101.294,347.906
2705,103.294,347.959
2706,99.854,345.812
2707,101.376,345.89
2708,103.366,346.451
2709,100.007,343.823
2710,101.397,343.853
2711,103.393,343.914
2712,100.443,341.843
2713,101.437,341.884
2714,103.955,341.926
2715,99.929,339.884
2716,101.507,339.914
2717,103.586,339.91
2718,100.063,337.868
2719,101.584,337.871
2720,103.596,337.958
2721,100.107,336.847
2722,101.634,335.916
2723,104.125,335.926
2724,100.688,333.885
2725,101.719,334.333
2726,103.213,334.338
2727,103.837,333.786
2728,103.249,333.117
2729,104.421,334.451
2730,100.764,331.364
2731,101.834,331.005
2732,103.766,332.221
2733,100.653,328.937
2734,104.338,329.465
2735,99.433,327.726
2736,104.431,326.42
2737,100.104,322.881
2738,105.107,322.033
2739,101.126,320.142
2740,104.401,320.123
2741,100.736,317.183
2742,104.463,317.751
2743,100.277,315.806
2744,104.275,314.921
2745,105.294,348.157
2746,106.654,348.484
2747,107.883,348.59
2748,108.366,347.623
2749,107.369,347.729
2750,108.405,348.439
2751,109.866,348.769
2752,108.404,347.952
2753,109.467,347.65
2754,105.423,346.48
2755,107.398,346.585
2756,107.483,345.563
2757,106.691,345.08
2758,108.39,346.612
2759,109.462,346.431
2760,105.469,344.28
2761,105.505,344.624
2762,105.14,343.987
2763,105.527,343.028
2764,107.559,344.107
2765,109.564,344.139
2766,105.522,341.99
2767,107.772,342.727
2768,109.565,342.074
2769,105.584,339.99
2770,108.058,341.06
2771,109.674,339.665
2772,105.62,337.421
2773,105.699,338.005
2774,104.616,337.971
2775,106.2,337.036
2776,108.667,338.122
2777,107.442,338.075
2778,106.903,337.516
2779,108.371,337.575
2780,109.655,338.158
2781,105.484,336.005
2782,105.443,336.956
2783,104.649,336.923
2784,104.834,335.984
2785,106.221,336.483
2786,104.87,334.979
2787,105.514,335.447
2788,105.521,335.707
2789,104.942,335.93
2790,106.323,335.036
2791,107.493,336.546
2792,108.237,336.544
2793,107.58,335.321
2794,107.542,335.966
2795,106.868,335.878
2796,107.22,335.348
2797,108.64,335.634
2798,108.067,335.349
2799,108.068,335.74
2800,108.636,335.365
2801,109.698,336.282
2802,110.679,336.669
2803,109.21,335.427
2804,109.246,335.668
2805,109.715,335.452
2806,109.197,335.967
2807,110.058,335.521
2808,105.063,334.475
2809,106.031,334.97
2810,105.523,333.741
2811,106.076,333.782
2812,107.253,334.697
2813,108.212,334.398
2814,107.292,333.479
2815,108.323,333.597
2816,109.729,334.967
2817,109.794,334.493
2818,108.823,333.626
2819,110.709,333.778
2820,105.822,332.031
2821,106.804,332.269
2822,105.81,331.025
2823,106.852,331.088
2824,107.839,332.122
2825,110.091,332.73
2826,107.397,329.086
2827,109.895,329.141
2828,105.874,326.833
2829,108.982,327.593
2830,107.074,322.081
2831,111.134,322.132
2832,106.245,320.313
2833,109.192,321.094
2834,106.544,317.026
2835,109.753,317.582
2836,106.379,315.229
2837,109.392,314.815
2838,111.348,342.24
2839,113.558,342.28
2840,115.551,342.375
2841,110.633,340.17
2842,113.128,339.777
2843,115.582,340.378
2844,111.623,338.219
2845,113.155,338.283
2846,115.674,338.359
2847,111.685,336.694
2848,113.732,335.496
2849,115.728,335.758
2850,111.748,334.249
2851,113.726,334.38
2852,115.775,334.154
2853,112.802,332.244
2854,113.806,332.29
2855,115.817,332.3
2856,111.904,330.197
2857,114.865,330.284
2858,115.906,330.348
2859,112.26,328.711
2860,112.972,328.236
2861,116.016,328.257
2862,112.033,326.226
2863,113.976,327.19
2864,116.052,326.265
2865,113.132,323.193
2866,115.481,324.187
2867,113.157,321.136
2868,116.045,321.22
2869,117.727,336.378
2870,119.574,336.977
2871,119.753,336.455
2872,119.773,335.452
2873,118.733,336.391
2874,122.706,337.03
2875,120.753,336.449
2876,122.729,336.487
2877,120.954,337.462
2878,117.765,333.716
2879,119.787,333.943
2880,121.786,334.895
2881,117.853,332.352
2882,119.889,332.43
2883,121.892,332.434
2884,118.046,330.354
2885,120.057,330.346
2886,122.048,330.387
2887,118.081,328.292
2888,120.071,328.337
2889,122.108,328.429
2890,118.093,326.281
2891,120.098,326.384
2892,122.137,326.422
2893,118.179,323.326
2894,122.141,324.377
2895,118.226,321.286
2896,122.745,321.882
2897,125.072,330.449
2898,125.895,330.465
2899,128.287,329.877
2900,124.602,328.432
2901,125.493,328.457
2902,128.381,329.208
2903,124.157,326.467
2904,126.125,326.494
2905,128.168,326.487
2906,124.188,323.458
2907,126.193,324.492
2908,123.235,321.903
2909,128.198,321.484
2910,130.036,331.001
2911,131.926,331.444
2912,134.053,330.653
2913,135.615,329.272
2914,129.632,328.555
2915,131.217,329.065
2916,134.618,329.166
2917,135.659,327.192
2918,130.129,326.067
2919,131.534,326.653
2920,134.13,327.11
2921,131.708,323.535
2922,133.44,324.576
2923,135.219,324.628
2924,131.201,322.522
2925,133.253,321.563
2926,135.765,321.622
2927,83.525,309.408
2928,90.446,309.515
2929,96.426,309.696
2930,83.915,315.392
2931,90.268,315.547
2932,94.3,314.649
2933,97.773,314.74
2934,94.257,316.691
2935,98.22,316.809
2936,85.129,322.312
2937,89.63,320.039
2938,92.147,320.109
2939,89.595,322.071
2940,91.135,322.626
2941,95.143,320.208
2942,96.69,320.222
2943,95.107,322.789
2944,98.093,322.809
2945,85.012,327.306
2946,89.383,325.571
2947,91.103,326.236
2948,87.667,328.537
2949,95.427,327.718
2950,91.05,329.603
2951,65.568,380.686
2952,67.619,380.059
2953,65.586,384.211
2954,67.631,384.437
2955,73.314,381.428
2956,64.068,385.547
2957,67.599,385.482
2958,68.661,385.709
2959,63.958,388.05
2960,66.651,388.055
2961,69.13,387.104
2962,63.936,390.065
2963,66.688,389.238
2964,68.199,389.167
2965,74.587,385.45
2966,71.612,387.051
2967,74.6,389.554
2968,71.606,389.56
2969,65.701,391.599
2970,68.188,391.629
2971,65.72,393.614
2972,68.188,393.635
2973,73.668,392.29
2974,68.223,398.927
2975,73.575,397.615
2976,66.099,345.442
2977,77.65,344.268
2978,73.048,344.507
2979,66.586,351.96
2980,71.947,352.006
2981,76.788,349.558
2982,80.217,350.559
2983,76.814,354.007
2984,79.782,352.588
2985,66.188,357.555
2986,72.023,357.56
2987,77.867,357.565
2988,66.653,363.568
2989,74.525,361.557
2990,70.032,362.543
2991,72.023,361.579
2992,74.449,363.326
2993,72.026,363.227
2994,70.059,363.58
2995,73.8,365.703
2996,72.077,365.577
2997,70.04,366.05
2998,76.392,361.99
2999,78.894,361.585
3000,76.394,365.576
3001,79.476,366.297
3002,66.847,370.417
3003,71.578,369.218
3004,76.058,367.278
3005,77.942,366.916
3006,79.884,368.12
3007,75.633,369.7
3008,77.709,369.159
3009,80.369,369.895
3010,76.621,371.353
3011,77.399,371.638
3012,80.597,371.67
3013,67.735,374.128
3014,72.824,374.84
3015,71.545,374.552
3016,73.834,376.413
3017,71.55,377.04
3018,80.38,373.853
3019,76.684,374.038
3020,80.095,377.491
3021,77.571,377.053
3022,119.062,299.257
3023,121.542,300.316
3024,123.06,300.332
3025,112.021,300.949
3026,116.861,299.17
3027,101.146,302.605
3028,107.173,302.867
3029,133.933,303.246
3030,126.577,303.45
3031,119.012,302.233
3032,121.481,302.794
3033,122.26,303.312
3034,118.952,304.304
3035,120.949,304.774
3036,123.586,304.372
3037,118.959,306.234
3038,121.089,305.831
3039,122.678,307.157
3040,112,302.994
3041,117,302.213
3042,111.959,305.05
3043,116.938,305.24
3044,102.452,308.908
3045,109.489,309.073
3046,113.53,309.08
3047,115.848,308.653
3048,112.995,311.135
3049,115.576,311.448
3050,118.501,308.298
3051,119.951,308.155
3052,122.623,308.235
3053,118.557,310.175
3054,120.582,310.181
3055,122.586,310.204
3056,118.521,312.171
3057,120.516,312.217
3058,122.553,312.268
3059,125.259,307.317
3060,129.105,307.875
3061,124.63,311.296
3062,127.642,312.323
3063,130.711,309.852
3064,135.729,309.908
3065,130.831,311.416
3066,134.212,311.485
3067,114.896,316.2
3068,117.524,314.22
3069,122.492,314.298
3070,119.398,317.266
3071,121.449,317.999
3072,126.524,316.38
3073,133.095,316.479
3074,55.875,307.301
3075,60.953,311.279
3076,68.466,307.308
3077,66.464,307.305
3078,63.519,307.32
3079,63.518,308.828
3080,66.473,309.34
3081,68.466,309.311
3082,66.464,311.316
3083,63.506,312.28
3084,68.469,311.325
3085,73.45,311.291
3086,78.503,307.394
3087,55.805,314.354
3088,59.453,316.068
3089,68.467,315.352
3090,73.392,315.349
3091,78.435,315.358
3092,56.479,319.411
3093,54.74,319.423
3094,53.19,320.068
3095,56.123,322.14
3096,53.866,321.67
3097,53.274,321.685
3098,53.241,323.439
3099,54.551,323.441
3100,56.554,323.464
3101,59.496,321.933
3102,64.495,318.357
3103,66.012,319.818
3104,68.522,319.572
3105,65.303,321.866
3106,66.879,321.568
3107,68.527,321.349
3108,63.533,323.354
3109,68.323,323.455
3110,66.903,323.396
3111,73.464,319.378
3112,71.347,319.402
3113,70.29,323.402
3114,75.177,321.765
3115,75.532,320.156
3116,80.377,319.36
3117,75.821,321.618
3118,80.157,324.38
3119,53.536,327.457
3120,59.558,327.442
3121,63.538,327.335
3122,68.561,325.416
3123,66.589,327.407
3124,68.59,329.386
3125,73.509,327.201
3126,80.066,328.417
3127,55.482,335.021
3128,59.451,333.419
3129,68.043,333.455
3130,73.511,332.438
3131,77.264,332.427
3132,79.997,332.447
3133,76.708,335.477
3134,80.921,335.277
3135,55.333,337.371
3136,53.498,337.427
3137,56.48,340.345
3138,53.488,340.427
3139,61.356,340.32
3140,65.217,339.357
3141,72.418,340.903
3142,75.436,337.794
3143,78.514,337.573
3144,75.974,340.487
3145,78.341,340.977
3146,53.722,346.35
3147,61.236,345.759
3148,55.904,351.496
3149,60.257,351.523
3150,55.978,356.519
3151,59.929,357.513
3152,52.556,361.96
3153,54.064,362.469
3154,56.777,361.442
3155,52.551,363.786
3156,54.065,363.974
3157,56.802,363.511
3158,52.56,365.513
3159,54.058,365.506
3160,57.004,365.528
3161,59.257,363.522
3162,54.484,368.543
3163,60.356,368.577
3164,56.509,375.062
3165,54.479,372.491
3166,56.486,377.464
3167,51.594,375.529
3168,60.561,375.032
3169,42.162,386.17
3170,51.593,383.51
3171,48.621,384.191
3172,48.13,386.224
3173,50.632,387.441
3174,43.685,390.467
3175,42.109,389.878
3176,45.139,391.704
3177,42.173,394.106
3178,47.635,391.167
3179,43.795,394.237
3180,42.169,397.108
3181,43.671,398.379
3182,41.191,398.4
3183,50.512,397.609
3184,43.593,400.623
3185,50.565,401.174
3186,52.034,379.494
3187,54.3,379.636
3188,56.639,379.589
3189,53.463,380.71
3190,56.746,381.505
3191,54.073,381.147
3192,51.646,383.967
3193,56.768,383.48
3194,54.888,383.534
3195,59.107,379.508
3196,60.568,379.506
3197,61.581,379.518
3198,58.757,381.511
3199,60.551,381.473
3200,61.569,381.523
3201,58.993,383.496
3202,60.534,383.502
3203,62.753,384.31
3204,53.168,384.972
3205,54.586,385.509
3206,56.59,385.514
3207,53.059,387.288
3208,54.568,387.512
3209,56.499,387.261
3210,53.083,389.012
3211,54.603,389.834
3212,56.582,389.84
3213,58.691,385.492
3214,60.556,385.513
3215,62.774,385.518
3216,58.457,387.724
3217,60.561,387.544
3218,62.082,388.015
3219,58.844,390.001
3220,60.552,390.005
3221,62.485,390.022
3222,51.668,391.062
3223,56.543,391.253
3224,54.569,396.445
3225,56.552,395.482
3226,59.066,391.539
3227,60.152,391.546
3228,62.105,391.619
3229,58.747,393.35
3230,60.143,393.307
3231,62.413,393.555
3232,59.387,396.448
3233,60.851,395.083
3234,62.578,395.332
3235,56.901,399.279
3236,54.522,397.961
3237,57.016,400.919
3238,53.525,401.003
3239,58.798,398.349
3240,60.49,397.553
3241,62.855,397.602
3242,58.631,399.556
3243,60.654,399.578
3244,62.674,399.57
3245,62.665,400.621
3246,60.651,401.966
3247,58.561,401.384
3248,151.636,316.232
3249,146.297,314.209
3250,139.836,314.107
3251,152.126,320.238
3252,145.676,319.142
3253,148.345,319.156
3254,145.601,321.431
3255,147.663,321.439
3256,139.802,317.142
3257,142.989,317.918
3258,138.682,319.113
3259,140.701,319.168
3260,142.173,319.276
3261,138.599,322.145
3262,140.626,322.148
3263,142.164,321.938
3264,150.58,324.233
3265,152.573,324.728
3266,150.092,326.232
3267,151.602,326.222
3268,150.54,328.219
3269,152.521,328.246
3270,144.59,324.166
3271,146.808,324.662
3272,148.111,323.704
3273,144.774,326.169
3274,146.785,326.67
3275,148.075,326.681
3276,144.574,328.106
3277,146.533,328.215
3278,148.548,328.241
3279,137.619,324.911
3280,140.568,324.165
3281,142.123,324.178
3282,137.613,326.176
3283,140.599,325.195
3284,142.355,326.041
3285,138.515,328.166
3286,140.553,328.157
3287,142.389,328.196
3288,150.487,330.24
3289,151.535,330.259
3290,150.458,332.436
3291,151.513,332.139
3292,150.451,334.462
3293,151.475,334.259
3294,144.479,330.417
3295,146.52,330.209
3296,148.515,330.209
3297,144.211,332.669
3298,146.462,332.677
3299,148.491,332.584
3300,144.418,334.682
3301,146.431,334.234
3302,148.438,334.24
3303,138.488,330.172
3304,140.537,329.599
3305,143.192,330.431
3306,138.056,332.177
3307,140.695,332.178
3308,142.966,331.958
3309,137.483,334.186
3310,139.953,334.179
3311,142.168,334.185
3312,150.377,336.293
3313,151.396,336.265
3314,150.319,338.172
3315,151.813,338.288
3316,149.996,340.392
3317,151.342,340.32
3318,143.911,336.221
3319,146.386,336.258
3320,148.433,335.764
3321,144.356,338.715
3322,146.366,338.266
3323,148.893,338.78
3324,148.324,340.253
3325,146.298,340.337
3326,144.315,340.346
3327,138.379,336.209
3328,142.389,336.229
3329,140.179,336.231
3330,137.873,337.78
3331,139.901,338.435
3332,142.368,338.238
3333,137.883,340.223
3334,140.336,340.22
3335,142.343,340.232
3336,150.263,341.715
3337,152.197,342.12
3338,144.483,342.146
3339,137.867,342.119
3340,141.996,342.528
3341,140.219,342.516
3342,137.414,344.319
3343,140.65,344.344
3344,137.622,346.229
3345,173.739,321.486
3346,169.739,321.394
3347,177.637,327.634
3348,169.658,326.438
3349,187.092,332.698
3350,180.677,332.642
3351,177.407,333.528
3352,169.535,331.487
3353,187.457,338.834
3354,179.357,337.426
3355,184.386,338.133
3356,180.845,340.705
3357,184.457,339.181
3358,174.285,337.309
3359,177.326,337.365
3360,174.265,340.401
3361,177.32,339.979
3362,169.124,336.831
3363,171.475,337.093
3364,169.085,340.155
3365,171.514,339.94
3366,186.091,343.244
3367,180.343,343.194
3368,184.319,343.216
3369,180.237,346.53
3370,184.945,346.264
3371,174.332,342.983
3372,177.28,342.554
3373,178.44,342.22
3374,174.006,344.122
3375,175.873,344.965
3376,178.487,343.557
3377,173.938,347.159
3378,175.915,347.062
3379,177.321,346.95
3380,169.189,342.499
3381,170.189,342.459
3382,171.45,341.612
3383,167.246,344.465
3384,169.222,344.488
3385,171.473,344.249
3386,168.193,346.47
3387,170.167,346.941
3388,171.744,345.943
3389,186.016,348.82
3390,185.732,351.787
3391,181.168,350.668
3392,175.122,349.476
3393,177.389,349.515
3394,174.167,351.535
3395,177.841,351.547
3396,168.179,348.513
3397,170.007,348.562
3398,172.388,347.84
3399,170.047,349.611
3400,172.1,350.731
3401,165.791,317.343
3402,162.753,320.344
3403,165.788,319.356
3404,162.743,321.395
3405,165.747,321.405
3406,158.198,321.296
3407,153.732,319.217
3408,153.683,321.438
3409,162.621,325.358
3410,167.09,326.407
3411,162.55,329.361
3412,165.863,326.444
3413,158.1,323.842
3414,160.58,324.882
3415,157.5,328.332
3416,160.515,329.338
3417,153.625,324.761
3418,153.811,328.256
3419,162.03,331.131
3420,163.815,330.218
3421,166.32,329.732
3422,162.511,332.394
3423,164.038,332.423
3424,166.514,331.477
3425,162.456,334.391
3426,166.089,334.18
3427,164.448,334.417
3428,155.562,329.318
3429,158.985,330.078
3430,160.493,330.813
3431,156.653,331.814
3432,158.94,332.601
3433,160.495,332.443
3434,155.95,334.018
3435,158.669,334.82
3436,160.445,334.352
3437,153.174,331.744
3438,154.213,334.738
3439,164.606,337.323
3440,161.951,336.355
3441,162.825,339.832
3442,165.188,340.91
3443,156.379,336.31
3444,158.626,336.332
3445,160.428,336.352
3446,156.364,338.075
3447,158.337,338.33
3448,160.344,338.353
3449,155.825,340.625
3450,158.308,339.845
3451,160.293,340.311
3452,152.403,336.279
3453,154.395,336.297
3454,153.293,338.263
3455,154.31,338.305
3456,152.768,340.207
3457,154.283,340.497
3458,163.137,342.395
3459,164.778,342.408
3460,163.182,345.186
3461,165.769,346.354
3462,158.411,342.839
3463,160.253,341.963
3464,155.811,342.077
3465,158.244,343.37
3466,160.399,343.788
3467,154.729,342.011
3468,97.45,403.815
3469,100.68,403.108
3470,97.391,405.884
3471,101.219,407.327
3472,102.886,403.188
3473,105.176,403.155
3474,106.835,402.899
3475,103.164,405.286
3476,104.64,405.613
3477,107.654,404.455
3478,103.615,407.163
3479,105.612,407.127
3480,106.866,407.159
3481,113.171,404.089
3482,109.939,403.53
3483,111.659,407.09
3484,109.339,407.133
3485,119.188,403.027
3486,117.441,402.612
3487,116.171,403.068
3488,119.151,405.017
3489,117.226,406.047
3490,114.224,405.494
3491,119.124,407.071
3492,117.428,407.097
3493,116.059,407.077
3494,120.801,403
3495,120.673,405.242
3496,120.636,407.042
3497,98.088,408.101
3498,100.578,408.111
3499,105.82,410.177
3500,110.825,411.413
3501,119.075,408.608
3502,117.682,408.623
3503,115.043,408.669
3504,119.055,411.079
3505,117.927,411.105
3506,115.985,411.141
3507,119.349,413.088
3508,117.962,413.132
3509,114.149,412.171
3510,120.718,409.293
3511,120.539,411.035
3512,121.172,413.087
3513,98.099,410.109
3514,101.084,410.122
3515,97.05,412.093
3516,100.377,413.081
3517,97.542,414.911
3518,98.225,414.801
3519,100.532,415.076
3520,97.363,416.563
3521,99.533,416.929
3522,100.572,416.81
3523,96.579,419.575
3524,98.504,419.27
3525,100.717,419.07
3526,104.397,415.387
3527,106.076,415.444
3528,103.051,418.388
3529,106.037,419.11
3530,109.055,414.952
3531,111.565,415.317
3532,109.029,419.136
3533,113.302,418.241
3534,118.897,415.092
3535,117.011,415.134
3536,116.008,415.167
3537,119.016,417.585
3538,117.004,417.591
3539,115.004,417.687
3540,119.007,418.929
3541,116.566,418.8
3542,115.006,418.853
3543,121.7,415.113
3544,121.041,417.127
3545,122.653,417.181
3546,122.076,419.271
3547,120.643,418.57
3548,97.99,421.091
3549,100.037,421.104
3550,97.549,423.873
3551,101.548,425.105
3552,103,421.156
3553,106.023,421.192
3554,103.411,424.174
3555,108.028,424.18
3556,110.76,422.202
3557,113.949,421.681
3558,110.995,424.23
3559,111.59,424.232
3560,118.181,421.29
3561,115.009,420.978
3562,117.925,424.164
3563,115.984,424.218
3564,120.752,421.122
3565,122.748,421.172
3566,122.034,422.646
3567,120.999,423.129
3568,120.023,424.274
3569,74.589,404.654
3570,83.111,404.562
3571,79.126,403.116
3572,78.637,406.742
3573,82.111,407.554
3574,89.089,403.566
3575,84.888,403.809
3576,89.062,406.43
3577,84.862,405.594
3578,95.122,403.551
3579,91.63,403.556
3580,95.119,406.536
3581,91.633,405.894
3582,73.924,410.663
3583,77.095,410.233
3584,73.824,412.94
3585,77.09,411.905
3586,78.611,408.152
3587,81.093,409.135
3588,82.142,409.152
3589,79.111,411.472
3590,81.575,411.238
3591,84.092,410.668
3592,78.117,412.137
3593,81.576,413.252
3594,84.075,413.084
3595,89.453,409.36
3596,87.104,408.423
3597,84.665,408.504
3598,88.674,410.77
3599,86.911,410.744
3600,85.105,410.686
3601,89.133,413.134
3602,87.991,413.375
3603,85.111,412.356
3604,93.619,409.074
3605,90.601,408.856
3606,93.516,413.061
3607,90.636,413.084
3608,73.885,417.388
3609,79.579,416.092
3610,82.652,416.125
3611,79.516,418.599
3612,82.536,418.47
3613,89.045,415.621
3614,85.892,415.642
3615,88.988,419.234
3616,84.073,418.005
3617,91.066,417.133
3618,73.481,420.105
3619,75,420.124
3620,77.233,421.955
3621,73.741,423.084
3622,75.266,423.134
3623,76.431,423.585
3624,77.111,425.204
3625,72.511,425.048
3626,75.518,425.293
3627,81.044,423.105
3628,88,422.645
3629,95.484,421.671
3630,91.056,421.422
3631,94.554,424.194
3632,90.104,425.013
