Commodity_SCTG,Commodity_SCTG_desc_short,Commodity_SCTG_desc_long,Category,Category2,Commodity_SCTG_Group,Commodity_SCTG_Group_desc,Commodity_SCTG_Group_range,Commodity_SCTG_Group_label
1,Live animals/fish,Live animals and live fish,Animals,Functional/Innovative,1,Agricultural Prod.,1-5,Agricultural Prod. (1-5)
2,Cereal grains,Cereal grains,Bulk natural resource (BNR),Functional,1,Agricultural Prod.,1-5,Agricultural Prod. (1-5)
3,Other ag prods.,Other agricultural products,Bulk natural resource (BNR),Functional/Innovative,1,Agricultural Prod.,1-5,Agricultural Prod. (1-5)
4,Animal feed,"Animal feed and products of animal origin, n.e.c.",Intermediate processed goods (IPG),Functional,1,Agricultural Prod.,1-5,Agricultural Prod. (1-5)
5,Meat/seafood,"Meat, fish, seafood, and their preparations",Finished goods (FG),Functional/Innovative,1,Agricultural Prod.,1-5,Agricultural Prod. (1-5)
6,Milled grain prods.,"Milled grain products and preparations, bakery products",Finished goods (FG),Functional,2,Processed Food,6-9,Processed Food (6-9)
7,Other foodstuffs,Other prepared foodstuffs and fats and oils,Finished goods (FG),Functional,2,Processed Food,6-9,Processed Food (6-9)
8,Alcoholic beverages,Alcoholic beverages,Finished goods (FG),Functional,2,Processed Food,6-9,Processed Food (6-9)
9,Tobacco prods.,Tobacco products,Finished goods (FG),Functional,2,Processed Food,6-9,Processed Food (6-9)
10,Building stone,Monumental or building stone,Bulk natural resource (BNR),Functional,3,"Stone, Minerals, and Ore",10-14,"Stone, Minerals, and Ore (10-14)"
11,Natural sands,Natural sands,Bulk natural resource (BNR),Functional,3,"Stone, Minerals, and Ore",10-14,"Stone, Minerals, and Ore (10-14)"
12,Gravel,Gravel and crushed stone,Bulk natural resource (BNR),Functional,3,"Stone, Minerals, and Ore",10-14,"Stone, Minerals, and Ore (10-14)"
13,Nonmetallic minerals,Nonmetallic minerals n.e.c.,Bulk natural resource (BNR),Functional,3,"Stone, Minerals, and Ore",10-14,"Stone, Minerals, and Ore (10-14)"
14,Metallic ores,Metallic ores and concentrates,Bulk natural resource (BNR),Functional,3,"Stone, Minerals, and Ore",10-14,"Stone, Minerals, and Ore (10-14)"
15,Coal,Coal,Bulk natural resource (BNR),Functional,4,Coal and Petroleum,15-19,Coal and Petroleum (15-19)
16,Crude petroleum,Crude Petroleum,Bulk natural resource (BNR),Functional,4,Coal and Petroleum,15-19,Coal and Petroleum (15-19)
17,Gasoline,Gasoline and aviation turbine fuel,Intermediate processed goods (IPG),Functional,4,Coal and Petroleum,15-19,Coal and Petroleum (15-19)
18,Fuel oils,Fuel oils,Intermediate processed goods (IPG),Functional,4,Coal and Petroleum,15-19,Coal and Petroleum (15-19)
19,Coal-n.e.c.,"Coal and petroleum products, n.e.c. ",Bulk natural resource (BNR),Functional,4,Coal and Petroleum,15-19,Coal and Petroleum (15-19)
20,Basic chemicals,Basic chemicals,Intermediate processed goods (IPG),Functional,5,Chemicals,20-24,Chemicals (20-24)
21,Pharmaceuticals,Pharmaceutical products,Finished goods (FG),Functional/Innovative,5,Chemicals,20-24,Chemicals (20-24)
22,Fertilizers,Fertilizers,Intermediate processed goods (IPG),Functional,5,Chemicals,20-24,Chemicals (20-24)
23,Chemical prods.,"Chemical products and preparations, n.e.c.",Intermediate processed goods (IPG),Innovative,5,Chemicals,20-24,Chemicals (20-24)
24,Plastics/rubber,Plastics and rubber,Intermediate processed goods (IPG),Functional,5,Chemicals,20-24,Chemicals (20-24)
25,Logs,Logs and other wood in the rough,Bulk natural resource (BNR),Functional,6,"Wood, Paper, and Textiles",25-30,"Wood, Paper, and Textiles (25-30)"
26,Wood prods.,Wood products,Intermediate processed goods (IPG),Functional,6,"Wood, Paper, and Textiles",25-30,"Wood, Paper, and Textiles (25-30)"
27,Newsprint/paper,"Pulp, newsprint, paper, and paperboard",Intermediate processed goods (IPG),Functional,6,"Wood, Paper, and Textiles",25-30,"Wood, Paper, and Textiles (25-30)"
28,Paper articles,Paper or paperboard articles,Intermediate processed goods (IPG),Functional/Innovative,6,"Wood, Paper, and Textiles",25-30,"Wood, Paper, and Textiles (25-30)"
29,Printed prods.,Printed products,Finished goods (FG),Functional,6,"Wood, Paper, and Textiles",25-30,"Wood, Paper, and Textiles (25-30)"
30,Textiles/leather,"Textiles, leather, and articles of textiles or leather",Finished goods (FG),Functional/Innovative,6,"Wood, Paper, and Textiles",25-30,"Wood, Paper, and Textiles (25-30)"
31,Nonmetal min. prods.,Nonmetallic mineral products,Finished goods (FG),Functional/Innovative,7,Basic Manufactured Prod.,31-34,Basic Manufactured Prod. (31-34)
32,Base metals,Base metal in primary or semi-finished forms and in finished basic shapes,Intermediate processed goods (IPG),Functional,7,Basic Manufactured Prod.,31-34,Basic Manufactured Prod. (31-34)
33,Articles-base metal,Articles of base metal,Intermediate processed goods (IPG),Functional,7,Basic Manufactured Prod.,31-34,Basic Manufactured Prod. (31-34)
34,Machinery,Machinery,Finished goods (FG),Functional/Innovative,7,Basic Manufactured Prod.,31-34,Basic Manufactured Prod. (31-34)
35,Electronics,Electronic and other electrical equipment and components and office equipment,Finished goods (FG),Innovative,8,Complex Manufactured Prod,35-38,Complex Manufactured Prod (35-38)
36,Motorized vehicles,Motorized and other vehicles (including parts),Finished goods (FG),Innovative,8,Complex Manufactured Prod,35-38,Complex Manufactured Prod (35-38)
37,Transport equip.,"Transportation equipment, n.e.c.",Finished goods (FG),Functional,8,Complex Manufactured Prod,35-38,Complex Manufactured Prod (35-38)
38,Precision instruments,Precision instruments and apparatus,Finished goods (FG),Innovative,8,Complex Manufactured Prod,35-38,Complex Manufactured Prod (35-38)
39,Furniture,"Furniture, mattresses and mattress supports, lamps, lighting fittings, and illuminated signs",Finished goods (FG),Functional/Innovative,9,Other/Mixed Freight,39-43,Other/Mixed Freight (39-43)
40,Misc. mfg. prods.,Miscellaneous manufactured products,Finished goods (FG),Innovative,9,Other/Mixed Freight,39-43,Other/Mixed Freight (39-43)
41,Waste/scrap,Waste and scrap,Other,Functional,9,Other/Mixed Freight,39-43,Other/Mixed Freight (39-43)
43,Mixed freight,Mixed freight,Finished goods (FG),Functional/Innovative,9,Other/Mixed Freight,39-43,Other/Mixed Freight (39-43)
99,Unknown,Commodity unknown,Other,Functional,9,Other/Mixed Freight,39-43,Other/Mixed Freight (39-43)
