Industry_NAICS6_CBP,FAFZONE,CBPZONE,employment,establishment,e1,e2,e3,e4,e5,e6,e7,e8
111110,11,1,125,42,41,1,0,0,0,0,0,0
111130,11,1,162,58,58,0,0,0,0,0,0,0
111211,11,1,351,165,163,2,0,0,0,0,0,0
111310,11,1,362,205,203,2,0,0,0,0,0,0
111411,11,1,1164,121,102,15,4,0,0,0,0,0
111920,11,1,46,15,15,0,0,0,0,0,0,0
111930,11,1,1804,983,968,13,2,0,0,0,0,0
112111,11,1,3651,2008,1994,12,1,1,0,0,0,0
112120,11,1,8,6,6,0,0,0,0,0,0,0
112210,11,1,106,43,42,1,0,0,0,0,0,0
112310,11,1,1456,599,599,0,0,0,0,0,0,0
112410,11,1,407,224,222,2,0,0,0,0,0,0
112511,11,1,1650,590,580,6,4,0,0,0,0,0
111110,12,2,32,15,15,0,0,0,0,0,0,0
111130,12,2,74,28,28,0,0,0,0,0,0,0
111211,12,2,143,78,77,1,0,0,0,0,0,0
111310,12,2,477,204,200,4,0,0,0,0,0,0
111411,12,2,1223,139,120,14,5,0,0,0,0,0
111920,12,2,23,9,9,0,0,0,0,0,0,0
111930,12,2,664,275,269,4,2,0,0,0,0,0
112111,12,2,745,478,476,2,0,0,0,0,0,0
112120,12,2,13,1,1,0,0,0,0,0,0,0
112210,12,2,32,6,5,1,0,0,0,0,0,0
112310,12,2,224,90,90,0,0,0,0,0,0,0
112410,12,2,116,50,49,1,0,0,0,0,0,0
112511,12,2,427,137,132,4,1,0,0,0,0,0
111110,19,3,877,481,479,2,0,0,0,0,0,0
111130,19,3,1358,678,671,7,0,0,0,0,0,0
111211,19,3,2164,742,723,16,3,0,0,0,0,0
111310,19,3,2228,998,988,8,2,0,0,0,0,0
111411,19,3,3014,472,429,37,6,0,0,0,0,0
111920,19,3,942,413,411,2,0,0,0,0,0,0
111930,19,3,14611,7716,7588,111,17,0,0,0,0,0
112111,19,3,21889,12613,12524,81,4,4,0,0,0,0
112120,19,3,74,26,26,0,0,0,0,0,0,0
112210,19,3,295,135,132,3,0,0,0,0,0,0
112310,19,3,6278,2675,2675,0,0,0,0,0,0,0
112410,19,3,2112,1215,1208,7,0,0,0,0,0,0
112511,19,3,5352,2629,2594,25,10,0,0,0,0,0
111110,20,4,1,1,1,0,0,0,0,0,0,0
111130,20,4,1,1,1,0,0,0,0,0,0,0
111211,20,4,450,167,165,1,1,0,0,0,0,0
111310,20,4,61,52,52,0,0,0,0,0,0,0
111411,20,4,1127,329,322,6,0,1,0,0,0,0
111930,20,4,527,224,224,0,0,0,0,0,0,0
112111,20,4,168,78,76,2,0,0,0,0,0,0
112112,20,4,1,1,1,0,0,0,0,0,0,0
112120,20,4,12,7,7,0,0,0,0,0,0,0
112210,20,4,47,19,19,0,0,0,0,0,0,0
112310,20,4,108,68,67,1,0,0,0,0,0,0
112410,20,4,78,41,41,0,0,0,0,0,0,0
112511,20,4,946,185,171,12,2,0,0,0,0,0
111110,41,5,140,32,29,3,0,0,0,0,0,0
111130,41,5,147,45,43,2,0,0,0,0,0,0
111211,41,5,1175,66,56,1,9,0,0,0,0,0
111310,41,5,911,196,183,12,1,0,0,0,0,0
111411,41,5,1015,97,78,19,0,0,0,0,0,0
111920,41,5,481,67,60,7,0,0,0,0,0,0
111930,41,5,1125,354,333,21,0,0,0,0,0,0
112111,41,5,560,330,327,3,0,0,0,0,0,0
112112,41,5,5,5,5,0,0,0,0,0,0,0
112120,41,5,1509,48,20,28,0,0,0,0,0,0
112210,41,5,26,20,20,0,0,0,0,0,0,0
112310,41,5,126,111,111,0,0,0,0,0,0,0
112410,41,5,99,82,82,0,0,0,0,0,0,0
112511,41,5,1413,792,785,6,1,0,0,0,0,0
111110,42,6,1,1,1,0,0,0,0,0,0,0
111130,42,6,6,2,2,0,0,0,0,0,0,0
111211,42,6,35,31,31,0,0,0,0,0,0,0
111310,42,6,296,25,23,0,2,0,0,0,0,0
111411,42,6,184,30,27,3,0,0,0,0,0,0
111920,42,6,19,5,5,0,0,0,0,0,0,0
111930,42,6,140,40,38,2,0,0,0,0,0,0
112111,42,6,233,98,95,3,0,0,0,0,0,0
112120,42,6,108,2,0,2,0,0,0,0,0,0
112210,42,6,6,6,6,0,0,0,0,0,0,0
112310,42,6,35,34,34,0,0,0,0,0,0,0
112410,42,6,37,27,27,0,0,0,0,0,0,0
112511,42,6,295,177,176,1,0,0,0,0,0,0
111110,49,7,184,83,81,2,0,0,0,0,0,0
111130,49,7,287,115,109,6,0,0,0,0,0,0
111211,49,7,5756,789,740,13,36,0,0,0,0,0
111310,49,7,2540,605,579,19,7,0,0,0,0,0
111411,49,7,1252,103,77,26,0,0,0,0,0,0
111920,49,7,262,34,29,5,0,0,0,0,0,0
111930,49,7,3903,955,880,75,0,0,0,0,0,0
112111,49,7,8285,4133,4081,48,3,1,0,0,0,0
112112,49,7,30,15,15,0,0,0,0,0,0,0
112120,49,7,474,18,9,9,0,0,0,0,0,0
112210,49,7,124,57,56,1,0,0,0,0,0,0
112310,49,7,1136,160,158,0,0,2,0,0,0,0
112410,49,7,6087,4809,4802,7,0,0,0,0,0,0
112511,49,7,4236,2111,2097,11,1,1,1,0,0,0
111110,50,8,4798,1304,1302,2,0,0,0,0,0,0
111130,50,8,6906,1867,1866,1,0,0,0,0,0,0
111211,50,8,2393,745,724,14,7,0,0,0,0,0
111310,50,8,1535,574,557,16,1,0,0,0,0,0
111411,50,8,1123,239,222,15,2,0,0,0,0,0
111920,50,8,1056,292,292,0,0,0,0,0,0,0
111930,50,8,11524,7081,7059,17,3,2,0,0,0,0
112111,50,8,30974,17790,17658,122,10,0,0,0,0,0
112120,50,8,195,39,39,0,0,0,0,0,0,0
112210,50,8,892,249,232,17,0,0,0,0,0,0
112310,50,8,8052,3420,3420,0,0,0,0,0,0,0
112410,50,8,2359,1362,1354,8,0,0,0,0,0,0
112511,50,8,6828,3085,3037,37,9,2,0,0,0,0
111110,61,9,60,11,10,1,0,0,0,0,0,0
111130,61,9,11,3,3,0,0,0,0,0,0,0
111211,61,9,6657,300,204,96,0,0,0,0,0,0
111310,61,9,23743,3050,2670,380,0,0,0,0,0,0
111411,61,9,7884,672,576,63,33,0,0,0,0,0
111930,61,9,1457,341,322,19,0,0,0,0,0,0
112111,61,9,386,263,262,1,0,0,0,0,0,0
112112,61,9,4,3,3,0,0,0,0,0,0,0
112120,61,9,1099,44,5,39,0,0,0,0,0,0
112210,61,9,31,31,31,0,0,0,0,0,0,0
112310,61,9,979,192,181,11,0,0,0,0,0,0
112410,61,9,262,160,159,1,0,0,0,0,0,0
112511,61,9,2378,899,874,22,3,0,0,0,0,0
111110,62,10,539,189,187,2,0,0,0,0,0,0
111130,62,10,893,208,202,6,0,0,0,0,0,0
111211,62,10,8685,376,249,127,0,0,0,0,0,0
111310,62,10,17440,2167,1887,280,0,0,0,0,0,0
111411,62,10,5378,381,307,53,21,0,0,0,0,0
111930,62,10,1589,385,362,23,0,0,0,0,0,0
112111,62,10,2695,1042,1019,23,0,0,0,0,0,0
112112,62,10,107,11,9,2,0,0,0,0,0,0
112120,62,10,405,18,4,14,0,0,0,0,0,0
112210,62,10,150,89,88,1,0,0,0,0,0,0
112310,62,10,971,291,283,8,0,0,0,0,0,0
112410,62,10,931,472,463,9,0,0,0,0,0,0
112511,62,10,2226,851,825,23,3,0,0,0,0,0
111110,63,11,36,6,5,1,0,0,0,0,0,0
111130,63,11,41,7,6,1,0,0,0,0,0,0
111211,63,11,1690,113,85,28,0,0,0,0,0,0
111310,63,11,19876,2488,2165,323,0,0,0,0,0,0
111411,63,11,9625,664,535,88,41,0,0,0,0,0
111930,63,11,408,106,98,8,0,0,0,0,0,0
112111,63,11,184,130,129,1,0,0,0,0,0,0
112120,63,11,121,7,4,3,0,0,0,0,0,0
112210,63,11,17,10,10,0,0,0,0,0,0,0
112310,63,11,382,77,72,5,0,0,0,0,0,0
112410,63,11,95,69,69,0,0,0,0,0,0,0
112511,63,11,994,354,342,11,1,0,0,0,0,0
111110,64,12,40,11,11,0,0,0,0,0,0,0
111130,64,12,75,26,26,0,0,0,0,0,0,0
111211,64,12,10379,493,338,155,0,0,0,0,0,0
111310,64,12,41906,4937,4263,674,0,0,0,0,0,0
111411,64,12,7236,625,528,69,28,0,0,0,0,0
111930,64,12,1607,338,315,23,0,0,0,0,0,0
112111,64,12,2400,1009,991,18,0,0,0,0,0,0
112112,64,12,87,29,28,1,0,0,0,0,0,0
112120,64,12,1510,70,22,48,0,0,0,0,0,0
112210,64,12,153,38,36,2,0,0,0,0,0,0
112310,64,12,985,200,186,14,0,0,0,0,0,0
112410,64,12,800,325,321,3,1,0,0,0,0,0
112511,64,12,2129,772,755,12,5,0,0,0,0,0
111110,69,13,1688,421,410,11,0,0,0,0,0,0
111130,69,13,1980,548,540,8,0,0,0,0,0,0
111211,69,13,34200,1585,1074,511,0,0,0,0,0,0
111310,69,13,140875,18379,16104,2275,0,0,0,0,0,0
111411,69,13,13708,1061,878,125,58,0,0,0,0,0
111920,69,13,813,137,132,5,0,0,0,0,0,0
111930,69,13,15165,3316,3098,218,0,0,0,0,0,0
112111,69,13,14745,6202,6052,150,0,0,0,0,0,0
112112,69,13,819,116,102,14,0,0,0,0,0,0
112120,69,13,16284,771,226,545,0,0,0,0,0,0
112210,69,13,477,206,204,1,1,0,0,0,0,0
112310,69,13,2939,708,672,36,0,0,0,0,0,0
112410,69,13,2943,1383,1358,23,2,0,0,0,0,0
112511,69,13,8411,2948,2863,68,17,0,0,0,0,0
111110,81,14,538,234,232,2,0,0,0,0,0,0
111130,81,14,647,318,316,2,0,0,0,0,0,0
111211,81,14,1484,195,168,27,0,0,0,0,0,0
111310,81,14,134,88,88,0,0,0,0,0,0,0
111411,81,14,1898,327,303,21,3,0,0,0,0,0
111930,81,14,5086,2725,2704,20,1,0,0,0,0,0
112111,81,14,6210,2855,2809,37,9,0,0,0,0,0
112112,81,14,270,38,29,9,0,0,0,0,0,0
112120,81,14,1397,77,41,36,0,0,0,0,0,0
112210,81,14,428,123,119,4,0,0,0,0,0,0
112310,81,14,1800,500,491,5,0,4,0,0,0,0
112410,81,14,711,490,488,2,0,0,0,0,0,0
112511,81,14,4813,1976,1957,12,5,2,0,0,0,0
111110,89,15,2130,976,970,6,0,0,0,0,0,0
111130,89,15,3254,1293,1276,17,0,0,0,0,0,0
111211,89,15,4181,589,506,83,0,0,0,0,0,0
111310,89,15,2695,696,669,24,2,1,0,0,0,0
111411,89,15,3263,492,456,31,5,0,0,0,0,0
111930,89,15,15565,8702,8651,45,6,0,0,0,0,0
112111,89,15,15195,7125,7032,74,19,0,0,0,0,0
112112,89,15,1370,180,128,52,0,0,0,0,0,0
112120,89,15,1665,101,62,39,0,0,0,0,0,0
112210,89,15,912,209,200,9,0,0,0,0,0,0
112310,89,15,1356,744,739,2,2,1,0,0,0,0
112410,89,15,2694,959,940,13,6,0,0,0,0,0
112511,89,15,7809,4044,4018,21,4,1,0,0,0,0
111110,91,16,49,31,31,0,0,0,0,0,0,0
111130,91,16,46,33,33,0,0,0,0,0,0,0
111211,91,16,1093,252,238,13,1,0,0,0,0,0
111310,91,16,993,180,175,4,0,1,0,0,0,0
111411,91,16,2720,363,336,17,10,0,0,0,0,0
111910,91,16,1083,35,21,12,2,0,0,0,0,0
111930,91,16,1222,511,508,2,1,0,0,0,0,0
112111,91,16,425,202,198,4,0,0,0,0,0,0
112112,91,16,4,2,2,0,0,0,0,0,0,0
112120,91,16,239,39,35,4,0,0,0,0,0,0
112210,91,16,76,38,38,0,0,0,0,0,0,0
112310,91,16,323,131,130,0,1,0,0,0,0,0
112410,91,16,182,105,104,1,0,0,0,0,0,0
112511,91,16,1121,353,342,11,0,0,0,0,0,0
111110,92,17,22,7,7,0,0,0,0,0,0,0
111130,92,17,35,9,9,0,0,0,0,0,0,0
111211,92,17,574,218,211,7,0,0,0,0,0,0
111310,92,17,718,160,153,7,0,0,0,0,0,0
111411,92,17,2426,350,322,20,8,0,0,0,0,0
111930,92,17,1446,432,425,3,4,0,0,0,0,0
112111,92,17,348,159,156,3,0,0,0,0,0,0
112120,92,17,277,29,23,6,0,0,0,0,0,0
112210,92,17,63,27,27,0,0,0,0,0,0,0
112310,92,17,353,140,139,0,1,0,0,0,0,0
112410,92,17,126,78,78,0,0,0,0,0,0,0
112511,92,17,702,370,366,4,0,0,0,0,0,0
111110,99,18,23,9,9,0,0,0,0,0,0,0
111130,99,18,21,15,15,0,0,0,0,0,0,0
111211,99,18,264,77,75,2,0,0,0,0,0,0
111310,99,18,164,48,47,1,0,0,0,0,0,0
111411,99,18,781,100,95,1,4,0,0,0,0,0
111930,99,18,463,145,143,1,1,0,0,0,0,0
112111,99,18,96,91,91,0,0,0,0,0,0,0
112112,99,18,2,2,2,0,0,0,0,0,0,0
112120,99,18,128,22,20,2,0,0,0,0,0,0
112210,99,18,27,22,22,0,0,0,0,0,0,0
112310,99,18,34,33,33,0,0,0,0,0,0,0
112410,99,18,169,63,60,3,0,0,0,0,0,0
112511,99,18,949,177,171,5,0,1,0,0,0,0
111110,100,19,599,277,276,1,0,0,0,0,0,0
111130,100,19,913,396,393,3,0,0,0,0,0,0
111211,100,19,648,72,63,9,0,0,0,0,0,0
111310,100,19,101,40,40,0,0,0,0,0,0,0
111411,100,19,413,71,66,3,2,0,0,0,0,0
111930,100,19,572,204,198,6,0,0,0,0,0,0
112111,100,19,147,99,99,0,0,0,0,0,0,0
112112,100,19,1,1,1,0,0,0,0,0,0,0
112120,100,19,67,11,11,0,0,0,0,0,0,0
112210,100,19,23,20,20,0,0,0,0,0,0,0
112310,100,19,1300,624,624,0,0,0,0,0,0,0
112410,100,19,183,50,50,0,0,0,0,0,0,0
112511,100,19,686,293,289,3,1,0,0,0,0,0
111110,121,21,6,4,4,0,0,0,0,0,0,0
111130,121,21,6,6,6,0,0,0,0,0,0,0
111211,121,21,1487,74,54,12,8,0,0,0,0,0
111310,121,21,165,78,78,0,0,0,0,0,0,0
111411,121,21,839,112,99,12,1,0,0,0,0,0
111930,121,21,154,120,120,0,0,0,0,0,0,0
112111,121,21,1043,649,645,4,0,0,0,0,0,0
112210,121,21,92,29,28,1,0,0,0,0,0,0
112310,121,21,274,109,105,4,0,0,0,0,0,0
112410,121,21,185,112,111,1,0,0,0,0,0,0
112511,121,21,606,246,239,6,1,0,0,0,0,0
111110,122,22,19,6,6,0,0,0,0,0,0,0
111130,122,22,13,7,7,0,0,0,0,0,0,0
111211,122,22,2837,165,123,29,13,0,0,0,0,0
111310,122,22,7956,1743,1677,44,22,0,0,0,0,0
111411,122,22,11956,1343,1155,152,36,0,0,0,0,0
111930,122,22,227,158,157,1,0,0,0,0,0,0
112111,122,22,651,204,199,4,0,1,0,0,0,0
112120,122,22,62,7,6,1,0,0,0,0,0,0
112210,122,22,3,3,3,0,0,0,0,0,0,0
112310,122,22,332,185,181,4,0,0,0,0,0,0
112410,122,22,133,101,101,0,0,0,0,0,0,0
112511,122,22,1898,768,738,29,1,0,0,0,0,0
111110,123,23,1,1,1,0,0,0,0,0,0,0
111130,123,23,4,2,2,0,0,0,0,0,0,0
111211,123,23,1405,97,76,17,4,0,0,0,0,0
111310,123,23,1980,539,521,15,3,0,0,0,0,0
111411,123,23,7608,903,777,106,20,0,0,0,0,0
111910,123,23,31,1,0,1,0,0,0,0,0,0
111930,123,23,675,403,398,5,0,0,0,0,0,0
112111,123,23,3962,2044,2018,25,0,1,0,0,0,0
112120,123,23,152,10,6,4,0,0,0,0,0,0
112210,123,23,72,50,50,0,0,0,0,0,0,0
112310,123,23,501,229,223,6,0,0,0,0,0,0
112410,123,23,520,277,274,3,0,0,0,0,0,0
112511,123,23,2675,866,836,25,5,0,0,0,0,0
111110,124,24,11,7,7,0,0,0,0,0,0,0
111130,124,24,21,9,9,0,0,0,0,0,0,0
111211,124,24,1209,82,65,13,4,0,0,0,0,0
111310,124,24,1529,415,405,5,5,0,0,0,0,0
111411,124,24,3909,457,391,58,8,0,0,0,0,0
111930,124,24,653,319,312,7,0,0,0,0,0,0
112111,124,24,3395,1761,1741,18,1,1,0,0,0,0
112120,124,24,149,8,5,3,0,0,0,0,0,0
112210,124,24,102,37,36,1,0,0,0,0,0,0
112310,124,24,415,174,169,5,0,0,0,0,0,0
112410,124,24,322,193,192,1,0,0,0,0,0,0
112511,124,24,1582,596,579,15,2,0,0,0,0,0
111110,129,25,177,109,109,0,0,0,0,0,0,0
111130,129,25,250,152,152,0,0,0,0,0,0,0
111211,129,25,11435,823,657,118,48,0,0,0,0,0
111310,129,25,13284,3471,3361,80,30,0,0,0,0,0
111411,129,25,18036,2079,1787,238,54,0,0,0,0,0
111910,129,25,47,5,4,1,0,0,0,0,0,0
111920,129,25,158,92,92,0,0,0,0,0,0,0
111930,129,25,7479,4247,4199,48,0,0,0,0,0,0
112111,129,25,20903,10371,10239,122,6,4,0,0,0,0
112120,129,25,1381,107,76,31,0,0,0,0,0,0
112210,129,25,612,251,246,5,0,0,0,0,0,0
112310,129,25,3086,1094,1046,48,0,0,0,0,0,0
112410,129,25,2070,1305,1300,5,0,0,0,0,0,0
112511,129,25,13494,4888,4722,151,15,0,0,0,0,0
111110,131,26,74,37,37,0,0,0,0,0,0,0
111130,131,26,83,45,45,0,0,0,0,0,0,0
111211,131,26,2269,269,237,21,11,0,0,0,0,0
111310,131,26,1186,393,383,10,0,0,0,0,0,0
111411,131,26,1651,295,275,18,2,0,0,0,0,0
111920,131,26,42,12,12,0,0,0,0,0,0,0
111930,131,26,3696,1755,1700,55,0,0,0,0,0,0
112111,131,26,5519,2713,2684,27,2,0,0,0,0,0
112120,131,26,152,26,24,2,0,0,0,0,0,0
112210,131,26,55,47,47,0,0,0,0,0,0,0
112310,131,26,1702,749,749,0,0,0,0,0,0,0
112410,131,26,700,399,395,4,0,0,0,0,0,0
112511,131,26,2605,1162,1146,14,1,0,1,0,0,0
111110,132,27,4,4,4,0,0,0,0,0,0,0
111130,132,27,19,9,9,0,0,0,0,0,0,0
111211,132,27,232,18,16,0,2,0,0,0,0,0
111310,132,27,152,41,39,2,0,0,0,0,0,0
111411,132,27,347,28,22,6,0,0,0,0,0,0
111920,132,27,41,13,13,0,0,0,0,0,0,0
111930,132,27,355,128,123,5,0,0,0,0,0,0
112111,132,27,124,89,89,0,0,0,0,0,0,0
112120,132,27,5,2,2,0,0,0,0,0,0,0
112210,132,27,2,2,2,0,0,0,0,0,0,0
112310,132,27,129,53,53,0,0,0,0,0,0,0
112410,132,27,53,47,47,0,0,0,0,0,0,0
112511,132,27,177,66,63,3,0,0,0,0,0,0
111110,139,28,840,423,422,1,0,0,0,0,0,0
111130,139,28,1012,531,531,0,0,0,0,0,0,0
111211,139,28,5444,822,747,51,24,0,0,0,0,0
111310,139,28,13161,3556,3456,92,8,0,0,0,0,0
111411,139,28,4750,748,694,42,12,0,0,0,0,0
111910,139,28,114,13,11,2,0,0,0,0,0,0
111920,139,28,3118,1140,1140,0,0,0,0,0,0,0
111930,139,28,20141,8949,8638,311,0,0,0,0,0,0
112111,139,28,14521,7918,7870,45,3,0,0,0,0,0
112112,139,28,1,1,1,0,0,0,0,0,0,0
112120,139,28,1161,164,150,14,0,0,0,0,0,0
112210,139,28,546,196,188,8,0,0,0,0,0,0
112310,139,28,6496,2863,2863,0,0,0,0,0,0,0
112410,139,28,2160,1249,1239,10,0,0,0,0,0,0
112511,139,28,5241,2289,2252,31,3,3,0,0,0,0
111110,151,29,34,2,1,1,0,0,0,0,0,0
111130,151,29,264,2,0,0,2,0,0,0,0,0
111211,151,29,747,229,220,8,1,0,0,0,0,0
111310,151,29,651,282,279,2,1,0,0,0,0,0
111411,151,29,940,283,276,7,0,0,0,0,0,0
111930,151,29,57,33,33,0,0,0,0,0,0,0
112111,151,29,43,32,32,0,0,0,0,0,0,0
112210,151,29,26,20,20,0,0,0,0,0,0,0
112310,151,29,28,28,28,0,0,0,0,0,0,0
112410,151,29,31,16,16,0,0,0,0,0,0,0
112511,151,29,243,75,74,0,1,0,0,0,0,0
111110,159,30,133,2,1,0,1,0,0,0,0,0
111130,159,30,403,6,3,0,3,0,0,0,0,0
111211,159,30,1693,532,508,22,2,0,0,0,0,0
111310,159,30,6252,2406,2367,30,5,4,0,0,0,0
111411,159,30,2757,886,864,21,1,0,0,0,0,0
111930,159,30,497,223,219,4,0,0,0,0,0,0
112111,159,30,2049,770,750,18,2,0,0,0,0,0
112112,159,30,2,2,2,0,0,0,0,0,0,0
112120,159,30,17,13,13,0,0,0,0,0,0,0
112210,159,30,81,48,48,0,0,0,0,0,0,0
112310,159,30,343,109,106,1,2,0,0,0,0,0
112410,159,30,601,310,309,0,1,0,0,0,0,0
112511,159,30,954,260,252,5,3,0,0,0,0,0
111110,160,31,2220,678,670,8,0,0,0,0,0,0
111130,160,31,3432,1003,993,10,0,0,0,0,0,0
111211,160,31,10983,767,589,178,0,0,0,0,0,0
111310,160,31,1988,401,392,6,2,0,1,0,0,0
111411,160,31,3518,555,528,25,2,0,0,0,0,0
111930,160,31,21021,7395,7218,177,0,0,0,0,0,0
112111,160,31,16115,6883,6772,91,20,0,0,0,0,0
112112,160,31,760,132,114,18,0,0,0,0,0,0
112120,160,31,7718,334,151,183,0,0,0,0,0,0
112210,160,31,527,179,175,3,1,0,0,0,0,0
112310,160,31,1722,601,595,4,0,2,0,0,0,0
112410,160,31,2828,1092,1072,14,5,1,0,0,0,0
112511,160,31,7058,2857,2807,45,3,2,0,0,0,0
111110,171,17031,10,8,8,0,0,0,0,0,0,0
111110,171,17037,402,199,199,0,0,0,0,0,0,0
111110,171,17043,1,1,1,0,0,0,0,0,0,0
111110,171,17063,282,143,143,0,0,0,0,0,0,0
111110,171,17089,169,105,105,0,0,0,0,0,0,0
111110,171,17091,331,215,215,0,0,0,0,0,0,0
111110,171,17093,153,90,90,0,0,0,0,0,0,0
111110,171,17097,23,17,17,0,0,0,0,0,0,0
111110,171,17111,184,103,103,0,0,0,0,0,0,0
111110,171,17197,289,179,179,0,0,0,0,0,0,0
111130,171,17031,26,14,14,0,0,0,0,0,0,0
111130,171,17037,464,301,301,0,0,0,0,0,0,0
111130,171,17063,294,171,171,0,0,0,0,0,0,0
111130,171,17089,233,131,131,0,0,0,0,0,0,0
111130,171,17091,505,273,273,0,0,0,0,0,0,0
111130,171,17093,225,127,127,0,0,0,0,0,0,0
111130,171,17097,52,29,29,0,0,0,0,0,0,0
111130,171,17111,214,121,121,0,0,0,0,0,0,0
111130,171,17197,428,223,223,0,0,0,0,0,0,0
111211,171,17031,161,19,18,0,1,0,0,0,0,0
111211,171,17037,21,13,13,0,0,0,0,0,0,0
111211,171,17043,42,8,7,1,0,0,0,0,0,0
111211,171,17063,1,1,1,0,0,0,0,0,0,0
111211,171,17089,366,35,31,2,2,0,0,0,0,0
111211,171,17091,15,13,13,0,0,0,0,0,0,0
111211,171,17093,16,11,11,0,0,0,0,0,0,0
111211,171,17097,17,13,13,0,0,0,0,0,0,0
111211,171,17111,38,33,33,0,0,0,0,0,0,0
111211,171,17197,44,26,26,0,0,0,0,0,0,0
111310,171,17031,11,7,7,0,0,0,0,0,0,0
111310,171,17037,34,13,12,1,0,0,0,0,0,0
111310,171,17063,5,2,2,0,0,0,0,0,0,0
111310,171,17089,14,5,5,0,0,0,0,0,0,0
111310,171,17091,9,7,7,0,0,0,0,0,0,0
111310,171,17093,17,12,12,0,0,0,0,0,0,0
111310,171,17097,30,14,14,0,0,0,0,0,0,0
111310,171,17111,145,29,28,1,0,0,0,0,0,0
111310,171,17197,147,28,27,1,0,0,0,0,0,0
111411,171,17031,94,29,28,1,0,0,0,0,0,0
111411,171,17037,54,14,13,1,0,0,0,0,0,0
111411,171,17043,31,14,14,0,0,0,0,0,0,0
111411,171,17063,19,6,6,0,0,0,0,0,0,0
111411,171,17089,173,32,30,2,0,0,0,0,0,0
111411,171,17091,285,23,20,2,1,0,0,0,0,0
111411,171,17093,245,22,19,2,1,0,0,0,0,0
111411,171,17097,286,36,33,2,1,0,0,0,0,0
111411,171,17111,644,92,84,7,1,0,0,0,0,0
111411,171,17197,318,30,27,2,1,0,0,0,0,0
111930,171,17031,21,21,21,0,0,0,0,0,0,0
111930,171,17037,173,132,132,0,0,0,0,0,0,0
111930,171,17043,3,3,3,0,0,0,0,0,0,0
111930,171,17063,85,70,70,0,0,0,0,0,0,0
111930,171,17089,71,57,57,0,0,0,0,0,0,0
111930,171,17091,123,120,120,0,0,0,0,0,0,0
111930,171,17093,59,53,53,0,0,0,0,0,0,0
111930,171,17097,54,34,33,1,0,0,0,0,0,0
111930,171,17111,111,96,96,0,0,0,0,0,0,0
111930,171,17197,149,117,117,0,0,0,0,0,0,0
112111,171,17031,3,3,3,0,0,0,0,0,0,0
112111,171,17037,78,35,34,1,0,0,0,0,0,0
112111,171,17063,27,10,10,0,0,0,0,0,0,0
112111,171,17089,34,22,22,0,0,0,0,0,0,0
112111,171,17091,38,27,27,0,0,0,0,0,0,0
112111,171,17093,13,12,12,0,0,0,0,0,0,0
112111,171,17097,3,3,3,0,0,0,0,0,0,0
112111,171,17111,186,56,55,1,0,0,0,0,0,0
112111,171,17197,19,15,15,0,0,0,0,0,0,0
112112,171,17037,9,7,7,0,0,0,0,0,0,0
112112,171,17063,1,1,1,0,0,0,0,0,0,0
112112,171,17089,31,3,3,0,0,0,0,0,0,0
112112,171,17111,6,4,4,0,0,0,0,0,0,0
112120,171,17037,15,3,3,0,0,0,0,0,0,0
112120,171,17089,22,3,3,0,0,0,0,0,0,0
112120,171,17097,3,1,1,0,0,0,0,0,0,0
112120,171,17111,53,15,15,0,0,0,0,0,0,0
112210,171,17037,117,27,27,0,0,0,0,0,0,0
112210,171,17063,12,4,4,0,0,0,0,0,0,0
112210,171,17089,54,6,6,0,0,0,0,0,0,0
112210,171,17091,34,14,14,0,0,0,0,0,0,0
112210,171,17093,35,5,5,0,0,0,0,0,0,0
112210,171,17111,49,11,11,0,0,0,0,0,0,0
112310,171,17031,98,4,3,1,0,0,0,0,0,0
112310,171,17037,11,11,11,0,0,0,0,0,0,0
112310,171,17043,6,6,6,0,0,0,0,0,0,0
112310,171,17063,19,19,19,0,0,0,0,0,0,0
112310,171,17089,12,12,12,0,0,0,0,0,0,0
112310,171,17091,93,25,23,2,0,0,0,0,0,0
112310,171,17093,13,13,13,0,0,0,0,0,0,0
112310,171,17097,6,6,6,0,0,0,0,0,0,0
112310,171,17111,190,81,77,4,0,0,0,0,0,0
112310,171,17197,183,59,57,2,0,0,0,0,0,0
112410,171,17031,7,6,6,0,0,0,0,0,0,0
112410,171,17037,18,8,8,0,0,0,0,0,0,0
112410,171,17043,3,2,2,0,0,0,0,0,0,0
112410,171,17063,26,4,3,1,0,0,0,0,0,0
112410,171,17089,7,7,7,0,0,0,0,0,0,0
112410,171,17091,39,9,8,1,0,0,0,0,0,0
112410,171,17097,15,6,6,0,0,0,0,0,0,0
112410,171,17111,41,25,25,0,0,0,0,0,0,0
112410,171,17197,15,15,15,0,0,0,0,0,0,0
112511,171,17031,44,43,43,0,0,0,0,0,0,0
112511,171,17037,45,44,44,0,0,0,0,0,0,0
112511,171,17043,95,26,24,2,0,0,0,0,0,0
112511,171,17063,6,6,6,0,0,0,0,0,0,0
112511,171,17089,101,91,91,0,0,0,0,0,0,0
112511,171,17091,13,12,12,0,0,0,0,0,0,0
112511,171,17093,70,38,38,0,0,0,0,0,0,0
112511,171,17097,183,147,147,0,0,0,0,0,0,0
112511,171,17111,232,162,161,1,0,0,0,0,0,0
112511,171,17197,108,88,88,0,0,0,0,0,0,0
111110,172,33,2372,1334,1334,0,0,0,0,0,0,0
111130,172,33,3361,1892,1892,0,0,0,0,0,0,0
111211,172,33,129,50,49,1,0,0,0,0,0,0
111310,172,33,513,128,125,2,1,0,0,0,0,0
111411,172,33,884,69,58,9,2,0,0,0,0,0
111930,172,33,1623,1256,1251,5,0,0,0,0,0,0
112111,172,33,686,482,481,1,0,0,0,0,0,0
112112,172,33,50,36,36,0,0,0,0,0,0,0
112120,172,33,422,69,66,3,0,0,0,0,0,0
112210,172,33,229,41,41,0,0,0,0,0,0,0
112310,172,33,339,110,105,5,0,0,0,0,0,0
112410,172,33,295,144,140,4,0,0,0,0,0,0
112511,172,33,416,275,273,2,0,0,0,0,0,0
111110,179,34,24379,13586,13586,0,0,0,0,0,0,0
111110,179,17007,175,89,89,0,0,0,0,0,0,0
111110,179,17099,974,514,514,0,0,0,0,0,0,0
111110,179,17103,339,205,205,0,0,0,0,0,0,0
111110,179,17141,395,215,215,0,0,0,0,0,0,0
111110,179,17201,189,113,113,0,0,0,0,0,0,0
111130,179,34,33311,18274,18274,0,0,0,0,0,0,0
111130,179,17007,225,110,110,0,0,0,0,0,0,0
111130,179,17099,1084,681,681,0,0,0,0,0,0,0
111130,179,17103,644,356,356,0,0,0,0,0,0,0
111130,179,17141,480,290,290,0,0,0,0,0,0,0
111130,179,17201,274,151,151,0,0,0,0,0,0,0
111211,179,34,1670,345,327,15,3,0,0,0,0,0
111211,179,17007,2,2,2,0,0,0,0,0,0,0
111211,179,17099,231,23,21,1,1,0,0,0,0,0
111211,179,17103,11,6,6,0,0,0,0,0,0,0
111211,179,17141,138,10,9,0,1,0,0,0,0,0
111211,179,17201,15,13,13,0,0,0,0,0,0,0
111310,179,34,1218,497,484,12,1,0,0,0,0,0
111310,179,17007,2,2,2,0,0,0,0,0,0,0
111310,179,17099,15,6,6,0,0,0,0,0,0,0
111310,179,17103,41,17,17,0,0,0,0,0,0,0
111310,179,17141,17,5,5,0,0,0,0,0,0,0
111310,179,17201,32,14,14,0,0,0,0,0,0,0
111411,179,34,3460,465,427,31,7,0,0,0,0,0
111411,179,17007,17,9,9,0,0,0,0,0,0,0
111411,179,17099,23,13,13,0,0,0,0,0,0,0
111411,179,17103,17,7,7,0,0,0,0,0,0,0
111411,179,17141,22,9,9,0,0,0,0,0,0,0
111411,179,17201,222,23,21,1,1,0,0,0,0,0
111910,179,34,11,8,8,0,0,0,0,0,0,0
111930,179,34,17376,13562,13524,35,3,0,0,0,0,0
111930,179,17007,78,74,74,0,0,0,0,0,0,0
111930,179,17099,345,269,268,1,0,0,0,0,0,0
111930,179,17103,147,130,130,0,0,0,0,0,0,0
111930,179,17141,229,193,192,1,0,0,0,0,0,0
111930,179,17201,263,178,176,2,0,0,0,0,0,0
112111,179,34,8083,4313,4281,29,3,0,0,0,0,0
112111,179,17007,15,14,14,0,0,0,0,0,0,0
112111,179,17099,100,56,56,0,0,0,0,0,0,0
112111,179,17103,60,49,49,0,0,0,0,0,0,0
112111,179,17141,134,96,96,0,0,0,0,0,0,0
112111,179,17201,52,41,41,0,0,0,0,0,0,0
112112,179,34,616,280,280,0,0,0,0,0,0,0
112112,179,17007,8,2,2,0,0,0,0,0,0,0
112112,179,17099,50,16,16,0,0,0,0,0,0,0
112112,179,17103,10,2,2,0,0,0,0,0,0,0
112112,179,17141,38,18,18,0,0,0,0,0,0,0
112112,179,17201,4,4,4,0,0,0,0,0,0,0
112120,179,34,1287,234,225,9,0,0,0,0,0,0
112120,179,17007,37,6,5,1,0,0,0,0,0,0
112120,179,17141,4,2,2,0,0,0,0,0,0,0
112120,179,17201,38,7,7,0,0,0,0,0,0,0
112210,179,34,3352,670,670,0,0,0,0,0,0,0
112210,179,17007,38,6,6,0,0,0,0,0,0,0
112210,179,17099,23,5,5,0,0,0,0,0,0,0
112210,179,17103,55,7,7,0,0,0,0,0,0,0
112210,179,17141,86,20,20,0,0,0,0,0,0,0
112210,179,17201,36,6,6,0,0,0,0,0,0,0
112310,179,34,2308,712,683,29,0,0,0,0,0,0
112310,179,17007,21,12,12,0,0,0,0,0,0,0
112310,179,17099,216,40,37,3,0,0,0,0,0,0
112310,179,17103,14,14,14,0,0,0,0,0,0,0
112310,179,17141,7,7,7,0,0,0,0,0,0,0
112310,179,17201,38,37,37,0,0,0,0,0,0,0
112410,179,34,1369,724,713,11,0,0,0,0,0,0
112410,179,17007,64,25,24,1,0,0,0,0,0,0
112410,179,17099,24,18,18,0,0,0,0,0,0,0
112410,179,17103,10,8,8,0,0,0,0,0,0,0
112410,179,17141,16,11,11,0,0,0,0,0,0,0
112410,179,17201,34,23,23,0,0,0,0,0,0,0
112511,179,34,4926,2004,1985,13,2,4,0,0,0,0
112511,179,17007,205,65,63,2,0,0,0,0,0,0
112511,179,17099,241,65,64,0,1,0,0,0,0,0
112511,179,17103,30,28,28,0,0,0,0,0,0,0
112511,179,17141,67,43,43,0,0,0,0,0,0,0
112511,179,17201,182,81,80,1,0,0,0,0,0,0
111110,181,35,422,246,245,1,0,0,0,0,0,0
111110,181,18089,102,61,61,0,0,0,0,0,0,0
111110,181,18091,269,133,132,1,0,0,0,0,0,0
111110,181,18127,164,79,77,2,0,0,0,0,0,0
111130,181,35,581,354,352,2,0,0,0,0,0,0
111130,181,18089,146,87,86,1,0,0,0,0,0,0
111130,181,18091,376,192,190,2,0,0,0,0,0,0
111130,181,18127,235,117,116,1,0,0,0,0,0,0
111211,181,35,155,13,10,3,0,0,0,0,0,0
111211,181,18089,8,8,8,0,0,0,0,0,0,0
111211,181,18091,10,10,10,0,0,0,0,0,0,0
111211,181,18127,57,10,9,1,0,0,0,0,0,0
111310,181,35,92,15,13,2,0,0,0,0,0,0
111310,181,18089,3,3,3,0,0,0,0,0,0,0
111310,181,18091,64,23,23,0,0,0,0,0,0,0
111310,181,18127,47,13,12,1,0,0,0,0,0,0
111411,181,35,61,7,6,1,0,0,0,0,0,0
111411,181,18089,41,12,11,1,0,0,0,0,0,0
111411,181,18091,60,29,29,0,0,0,0,0,0,0
111411,181,18127,30,7,6,1,0,0,0,0,0,0
111930,181,35,213,170,170,0,0,0,0,0,0,0
111930,181,18089,77,74,74,0,0,0,0,0,0,0
111930,181,18091,150,138,138,0,0,0,0,0,0,0
111930,181,18127,135,105,105,0,0,0,0,0,0,0
112111,181,35,142,67,64,3,0,0,0,0,0,0
112111,181,18089,22,12,12,0,0,0,0,0,0,0
112111,181,18091,129,54,52,2,0,0,0,0,0,0
112111,181,18127,119,35,34,1,0,0,0,0,0,0
112112,181,35,8,5,5,0,0,0,0,0,0,0
112112,181,18089,2,2,2,0,0,0,0,0,0,0
112112,181,18091,7,6,6,0,0,0,0,0,0,0
112120,181,35,123,9,7,2,0,0,0,0,0,0
112120,181,18089,51,3,2,1,0,0,0,0,0,0
112120,181,18091,108,6,4,2,0,0,0,0,0,0
112120,181,18127,15,4,4,0,0,0,0,0,0,0
112210,181,35,80,24,24,0,0,0,0,0,0,0
112210,181,18089,2,2,2,0,0,0,0,0,0,0
112210,181,18091,15,3,3,0,0,0,0,0,0,0
112210,181,18127,33,9,9,0,0,0,0,0,0,0
112310,181,35,15,5,5,0,0,0,0,0,0,0
112310,181,18089,101,15,13,2,0,0,0,0,0,0
112310,181,18091,40,11,11,0,0,0,0,0,0,0
112310,181,18127,51,16,16,0,0,0,0,0,0,0
112410,181,35,24,18,18,0,0,0,0,0,0,0
112410,181,18089,16,12,12,0,0,0,0,0,0,0
112410,181,18091,50,28,28,0,0,0,0,0,0,0
112410,181,18127,13,11,11,0,0,0,0,0,0,0
112511,181,35,64,47,47,0,0,0,0,0,0,0
112511,181,18089,307,56,53,2,1,0,0,0,0,0
112511,181,18091,90,44,43,1,0,0,0,0,0,0
112511,181,18127,271,56,55,0,1,0,0,0,0,0
111110,182,36,2667,1432,1418,14,0,0,0,0,0,0
111130,182,36,3504,1923,1908,15,0,0,0,0,0,0
111211,182,36,426,127,123,4,0,0,0,0,0,0
111310,182,36,617,165,161,3,1,0,0,0,0,0
111411,182,36,1192,219,208,9,2,0,0,0,0,0
111930,182,36,1874,1280,1274,4,2,0,0,0,0,0
112111,182,36,1769,901,882,18,1,0,0,0,0,0
112112,182,36,64,34,34,0,0,0,0,0,0,0
112120,182,36,129,26,24,2,0,0,0,0,0,0
112210,182,36,423,119,119,0,0,0,0,0,0,0
112310,182,36,642,219,216,3,0,0,0,0,0,0
112410,182,36,783,354,352,2,0,0,0,0,0,0
112511,182,36,1987,794,788,4,0,2,0,0,0,0
111110,189,37,13837,7410,7326,84,0,0,0,0,0,0
111130,189,37,18432,10061,9972,89,0,0,0,0,0,0
111211,189,37,2305,499,464,35,0,0,0,0,0,0
111310,189,37,1635,519,508,10,1,0,0,0,0,0
111411,189,37,2940,589,553,32,4,0,0,0,0,0
111910,189,37,8,6,6,0,0,0,0,0,0,0
111930,189,37,11317,8624,8603,18,2,1,0,0,0,0
112111,189,37,12059,6217,6120,88,9,0,0,0,0,0
112112,189,37,772,288,283,5,0,0,0,0,0,0
112120,189,37,3850,689,635,54,0,0,0,0,0,0
112210,189,37,3303,915,915,0,0,0,0,0,0,0
112310,189,37,7104,1826,1747,79,0,0,0,0,0,0
112410,189,37,2593,1324,1314,10,0,0,0,0,0,0
112511,189,37,9907,4573,4516,46,9,2,0,0,0,0
111110,190,38,32842,18599,18599,0,0,0,0,0,0,0
111130,190,38,44113,25054,25054,0,0,0,0,0,0,0
111211,190,38,1244,480,474,5,1,0,0,0,0,0
111310,190,38,2423,862,849,12,1,0,0,0,0,0
111411,190,38,3638,587,559,20,8,0,0,0,0,0
111930,190,38,27104,20784,20744,28,11,1,0,0,0,0
112111,190,38,15561,8311,8225,86,0,0,0,0,0,0
112112,190,38,3710,1478,1478,0,0,0,0,0,0,0
112120,190,38,4642,662,597,65,0,0,0,0,0,0
112210,190,38,13218,3748,3748,0,0,0,0,0,0,0
112310,190,38,6542,1234,1092,142,0,0,0,0,0,0
112410,190,38,3746,1898,1891,5,2,0,0,0,0,0
112511,190,38,7326,3214,3139,75,0,0,0,0,0,0
111110,201,39,716,413,412,1,0,0,0,0,0,0
111130,201,39,981,551,550,1,0,0,0,0,0,0
111211,201,39,456,121,119,1,1,0,0,0,0,0
111310,201,39,319,125,124,1,0,0,0,0,0,0
111411,201,39,429,81,74,7,0,0,0,0,0,0
111930,201,39,1649,1191,1188,3,0,0,0,0,0,0
112111,201,39,3141,1656,1633,23,0,0,0,0,0,0
112112,201,39,83,20,20,0,0,0,0,0,0,0
112120,201,39,244,14,10,4,0,0,0,0,0,0
112210,201,39,176,46,44,2,0,0,0,0,0,0
112310,201,39,360,138,135,3,0,0,0,0,0,0
112410,201,39,515,193,190,1,2,0,0,0,0,0
112511,201,39,1037,536,532,3,1,0,0,0,0,0
111110,209,40,14018,7733,7702,31,0,0,0,0,0,0
111130,209,40,18971,10305,10255,50,0,0,0,0,0,0
111211,209,40,721,286,281,4,1,0,0,0,0,0
111310,209,40,897,294,286,8,0,0,0,0,0,0
111411,209,40,1268,218,202,14,2,0,0,0,0,0
111920,209,40,59,31,31,0,0,0,0,0,0,0
111930,209,40,20597,13417,13357,55,5,0,0,0,0,0
112111,209,40,26778,13430,13216,214,0,0,0,0,0,0
112112,209,40,2841,510,510,0,0,0,0,0,0,0
112120,209,40,2204,160,130,30,0,0,0,0,0,0
112210,209,40,1508,290,266,24,0,0,0,0,0,0
112310,209,40,1385,614,605,7,2,0,0,0,0,0
112410,209,40,2001,1132,1122,9,1,0,0,0,0,0
112511,209,40,4222,2229,2217,8,2,2,0,0,0,0
111110,211,41,899,348,340,8,0,0,0,0,0,0
111130,211,41,958,419,413,6,0,0,0,0,0,0
111211,211,41,267,176,176,0,0,0,0,0,0,0
111310,211,41,348,188,187,1,0,0,0,0,0,0
111411,211,41,702,164,155,8,1,0,0,0,0,0
111910,211,41,100,23,22,1,0,0,0,0,0,0
111930,211,41,3991,2630,2610,19,1,0,0,0,0,0
112111,211,41,4439,2489,2466,19,4,0,0,0,0,0
112112,211,41,163,72,71,1,0,0,0,0,0,0
112120,211,41,90,24,23,1,0,0,0,0,0,0
112210,211,41,222,45,39,6,0,0,0,0,0,0
112310,211,41,874,307,307,0,0,0,0,0,0,0
112410,211,41,792,305,301,4,0,0,0,0,0,0
112511,211,41,3069,872,842,24,6,0,0,0,0,0
111110,219,42,5714,2543,2506,37,0,0,0,0,0,0
111130,219,42,7638,3567,3522,45,0,0,0,0,0,0
111211,219,42,2686,1216,1201,14,1,0,0,0,0,0
111310,219,42,1905,868,857,10,1,0,0,0,0,0
111411,219,42,2703,709,676,28,5,0,0,0,0,0
111910,219,42,2953,435,392,42,1,0,0,0,0,0
111930,219,42,33606,20209,20047,134,25,3,0,0,0,0
112111,219,42,37020,21043,20837,180,26,0,0,0,0,0
112112,219,42,824,392,385,7,0,0,0,0,0,0
112120,219,42,1229,414,411,3,0,0,0,0,0,0
112210,219,42,825,216,201,15,0,0,0,0,0,0
112310,219,42,5050,2055,2055,0,0,0,0,0,0,0
112410,219,42,3456,1994,1987,7,0,0,0,0,0,0
112511,219,42,15860,5702,5562,112,28,0,0,0,0,0
111110,221,43,180,53,51,2,0,0,0,0,0,0
111130,221,43,191,60,59,1,0,0,0,0,0,0
111211,221,43,450,89,87,1,0,1,0,0,0,0
111310,221,43,399,196,192,4,0,0,0,0,0,0
111411,221,43,239,45,42,3,0,0,0,0,0,0
111930,221,43,1122,441,423,18,0,0,0,0,0,0
112111,221,43,2154,1148,1143,5,0,0,0,0,0,0
112120,221,43,34,7,7,0,0,0,0,0,0,0
112210,221,43,39,26,26,0,0,0,0,0,0,0
112310,221,43,300,127,127,0,0,0,0,0,0,0
112410,221,43,262,118,118,0,0,0,0,0,0,0
112511,221,43,974,505,491,14,0,0,0,0,0,0
111110,222,44,176,49,48,1,0,0,0,0,0,0
111130,222,44,140,60,60,0,0,0,0,0,0,0
111211,222,44,57,35,35,0,0,0,0,0,0,0
111310,222,44,43,17,17,0,0,0,0,0,0,0
111411,222,44,47,8,7,1,0,0,0,0,0,0
111930,222,44,602,226,217,9,0,0,0,0,0,0
112111,222,44,1540,877,872,5,0,0,0,0,0,0
112120,222,44,1,1,1,0,0,0,0,0,0,0
112210,222,44,19,12,12,0,0,0,0,0,0,0
112310,222,44,84,49,49,0,0,0,0,0,0,0
112410,222,44,116,86,86,0,0,0,0,0,0,0
112511,222,44,642,219,211,7,1,0,0,0,0,0
111110,223,45,61,9,7,2,0,0,0,0,0,0
111130,223,45,26,13,13,0,0,0,0,0,0,0
111211,223,45,508,110,107,2,0,1,0,0,0,0
111310,223,45,357,162,157,5,0,0,0,0,0,0
111411,223,45,498,91,87,3,1,0,0,0,0,0
111930,223,45,561,242,233,9,0,0,0,0,0,0
112111,223,45,1263,708,706,2,0,0,0,0,0,0
112120,223,45,49,10,9,1,0,0,0,0,0,0
112210,223,45,25,10,10,0,0,0,0,0,0,0
112310,223,45,250,101,101,0,0,0,0,0,0,0
112410,223,45,228,80,79,1,0,0,0,0,0,0
112511,223,45,1069,419,408,10,1,0,0,0,0,0
111110,229,46,2411,861,853,8,0,0,0,0,0,0
111130,229,46,3484,1143,1127,16,0,0,0,0,0,0
111211,229,46,1037,458,452,5,1,0,0,0,0,0
111310,229,46,1062,569,559,10,0,0,0,0,0,0
111411,229,46,1796,291,269,17,5,0,0,0,0,0
111920,229,46,171,103,103,0,0,0,0,0,0,0
111930,229,46,9624,4217,4072,145,0,0,0,0,0,0
112111,229,46,13380,6880,6848,30,2,0,0,0,0,0
112120,229,46,216,56,54,2,0,0,0,0,0,0
112210,229,46,155,67,65,2,0,0,0,0,0,0
112310,229,46,2116,805,805,0,0,0,0,0,0,0
112410,229,46,773,518,518,0,0,0,0,0,0,0
112511,229,46,6175,2629,2561,66,2,0,0,0,0,0
111110,230,47,37,17,17,0,0,0,0,0,0,0
111130,230,47,87,30,29,1,0,0,0,0,0,0
111211,230,47,4348,848,771,77,0,0,0,0,0,0
111310,230,47,3955,921,893,24,2,2,0,0,0,0
111411,230,47,2760,700,680,14,4,2,0,0,0,0
111930,230,47,4203,1778,1735,43,0,0,0,0,0,0
112111,230,47,1590,735,714,21,0,0,0,0,0,0
112112,230,47,64,18,17,1,0,0,0,0,0,0
112120,230,47,987,181,165,16,0,0,0,0,0,0
112210,230,47,153,92,92,0,0,0,0,0,0,0
112310,230,47,793,363,357,5,1,0,0,0,0,0
112410,230,47,589,326,325,1,0,0,0,0,0,0
112511,230,47,2839,1027,1005,20,1,1,0,0,0,0
111110,241,48,733,322,321,1,0,0,0,0,0,0
111130,241,48,834,392,390,2,0,0,0,0,0,0
111211,241,48,893,136,123,12,1,0,0,0,0,0
111310,241,48,989,149,140,5,4,0,0,0,0,0
111411,241,48,2286,242,214,19,9,0,0,0,0,0
111910,241,48,5,1,1,0,0,0,0,0,0,0
111930,241,48,1699,799,794,3,1,1,0,0,0,0
112111,241,48,749,408,401,7,0,0,0,0,0,0
112112,241,48,28,6,6,0,0,0,0,0,0,0
112120,241,48,209,48,46,2,0,0,0,0,0,0
112210,241,48,77,39,38,1,0,0,0,0,0,0
112310,241,48,758,305,305,0,0,0,0,0,0,0
112410,241,48,359,230,230,0,0,0,0,0,0,0
112511,241,48,1483,803,790,13,0,0,0,0,0,0
111110,242,49,573,245,242,3,0,0,0,0,0,0
111130,242,49,777,340,337,3,0,0,0,0,0,0
111211,242,49,676,199,192,7,0,0,0,0,0,0
111310,242,49,762,188,180,5,3,0,0,0,0,0
111411,242,49,1204,188,175,9,4,0,0,0,0,0
111910,242,49,12,8,8,0,0,0,0,0,0,0
111930,242,49,1175,777,775,2,0,0,0,0,0,0
112111,242,49,678,475,472,3,0,0,0,0,0,0
112112,242,49,34,10,10,0,0,0,0,0,0,0
112120,242,49,374,64,58,6,0,0,0,0,0,0
112210,242,49,24,24,24,0,0,0,0,0,0,0
112310,242,49,633,242,242,0,0,0,0,0,0,0
112410,242,49,291,184,184,0,0,0,0,0,0,0
112511,242,49,2430,699,683,12,2,2,0,0,0,0
111110,249,50,1148,581,580,1,0,0,0,0,0,0
111130,249,50,1584,785,782,3,0,0,0,0,0,0
111211,249,50,504,128,122,6,0,0,0,0,0,0
111310,249,50,487,145,139,6,0,0,0,0,0,0
111411,249,50,828,133,121,10,2,0,0,0,0,0
111910,249,50,8,5,5,0,0,0,0,0,0,0
111930,249,50,1727,1196,1192,4,0,0,0,0,0,0
112111,249,50,1317,600,590,8,2,0,0,0,0,0
112112,249,50,61,19,19,0,0,0,0,0,0,0
112120,249,50,774,138,129,9,0,0,0,0,0,0
112210,249,50,87,35,34,1,0,0,0,0,0,0
112310,249,50,1697,618,618,0,0,0,0,0,0,0
112410,249,50,331,152,151,1,0,0,0,0,0,0
112511,249,50,1956,492,480,9,1,2,0,0,0,0
111110,251,51,43,10,9,1,0,0,0,0,0,0
111130,251,51,18,12,12,0,0,0,0,0,0,0
111211,251,51,2928,602,557,40,5,0,0,0,0,0
111310,251,51,2280,630,603,26,1,0,0,0,0,0
111411,251,51,2814,505,469,28,8,0,0,0,0,0
111930,251,51,1773,699,691,7,1,0,0,0,0,0
112111,251,51,528,246,244,2,0,0,0,0,0,0
112112,251,51,22,14,14,0,0,0,0,0,0,0
112120,251,51,238,37,34,3,0,0,0,0,0,0
112210,251,51,122,51,50,1,0,0,0,0,0,0
112310,251,51,413,235,232,3,0,0,0,0,0,0
112410,251,51,537,269,267,2,0,0,0,0,0,0
112511,251,51,3220,928,882,42,4,0,0,0,0,0
111110,259,52,32,6,6,0,0,0,0,0,0,0
111130,259,52,63,23,22,1,0,0,0,0,0,0
111211,259,52,1611,354,330,21,3,0,0,0,0,0
111310,259,52,1696,331,299,32,0,0,0,0,0,0
111411,259,52,1812,289,270,14,5,0,0,0,0,0
111910,259,52,155,11,9,2,0,0,0,0,0,0
111930,259,52,1469,610,607,3,0,0,0,0,0,0
112111,259,52,510,266,264,2,0,0,0,0,0,0
112112,259,52,2,2,2,0,0,0,0,0,0,0
112120,259,52,226,54,54,0,0,0,0,0,0,0
112210,259,52,34,32,32,0,0,0,0,0,0,0
112310,259,52,637,178,176,1,0,1,0,0,0,0
112410,259,52,343,144,143,1,0,0,0,0,0,0
112511,259,52,1673,545,521,22,2,0,0,0,0,0
111110,261,53,1476,830,828,2,0,0,0,0,0,0
111130,261,53,2228,1107,1102,5,0,0,0,0,0,0
111211,261,53,3341,492,454,22,16,0,0,0,0,0
111310,261,53,2672,318,289,26,3,0,0,0,0,0
111411,261,53,4493,659,606,44,9,0,0,0,0,0
111930,261,53,1925,1173,1161,11,1,0,0,0,0,0
112111,261,53,1199,529,524,5,0,0,0,0,0,0
112112,261,53,81,27,26,1,0,0,0,0,0,0
112120,261,53,457,61,55,6,0,0,0,0,0,0
112210,261,53,412,118,113,5,0,0,0,0,0,0
112310,261,53,1333,529,517,9,3,0,0,0,0,0
112410,261,53,710,300,296,3,1,0,0,0,0,0
112511,261,53,2413,1102,1084,15,3,0,0,0,0,0
111110,262,54,1039,462,458,4,0,0,0,0,0,0
111130,262,54,1374,652,649,3,0,0,0,0,0,0
111211,262,54,1578,252,230,16,6,0,0,0,0,0
111310,262,54,3055,489,460,27,2,0,0,0,0,0
111411,262,54,3344,415,374,33,8,0,0,0,0,0
111930,262,54,2461,1265,1251,10,4,0,0,0,0,0
112111,262,54,2047,903,890,13,0,0,0,0,0,0
112112,262,54,229,74,73,1,0,0,0,0,0,0
112120,262,54,1861,193,163,30,0,0,0,0,0,0
112210,262,54,651,160,153,7,0,0,0,0,0,0
112310,262,54,1037,323,315,5,3,0,0,0,0,0
112410,262,54,448,235,231,4,0,0,0,0,0,0
112511,262,54,1932,810,800,9,0,0,1,0,0,0
111110,269,55,6715,3653,3639,14,0,0,0,0,0,0
111130,269,55,9864,5050,5024,26,0,0,0,0,0,0
111211,269,55,5075,1056,985,55,16,0,0,0,0,0
111310,269,55,14262,2024,1892,122,10,0,0,0,0,0
111411,269,55,9723,1530,1415,98,17,0,0,0,0,0
111930,269,55,16217,8363,8277,60,21,5,0,0,0,0
112111,269,55,6787,3409,3376,32,1,0,0,0,0,0
112112,269,55,653,214,208,6,0,0,0,0,0,0
112120,269,55,6727,703,595,108,0,0,0,0,0,0
112210,269,55,1742,571,551,20,0,0,0,0,0,0
112310,269,55,4131,1338,1302,24,12,0,0,0,0,0
112410,269,55,2155,1106,1088,18,0,0,0,0,0,0
112511,269,55,7894,3086,3032,45,6,1,2,0,0,0
111110,271,56,4042,1885,1874,11,0,0,0,0,0,0
111130,271,56,5399,2569,2550,19,0,0,0,0,0,0
111211,271,56,2076,476,441,35,0,0,0,0,0,0
111310,271,56,1298,427,413,13,1,0,0,0,0,0
111411,271,56,3564,447,416,25,6,0,0,0,0,0
111930,271,56,4463,2927,2911,16,0,0,0,0,0,0
112111,271,56,2255,1367,1346,21,0,0,0,0,0,0
112112,271,56,631,231,231,0,0,0,0,0,0,0
112120,271,56,3854,634,604,30,0,0,0,0,0,0
112210,271,56,697,185,185,0,0,0,0,0,0,0
112310,271,56,1813,574,553,21,0,0,0,0,0,0
112410,271,56,921,480,471,9,0,0,0,0,0,0
112511,271,56,3469,1365,1348,9,8,0,0,0,0,0
111110,279,57,19856,9221,9164,57,0,0,0,0,0,0
111130,279,57,27564,12640,12549,91,0,0,0,0,0,0
111211,279,57,2346,596,562,34,0,0,0,0,0,0
111310,279,57,2162,545,526,15,4,0,0,0,0,0
111411,279,57,3633,524,490,27,7,0,0,0,0,0
111930,279,57,24512,15177,15083,87,7,0,0,0,0,0
112111,279,57,10135,5386,5280,106,0,0,0,0,0,0
112112,279,57,1641,661,661,0,0,0,0,0,0,0
112120,279,57,6682,1079,1020,59,0,0,0,0,0,0
112210,279,57,6865,1670,1670,0,0,0,0,0,0,0
112310,279,57,4098,1150,1083,67,0,0,0,0,0,0
112410,279,57,1786,976,964,12,0,0,0,0,0,0
112511,279,57,5222,2339,2316,13,10,0,0,0,0,0
111110,280,58,3240,1220,1220,0,0,0,0,0,0,0
111130,280,58,4795,1713,1713,0,0,0,0,0,0,0
111211,280,58,3020,1004,961,39,4,0,0,0,0,0
111310,280,58,1739,697,689,7,1,0,0,0,0,0
111411,280,58,1427,331,314,14,3,0,0,0,0,0
111920,280,58,1067,334,334,0,0,0,0,0,0,0
111930,280,58,13168,8148,8088,49,10,1,0,0,0,0
112111,280,58,20764,11598,11500,88,5,5,0,0,0,0
112120,280,58,179,32,30,2,0,0,0,0,0,0
112210,280,58,458,182,177,5,0,0,0,0,0,0
112310,280,58,4014,1930,1930,0,0,0,0,0,0,0
112410,280,58,1820,1145,1145,0,0,0,0,0,0,0
112511,280,58,6929,2956,2909,33,14,0,0,0,0,0
111110,291,59,1535,880,875,5,0,0,0,0,0,0
111130,291,59,2305,1306,1297,9,0,0,0,0,0,0
111211,291,59,134,78,76,2,0,0,0,0,0,0
111310,291,59,246,161,161,0,0,0,0,0,0,0
111411,291,59,911,148,143,3,2,0,0,0,0,0
111910,291,59,1,1,1,0,0,0,0,0,0,0
111930,291,59,3010,2304,2300,3,1,0,0,0,0,0
112111,291,59,5029,2713,2701,10,2,0,0,0,0,0
112112,291,59,221,68,64,4,0,0,0,0,0,0
112120,291,59,61,29,29,0,0,0,0,0,0,0
112210,291,59,191,45,44,1,0,0,0,0,0,0
112310,291,59,601,257,257,0,0,0,0,0,0,0
112410,291,59,381,198,197,1,0,0,0,0,0,0
112511,291,59,1364,793,789,3,0,1,0,0,0,0
111110,292,60,822,478,475,3,0,0,0,0,0,0
111130,292,60,1307,697,687,10,0,0,0,0,0,0
111211,292,60,613,108,104,2,2,0,0,0,0,0
111310,292,60,352,159,157,2,0,0,0,0,0,0
111411,292,60,733,147,144,1,2,0,0,0,0,0
111930,292,60,1745,1411,1407,4,0,0,0,0,0,0
112111,292,60,2972,1633,1625,8,0,0,0,0,0,0
112112,292,60,111,36,34,2,0,0,0,0,0,0
112120,292,60,53,29,29,0,0,0,0,0,0,0
112210,292,60,158,36,33,3,0,0,0,0,0,0
112310,292,60,647,244,244,0,0,0,0,0,0,0
112410,292,60,288,178,177,1,0,0,0,0,0,0
112511,292,60,875,540,534,6,0,0,0,0,0,0
111110,299,61,9447,5451,5410,41,0,0,0,0,0,0
111130,299,61,13309,7696,7644,52,0,0,0,0,0,0
111211,299,61,1394,443,435,4,4,0,0,0,0,0
111310,299,61,2449,873,852,20,0,1,0,0,0,0
111411,299,61,2315,521,503,17,1,0,0,0,0,0
111920,299,61,359,102,102,0,0,0,0,0,0,0
111930,299,61,22484,16984,16952,25,3,4,0,0,0,0
112111,299,61,54321,30122,30004,111,7,0,0,0,0,0
112112,299,61,1083,478,466,12,0,0,0,0,0,0
112120,299,61,1717,491,483,8,0,0,0,0,0,0
112210,299,61,3360,692,631,61,0,0,0,0,0,0
112310,299,61,6261,2399,2399,0,0,0,0,0,0,0
112410,299,61,3837,2028,2014,13,0,1,0,0,0,0
112511,299,61,9285,4639,4609,16,7,6,1,0,0,0
111110,300,62,3453,1454,1444,10,0,0,0,0,0,0
111130,300,62,4565,1980,1967,13,0,0,0,0,0,0
111211,300,62,1510,242,215,27,0,0,0,0,0,0
111310,300,62,959,375,374,1,0,0,0,0,0,0
111411,300,62,1458,312,302,10,0,0,0,0,0,0
111930,300,62,11197,6715,6646,65,4,0,0,0,0,0
112111,300,62,17118,7444,7376,68,0,0,0,0,0,0
112112,300,62,399,112,106,6,0,0,0,0,0,0
112120,300,62,172,46,44,2,0,0,0,0,0,0
112210,300,62,396,104,96,8,0,0,0,0,0,0
112310,300,62,617,335,332,2,1,0,0,0,0,0
112410,300,62,1323,607,600,5,2,0,0,0,0,0
112511,300,62,9086,4540,4496,23,21,0,0,0,0,0
111110,310,63,17526,8499,8499,0,0,0,0,0,0,0
111130,310,63,24493,11769,11769,0,0,0,0,0,0,0
111211,310,63,1541,249,226,23,0,0,0,0,0,0
111310,310,63,760,257,247,10,0,0,0,0,0,0
111411,310,63,1449,269,253,15,1,0,0,0,0,0
111930,310,63,12644,7871,7843,26,2,0,0,0,0,0
112111,310,63,20918,10243,10112,131,0,0,0,0,0,0
112112,310,63,5390,922,922,0,0,0,0,0,0,0
112120,310,63,1156,89,62,27,0,0,0,0,0,0
112210,310,63,2733,549,549,0,0,0,0,0,0,0
112310,310,63,2029,517,468,49,0,0,0,0,0,0
112410,310,63,1513,852,848,3,1,0,0,0,0,0
112511,310,63,4375,2393,2367,21,5,0,0,0,0,0
111211,321,64,434,23,18,5,0,0,0,0,0,0
111310,321,64,34,20,20,0,0,0,0,0,0,0
111411,321,64,85,25,22,3,0,0,0,0,0,0
111930,321,64,96,60,60,0,0,0,0,0,0,0
112111,321,64,205,91,91,0,0,0,0,0,0,0
112112,321,64,4,3,3,0,0,0,0,0,0,0
112120,321,64,12,1,1,0,0,0,0,0,0,0
112210,321,64,1,1,1,0,0,0,0,0,0,0
112310,321,64,41,14,13,1,0,0,0,0,0,0
112410,321,64,26,23,23,0,0,0,0,0,0,0
112511,321,64,175,76,74,2,0,0,0,0,0,0
111110,329,65,19,9,9,0,0,0,0,0,0,0
111130,329,65,31,20,20,0,0,0,0,0,0,0
111211,329,65,106,41,39,2,0,0,0,0,0,0
111310,329,65,136,60,59,1,0,0,0,0,0,0
111411,329,65,205,56,53,3,0,0,0,0,0,0
111930,329,65,2218,787,759,28,0,0,0,0,0,0
112111,329,65,2846,995,976,19,0,0,0,0,0,0
112112,329,65,17,9,9,0,0,0,0,0,0,0
112120,329,65,563,17,5,12,0,0,0,0,0,0
112210,329,65,23,9,9,0,0,0,0,0,0,0
112310,329,65,149,80,79,1,0,0,0,0,0,0
112410,329,65,448,183,178,5,0,0,0,0,0,0
112511,329,65,955,519,516,3,0,0,0,0,0,0
111110,330,66,38,23,23,0,0,0,0,0,0,0
111130,330,66,44,24,24,0,0,0,0,0,0,0
111211,330,66,909,285,270,15,0,0,0,0,0,0
111310,330,66,1324,370,363,6,0,1,0,0,0,0
111411,330,66,2074,446,429,13,2,2,0,0,0,0
111930,330,66,2310,1060,1041,17,2,0,0,0,0,0
112111,330,66,778,387,381,6,0,0,0,0,0,0
112112,330,66,3,2,2,0,0,0,0,0,0,0
112120,330,66,538,88,83,5,0,0,0,0,0,0
112210,330,66,84,71,71,0,0,0,0,0,0,0
112310,330,66,642,245,242,2,0,1,0,0,0,0
112410,330,66,541,295,293,2,0,0,0,0,0,0
112511,330,66,1487,653,638,14,1,0,0,0,0,0
111110,341,67,251,107,102,5,0,0,0,0,0,0
111130,341,67,251,139,137,2,0,0,0,0,0,0
111211,341,67,2328,384,348,32,4,0,0,0,0,0
111310,341,67,3591,331,296,26,6,3,0,0,0,0
111411,341,67,6372,854,763,76,15,0,0,0,0,0
111930,341,67,3011,1322,1311,6,4,0,1,0,0,0
112111,341,67,586,291,290,0,1,0,0,0,0,0
112112,341,67,12,5,5,0,0,0,0,0,0,0
112120,341,67,159,31,29,2,0,0,0,0,0,0
112210,341,67,68,45,45,0,0,0,0,0,0,0
112310,341,67,1340,460,453,5,1,1,0,0,0,0
112410,341,67,780,408,402,6,0,0,0,0,0,0
112511,341,67,2225,1106,1096,10,0,0,0,0,0,0
111110,342,68,330,200,199,1,0,0,0,0,0,0
111130,342,68,497,285,283,2,0,0,0,0,0,0
111211,342,68,1835,242,218,20,4,0,0,0,0,0
111310,342,68,3497,256,219,30,3,4,0,0,0,0
111411,342,68,2131,452,422,27,3,0,0,0,0,0
111930,342,68,1057,520,514,5,1,0,0,0,0,0
112111,342,68,354,167,164,3,0,0,0,0,0,0
112112,342,68,3,3,3,0,0,0,0,0,0,0
112120,342,68,57,13,13,0,0,0,0,0,0,0
112210,342,68,67,18,18,0,0,0,0,0,0,0
112310,342,68,327,172,171,1,0,0,0,0,0,0
112410,342,68,241,139,138,1,0,0,0,0,0,0
112511,342,68,1412,471,466,3,1,1,0,0,0,0
111110,349,69,76,51,51,0,0,0,0,0,0,0
111130,349,69,105,68,68,0,0,0,0,0,0,0
111211,349,69,1135,154,135,17,2,0,0,0,0,0
111310,349,69,1576,141,129,7,4,1,0,0,0,0
111411,349,69,1880,258,236,17,5,0,0,0,0,0
111930,349,69,510,305,301,4,0,0,0,0,0,0
112111,349,69,122,97,97,0,0,0,0,0,0,0
112120,349,69,9,5,5,0,0,0,0,0,0,0
112210,349,69,12,12,12,0,0,0,0,0,0,0
112310,349,69,140,115,115,0,0,0,0,0,0,0
112410,349,69,163,93,92,1,0,0,0,0,0,0
112511,349,69,1273,278,272,3,2,1,0,0,0,0
111110,350,70,403,159,155,4,0,0,0,0,0,0
111130,350,70,502,234,234,0,0,0,0,0,0,0
111211,350,70,3608,916,878,30,8,0,0,0,0,0
111310,350,70,6491,2429,2382,43,4,0,0,0,0,0
111411,350,70,1339,254,235,18,1,0,0,0,0,0
111920,350,70,226,48,43,5,0,0,0,0,0,0
111930,350,70,8912,4323,4236,84,3,0,0,0,0,0
112111,350,70,16409,7215,7128,82,5,0,0,0,0,0
112112,350,70,194,53,46,7,0,0,0,0,0,0
112120,350,70,3022,110,34,76,0,0,0,0,0,0
112210,350,70,121,61,60,1,0,0,0,0,0,0
112310,350,70,673,368,367,0,0,1,0,0,0,0
112410,350,70,3139,1943,1934,7,1,1,0,0,0,0
112511,350,70,5870,2863,2847,10,4,2,0,0,0,0
111110,361,71,183,84,83,1,0,0,0,0,0,0
111130,361,71,243,113,112,1,0,0,0,0,0,0
111211,361,71,1199,245,234,7,4,0,0,0,0,0
111310,361,71,1953,268,250,16,2,0,0,0,0,0
111411,361,71,1653,342,331,8,3,0,0,0,0,0
111930,361,71,2771,1151,1131,16,4,0,0,0,0,0
112111,361,71,891,469,462,7,0,0,0,0,0,0
112112,361,71,41,20,20,0,0,0,0,0,0,0
112120,361,71,1863,238,210,28,0,0,0,0,0,0
112210,361,71,104,53,52,1,0,0,0,0,0,0
112310,361,71,727,187,182,1,4,0,0,0,0,0
112410,361,71,300,190,189,1,0,0,0,0,0,0
112511,361,71,1386,737,722,15,0,0,0,0,0,0
111110,362,72,145,77,77,0,0,0,0,0,0,0
111130,362,72,230,111,109,2,0,0,0,0,0,0
111211,362,72,572,168,161,6,1,0,0,0,0,0
111310,362,72,1818,222,203,16,3,0,0,0,0,0
111411,362,72,915,198,190,8,0,0,0,0,0,0
111930,362,72,1385,634,622,11,1,0,0,0,0,0
112111,362,72,582,288,282,6,0,0,0,0,0,0
112112,362,72,47,22,22,0,0,0,0,0,0,0
112120,362,72,817,107,93,14,0,0,0,0,0,0
112210,362,72,59,37,37,0,0,0,0,0,0,0
112310,362,72,258,96,94,1,1,0,0,0,0,0
112410,362,72,70,60,60,0,0,0,0,0,0,0
112511,362,72,917,359,352,6,1,0,0,0,0,0
111110,363,73,94,39,39,0,0,0,0,0,0,0
111130,363,73,65,39,39,0,0,0,0,0,0,0
111211,363,73,1356,279,262,14,3,0,0,0,0,0
111310,363,73,1981,297,280,15,2,0,0,0,0,0
111411,363,73,2282,451,434,15,2,0,0,0,0,0
111930,363,73,855,399,395,3,1,0,0,0,0,0
112111,363,73,354,129,124,5,0,0,0,0,0,0
112112,363,73,8,6,6,0,0,0,0,0,0,0
112120,363,73,236,35,32,3,0,0,0,0,0,0
112210,363,73,21,21,21,0,0,0,0,0,0,0
112310,363,73,519,166,161,3,2,0,0,0,0,0
112410,363,73,203,66,65,0,1,0,0,0,0,0
112511,363,73,1534,645,629,16,0,0,0,0,0,0
111110,364,74,631,316,312,4,0,0,0,0,0,0
111130,364,74,1032,462,452,10,0,0,0,0,0,0
111211,364,74,1321,297,275,20,2,0,0,0,0,0
111310,364,74,4162,529,490,35,4,0,0,0,0,0
111411,364,74,1429,282,271,10,1,0,0,0,0,0
111930,364,74,1151,725,716,9,0,0,0,0,0,0
112111,364,74,664,397,393,4,0,0,0,0,0,0
112112,364,74,41,35,35,0,0,0,0,0,0,0
112120,364,74,1588,229,207,22,0,0,0,0,0,0
112210,364,74,75,40,39,1,0,0,0,0,0,0
112310,364,74,535,146,142,2,2,0,0,0,0,0
112410,364,74,441,120,119,0,0,1,0,0,0,0
112511,364,74,1205,524,515,8,1,0,0,0,0,0
111110,369,75,1178,576,565,11,0,0,0,0,0,0
111130,369,75,1518,764,752,12,0,0,0,0,0,0
111211,369,75,3666,724,676,38,10,0,0,0,0,0
111310,369,75,9662,1464,1370,87,7,0,0,0,0,0
111411,369,75,5745,938,889,40,9,0,0,0,0,0
111930,369,75,10902,5384,5306,68,10,0,0,0,0,0
112111,369,75,4741,2444,2391,52,1,0,0,0,0,0
112112,369,75,301,129,128,1,0,0,0,0,0,0
112120,369,75,11289,1543,1386,157,0,0,0,0,0,0
112210,369,75,603,233,226,7,0,0,0,0,0,0
112310,369,75,1625,641,629,7,5,0,0,0,0,0
112410,369,75,774,520,518,2,0,0,0,0,0,0
112511,369,75,6112,2140,2088,48,2,2,0,0,0,0
111110,371,76,434,227,226,1,0,0,0,0,0,0
111130,371,76,684,319,315,4,0,0,0,0,0,0
111211,371,76,627,136,126,8,2,0,0,0,0,0
111310,371,76,763,185,175,10,0,0,0,0,0,0
111411,371,76,1262,251,235,16,0,0,0,0,0,0
111920,371,76,35,12,12,0,0,0,0,0,0,0
111930,371,76,2690,1368,1342,25,1,0,0,0,0,0
112111,371,76,4116,2139,2122,14,2,1,0,0,0,0
112112,371,76,65,34,34,0,0,0,0,0,0,0
112120,371,76,284,44,41,3,0,0,0,0,0,0
112210,371,76,238,48,48,0,0,0,0,0,0,0
112310,371,76,1513,565,565,0,0,0,0,0,0,0
112410,371,76,433,266,264,2,0,0,0,0,0,0
112511,371,76,1013,684,683,0,1,0,0,0,0,0
111110,372,77,524,268,267,1,0,0,0,0,0,0
111130,372,77,884,424,421,3,0,0,0,0,0,0
111211,372,77,1378,214,195,14,5,0,0,0,0,0
111310,372,77,1170,343,328,14,1,0,0,0,0,0
111411,372,77,1910,327,304,20,3,0,0,0,0,0
111910,372,77,589,74,70,4,0,0,0,0,0,0
111930,372,77,4431,2003,1955,41,7,0,0,0,0,0
112111,372,77,3586,2342,2325,16,1,0,0,0,0,0
112112,372,77,36,23,23,0,0,0,0,0,0,0
112120,372,77,182,33,31,2,0,0,0,0,0,0
112210,372,77,186,43,43,0,0,0,0,0,0,0
112310,372,77,1674,601,601,0,0,0,0,0,0,0
112410,372,77,571,376,376,0,0,0,0,0,0,0
112511,372,77,2249,771,762,2,7,0,0,0,0,0
111110,373,78,349,175,175,0,0,0,0,0,0,0
111130,373,78,502,237,236,1,0,0,0,0,0,0
111211,373,78,1755,281,255,20,6,0,0,0,0,0
111310,373,78,885,223,214,7,2,0,0,0,0,0
111411,373,78,1514,331,316,13,2,0,0,0,0,0
111910,373,78,1162,123,109,14,0,0,0,0,0,0
111920,373,78,43,14,14,0,0,0,0,0,0,0
111930,373,78,2726,1057,1027,23,7,0,0,0,0,0
112111,373,78,2533,1207,1193,13,0,1,0,0,0,0
112112,373,78,49,17,16,1,0,0,0,0,0,0
112120,373,78,111,21,20,1,0,0,0,0,0,0
112210,373,78,446,91,91,0,0,0,0,0,0,0
112310,373,78,1172,402,402,0,0,0,0,0,0,0
112410,373,78,434,217,214,3,0,0,0,0,0,0
112511,373,78,1383,652,642,8,2,0,0,0,0,0
111110,379,79,2623,1303,1298,5,0,0,0,0,0,0
111130,379,79,3586,1763,1757,6,0,0,0,0,0,0
111211,379,79,5291,889,817,51,21,0,0,0,0,0
111310,379,79,4787,1188,1142,42,4,0,0,0,0,0
111411,379,79,9299,1816,1711,91,14,0,0,0,0,0
111910,379,79,1590,197,182,15,0,0,0,0,0,0
111920,379,79,934,343,338,5,0,0,0,0,0,0
111930,379,79,10278,4655,4547,92,16,0,0,0,0,0
112111,379,79,8620,5181,5135,44,1,1,0,0,0,0
112112,379,79,198,83,80,3,0,0,0,0,0,0
112120,379,79,510,74,67,7,0,0,0,0,0,0
112210,379,79,4526,945,945,0,0,0,0,0,0,0
112310,379,79,6546,2317,2317,0,0,0,0,0,0,0
112410,379,79,1320,733,728,5,0,0,0,0,0,0
112511,379,79,5222,2162,2140,10,12,0,0,0,0,0
111110,380,80,9670,4368,4368,0,0,0,0,0,0,0
111130,380,80,13260,6046,6046,0,0,0,0,0,0,0
111211,380,80,2163,158,108,50,0,0,0,0,0,0
111310,380,80,72,37,37,0,0,0,0,0,0,0
111411,380,80,429,62,59,3,0,0,0,0,0,0
111930,380,80,11978,8273,8241,32,0,0,0,0,0,0
112111,380,80,7596,4265,4237,28,0,0,0,0,0,0
112112,380,80,400,150,145,5,0,0,0,0,0,0
112120,380,80,346,35,29,6,0,0,0,0,0,0
112210,380,80,314,54,46,8,0,0,0,0,0,0
112310,380,80,269,114,112,1,1,0,0,0,0,0
112410,380,80,409,241,238,3,0,0,0,0,0,0
112511,380,80,2806,1265,1257,8,0,0,0,0,0,0
111110,391,81,947,555,552,3,0,0,0,0,0,0
111130,391,81,1448,850,846,4,0,0,0,0,0,0
111211,391,81,388,142,136,6,0,0,0,0,0,0
111310,391,81,417,137,133,4,0,0,0,0,0,0
111411,391,81,827,198,192,6,0,0,0,0,0,0
111910,391,81,7,5,5,0,0,0,0,0,0,0
111930,391,81,1410,1012,1011,0,1,0,0,0,0,0
112111,391,81,1373,717,709,7,1,0,0,0,0,0
112112,391,81,53,24,24,0,0,0,0,0,0,0
112120,391,81,69,12,11,1,0,0,0,0,0,0
112210,391,81,143,45,45,0,0,0,0,0,0,0
112310,391,81,536,179,175,4,0,0,0,0,0,0
112410,391,81,303,168,166,2,0,0,0,0,0,0
112511,391,81,2274,744,735,6,2,1,0,0,0,0
111110,392,82,677,443,443,0,0,0,0,0,0,0
111130,392,82,868,596,595,1,0,0,0,0,0,0
111211,392,82,1474,279,269,6,4,0,0,0,0,0
111310,392,82,1202,289,277,10,2,0,0,0,0,0
111411,392,82,2436,484,470,10,4,0,0,0,0,0
111930,392,82,1871,1256,1252,3,1,0,0,0,0,0
112111,392,82,900,484,477,6,1,0,0,0,0,0
112112,392,82,110,30,29,1,0,0,0,0,0,0
112120,392,82,327,65,63,2,0,0,0,0,0,0
112210,392,82,276,83,83,0,0,0,0,0,0,0
112310,392,82,1520,392,374,18,0,0,0,0,0,0
112410,392,82,453,211,208,3,0,0,0,0,0,0
112511,392,82,2876,1143,1133,7,1,2,0,0,0,0
111110,393,83,2588,1549,1543,6,0,0,0,0,0,0
111130,393,83,3882,2216,2205,11,0,0,0,0,0,0
111211,393,83,1014,228,220,5,3,0,0,0,0,0
111310,393,83,794,225,218,5,2,0,0,0,0,0
111411,393,83,3104,363,341,12,10,0,0,0,0,0
111930,393,83,3964,2458,2445,11,2,0,0,0,0,0
112111,393,83,2394,1185,1168,14,3,0,0,0,0,0
112112,393,83,94,46,46,0,0,0,0,0,0,0
112120,393,83,492,91,86,5,0,0,0,0,0,0
112210,393,83,603,183,183,0,0,0,0,0,0,0
112310,393,83,1205,396,388,8,0,0,0,0,0,0
112410,393,83,1082,518,513,4,1,0,0,0,0,0
112511,393,83,2802,1176,1164,10,1,1,0,0,0,0
111110,394,84,2290,1418,1414,4,0,0,0,0,0,0
111130,394,84,3694,2081,2072,9,0,0,0,0,0,0
111211,394,84,162,72,71,1,0,0,0,0,0,0
111310,394,84,270,102,100,2,0,0,0,0,0,0
111411,394,84,1074,132,124,5,3,0,0,0,0,0
111930,394,84,1858,1247,1243,3,1,0,0,0,0,0
112111,394,84,1149,707,701,6,0,0,0,0,0,0
112112,394,84,133,69,69,0,0,0,0,0,0,0
112120,394,84,291,56,51,5,0,0,0,0,0,0
112210,394,84,622,208,208,0,0,0,0,0,0,0
112310,394,84,936,304,296,8,0,0,0,0,0,0
112410,394,84,513,261,258,3,0,0,0,0,0,0
112511,394,84,1012,664,662,2,0,0,0,0,0,0
111110,399,85,11563,6626,6602,24,0,0,0,0,0,0
111130,399,85,15867,9386,9365,21,0,0,0,0,0,0
111211,399,85,2278,680,664,12,4,0,0,0,0,0
111310,399,85,2883,873,845,25,3,0,0,0,0,0
111411,399,85,5031,814,778,27,9,0,0,0,0,0
111910,399,85,8,4,4,0,0,0,0,0,0,0
111930,399,85,17368,11146,11110,29,4,3,0,0,0,0
112111,399,85,15305,7629,7516,102,10,1,0,0,0,0
112112,399,85,969,419,418,1,0,0,0,0,0,0
112120,399,85,4590,1021,978,43,0,0,0,0,0,0
112210,399,85,2624,877,877,0,0,0,0,0,0,0
112310,399,85,5375,1751,1707,44,0,0,0,0,0,0
112410,399,85,3357,1950,1935,13,2,0,0,0,0,0
112511,399,85,10400,4335,4292,32,7,4,0,0,0,0
111110,401,86,179,104,104,0,0,0,0,0,0,0
111130,401,86,320,173,172,1,0,0,0,0,0,0
111211,401,86,169,88,86,2,0,0,0,0,0,0
111310,401,86,629,326,324,2,0,0,0,0,0,0
111411,401,86,907,116,106,9,1,0,0,0,0,0
111920,401,86,8,6,6,0,0,0,0,0,0,0
111930,401,86,3265,1634,1615,16,2,1,0,0,0,0
112111,401,86,10935,5501,5433,60,8,0,0,0,0,0
112112,401,86,86,14,11,3,0,0,0,0,0,0
112120,401,86,234,35,31,4,0,0,0,0,0,0
112210,401,86,915,201,188,13,0,0,0,0,0,0
112310,401,86,1660,761,745,16,0,0,0,0,0,0
112410,401,86,882,493,490,3,0,0,0,0,0,0
112511,401,86,2519,1467,1458,7,2,0,0,0,0,0
111110,402,87,89,58,58,0,0,0,0,0,0,0
111130,402,87,148,70,70,0,0,0,0,0,0,0
111211,402,87,92,56,55,1,0,0,0,0,0,0
111310,402,87,536,284,282,2,0,0,0,0,0,0
111411,402,87,645,88,83,4,1,0,0,0,0,0
111930,402,87,1986,1426,1419,7,0,0,0,0,0,0
112111,402,87,9474,4818,4757,54,7,0,0,0,0,0
112112,402,87,12,4,4,0,0,0,0,0,0,0
112120,402,87,37,8,8,0,0,0,0,0,0,0
112210,402,87,335,99,94,5,0,0,0,0,0,0
112310,402,87,1130,504,489,15,0,0,0,0,0,0
112410,402,87,663,409,406,3,0,0,0,0,0,0
112511,402,87,1827,1129,1123,6,0,0,0,0,0,0
111110,409,88,2435,1265,1259,6,0,0,0,0,0,0
111130,409,88,3095,1661,1654,7,0,0,0,0,0,0
111211,409,88,456,195,192,2,1,0,0,0,0,0
111310,409,88,1709,863,854,9,0,0,0,0,0,0
111411,409,88,2182,217,194,18,5,0,0,0,0,0
111920,409,88,691,363,363,0,0,0,0,0,0,0
111930,409,88,15428,9357,9283,66,7,1,0,0,0,0
112111,409,88,57366,28166,27760,377,29,0,0,0,0,0
112112,409,88,347,81,72,9,0,0,0,0,0,0
112120,409,88,548,105,100,5,0,0,0,0,0,0
112210,409,88,1660,404,382,22,0,0,0,0,0,0
112310,409,88,4464,1874,1823,51,0,0,0,0,0,0
112410,409,88,3241,1661,1643,16,1,1,0,0,0,0
112511,409,88,7976,4294,4257,32,2,3,0,0,0,0
111110,411,89,79,31,31,0,0,0,0,0,0,0
111130,411,89,115,36,36,0,0,0,0,0,0,0
111211,411,89,2621,354,316,28,10,0,0,0,0,0
111310,411,89,10129,1615,1475,121,19,0,0,0,0,0
111411,411,89,12768,1667,1541,101,25,0,0,0,0,0
111930,411,89,4296,1607,1558,45,4,0,0,0,0,0
112111,411,89,3615,1652,1629,23,0,0,0,0,0,0
112112,411,89,46,10,9,1,0,0,0,0,0,0
112120,411,89,313,31,26,5,0,0,0,0,0,0
112210,411,89,269,117,115,2,0,0,0,0,0,0
112310,411,89,1277,559,554,1,4,0,0,0,0,0
112410,411,89,1326,500,486,13,1,0,0,0,0,0
112511,411,89,2741,1173,1152,17,4,0,0,0,0,0
111110,419,90,873,312,309,3,0,0,0,0,0,0
111130,419,90,1207,414,412,2,0,0,0,0,0,0
111211,419,90,5199,749,676,51,22,0,0,0,0,0
111310,419,90,17143,2557,2329,195,33,0,0,0,0,0
111411,419,90,11518,1490,1380,86,24,0,0,0,0,0
111930,419,90,19414,6462,6209,229,24,0,0,0,0,0
112111,419,90,18868,7913,7792,111,10,0,0,0,0,0
112112,419,90,703,128,120,8,0,0,0,0,0,0
112120,419,90,1515,169,145,24,0,0,0,0,0,0
112210,419,90,457,207,203,4,0,0,0,0,0,0
112310,419,90,2688,965,946,12,7,0,0,0,0,0
112410,419,90,3043,1598,1573,24,1,0,0,0,0,0
112511,419,90,7499,3231,3178,45,7,0,1,0,0,0
111110,421,91,489,261,259,2,0,0,0,0,0,0
111130,421,91,748,412,411,1,0,0,0,0,0,0
111211,421,91,1314,235,224,8,3,0,0,0,0,0
111310,421,91,911,209,202,6,1,0,0,0,0,0
111411,421,91,3754,515,493,12,10,0,0,0,0,0
111910,421,91,33,9,9,0,0,0,0,0,0,0
111930,421,91,1591,814,811,3,0,0,0,0,0,0
112111,421,91,723,359,354,5,0,0,0,0,0,0
112112,421,91,92,43,43,0,0,0,0,0,0,0
112120,421,91,1383,286,275,11,0,0,0,0,0,0
112210,421,91,148,49,49,0,0,0,0,0,0,0
112310,421,91,1022,350,344,6,0,0,0,0,0,0
112410,421,91,393,256,252,4,0,0,0,0,0,0
112511,421,91,2353,1068,1057,8,3,0,0,0,0,0
111110,422,92,497,280,279,1,0,0,0,0,0,0
111130,422,92,687,421,420,1,0,0,0,0,0,0
111211,422,92,727,194,186,7,1,0,0,0,0,0
111310,422,92,1158,244,226,16,2,0,0,0,0,0
111411,422,92,2190,255,239,12,4,0,0,0,0,0
111930,422,92,4479,2140,2131,8,0,1,0,0,0,0
112111,422,92,2856,1291,1278,11,0,2,0,0,0,0
112112,422,92,119,57,56,1,0,0,0,0,0,0
112120,422,92,618,133,127,6,0,0,0,0,0,0
112210,422,92,140,61,61,0,0,0,0,0,0,0
112310,422,92,740,235,226,9,0,0,0,0,0,0
112410,422,92,569,294,290,4,0,0,0,0,0,0
112511,422,92,1986,882,876,4,1,1,0,0,0,0
111110,429,93,4505,2551,2542,9,0,0,0,0,0,0
111130,429,93,6075,3542,3529,13,0,0,0,0,0,0
111211,429,93,4838,1225,1169,50,6,0,0,0,0,0
111310,429,93,8552,1753,1642,101,10,0,0,0,0,0
111411,429,93,11558,1680,1608,47,25,0,0,0,0,0
111910,429,93,404,103,103,0,0,0,0,0,0,0
111930,429,93,20318,9892,9840,47,3,2,0,0,0,0
112111,429,93,10572,5192,5142,47,1,2,0,0,0,0
112112,429,93,1117,476,471,5,0,0,0,0,0,0
112120,429,93,14135,2696,2556,140,0,0,0,0,0,0
112210,429,93,1994,647,647,0,0,0,0,0,0,0
112310,429,93,7239,2376,2311,65,0,0,0,0,0,0
112410,429,93,3256,1515,1485,29,0,1,0,0,0,0
112511,429,93,10842,4052,4003,32,10,7,0,0,0,0
111110,440,94,2,2,2,0,0,0,0,0,0,0
111130,440,94,27,8,8,0,0,0,0,0,0,0
111211,440,94,860,201,193,8,0,0,0,0,0,0
111310,440,94,285,100,96,4,0,0,0,0,0,0
111411,440,94,916,190,175,14,1,0,0,0,0,0
111930,440,94,260,121,121,0,0,0,0,0,0,0
112111,440,94,278,116,113,3,0,0,0,0,0,0
112112,440,94,1,1,1,0,0,0,0,0,0,0
112120,440,94,50,10,9,1,0,0,0,0,0,0
112210,440,94,14,10,10,0,0,0,0,0,0,0
112310,440,94,178,58,56,2,0,0,0,0,0,0
112410,440,94,110,57,56,1,0,0,0,0,0,0
112511,440,94,411,180,174,6,0,0,0,0,0,0
111110,451,95,167,53,52,1,0,0,0,0,0,0
111130,451,95,151,91,91,0,0,0,0,0,0,0
111211,451,95,527,88,82,4,2,0,0,0,0,0
111310,451,95,213,66,63,3,0,0,0,0,0,0
111411,451,95,147,42,40,2,0,0,0,0,0,0
111920,451,95,26,13,13,0,0,0,0,0,0,0
111930,451,95,490,297,294,3,0,0,0,0,0,0
112111,451,95,165,120,120,0,0,0,0,0,0,0
112120,451,95,2,2,2,0,0,0,0,0,0,0
112210,451,95,18,18,18,0,0,0,0,0,0,0
112310,451,95,159,69,69,0,0,0,0,0,0,0
112410,451,95,38,31,31,0,0,0,0,0,0,0
112511,451,95,318,173,172,1,0,0,0,0,0,0
111110,452,96,98,53,53,0,0,0,0,0,0,0
111130,452,96,157,64,63,1,0,0,0,0,0,0
111211,452,96,1480,312,300,7,5,0,0,0,0,0
111310,452,96,728,346,343,2,1,0,0,0,0,0
111411,452,96,1190,207,191,14,2,0,0,0,0,0
111930,452,96,3621,1750,1719,30,1,0,0,0,0,0
112111,452,96,3812,2066,2050,14,1,1,0,0,0,0
112120,452,96,116,23,22,1,0,0,0,0,0,0
112210,452,96,96,61,61,0,0,0,0,0,0,0
112310,452,96,1228,449,449,0,0,0,0,0,0,0
112410,452,96,548,374,374,0,0,0,0,0,0,0
112511,452,96,1703,962,952,10,0,0,0,0,0,0
111110,459,97,1375,652,640,12,0,0,0,0,0,0
111130,459,97,2006,870,849,21,0,0,0,0,0,0
111211,459,97,2853,706,678,20,8,0,0,0,0,0
111310,459,97,2762,679,656,17,6,0,0,0,0,0
111411,459,97,2649,421,384,31,6,0,0,0,0,0
111910,459,97,82,15,15,0,0,0,0,0,0,0
111920,459,97,551,266,266,0,0,0,0,0,0,0
111930,459,97,8297,4190,4121,67,2,0,0,0,0,0
112111,459,97,4918,2921,2894,27,0,0,0,0,0,0
112120,459,97,221,35,33,2,0,0,0,0,0,0
112210,459,97,448,166,163,3,0,0,0,0,0,0
112310,459,97,3535,1206,1206,0,0,0,0,0,0,0
112410,459,97,1255,784,781,3,0,0,0,0,0,0
112511,459,97,4594,1992,1971,18,1,0,2,0,0,0
111110,460,98,7674,4250,4250,0,0,0,0,0,0,0
111130,460,98,10588,5890,5890,0,0,0,0,0,0,0
111211,460,98,440,131,128,3,0,0,0,0,0,0
111310,460,98,276,111,108,3,0,0,0,0,0,0
111411,460,98,774,117,112,4,1,0,0,0,0,0
111930,460,98,10269,7345,7313,32,0,0,0,0,0,0
112111,460,98,14159,7055,6987,68,0,0,0,0,0,0
112112,460,98,1461,403,403,0,0,0,0,0,0,0
112120,460,98,2385,117,51,66,0,0,0,0,0,0
112210,460,98,1735,245,245,0,0,0,0,0,0,0
112310,460,98,1083,319,307,12,0,0,0,0,0,0
112410,460,98,1341,675,666,7,2,0,0,0,0,0
112511,460,98,4026,1641,1605,36,0,0,0,0,0,0
111110,471,99,222,95,95,0,0,0,0,0,0,0
111130,471,99,369,158,156,2,0,0,0,0,0,0
111211,471,99,236,25,24,0,1,0,0,0,0,0
111310,471,99,64,40,40,0,0,0,0,0,0,0
111411,471,99,155,52,49,3,0,0,0,0,0,0
111920,471,99,49,31,31,0,0,0,0,0,0,0
111930,471,99,929,606,606,0,0,0,0,0,0,0
112111,471,99,512,340,339,1,0,0,0,0,0,0
112112,471,99,23,8,8,0,0,0,0,0,0,0
112120,471,99,1,1,1,0,0,0,0,0,0,0
112210,471,99,21,12,12,0,0,0,0,0,0,0
112310,471,99,167,69,67,2,0,0,0,0,0,0
112410,471,99,39,22,22,0,0,0,0,0,0,0
112511,471,99,710,197,192,4,1,0,0,0,0,0
111110,472,100,437,222,219,3,0,0,0,0,0,0
111130,472,100,789,355,351,4,0,0,0,0,0,0
111211,472,100,594,206,202,3,1,0,0,0,0,0
111310,472,100,627,281,277,4,0,0,0,0,0,0
111411,472,100,1011,178,163,12,3,0,0,0,0,0
111910,472,100,632,103,94,9,0,0,0,0,0,0
111930,472,100,5950,3596,3581,14,1,0,0,0,0,0
112111,472,100,8011,4829,4802,24,3,0,0,0,0,0
112112,472,100,162,74,74,0,0,0,0,0,0,0
112120,472,100,229,50,45,5,0,0,0,0,0,0
112210,472,100,114,51,49,2,0,0,0,0,0,0
112310,472,100,1137,483,471,12,0,0,0,0,0,0
112410,472,100,985,629,629,0,0,0,0,0,0,0
112511,472,100,3232,1532,1507,24,0,1,0,0,0,0
111110,479,101,2981,1398,1384,14,0,0,0,0,0,0
111130,479,101,4186,2009,1984,25,0,0,0,0,0,0
111211,479,101,3330,953,927,19,7,0,0,0,0,0
111310,479,101,1791,961,952,9,0,0,0,0,0,0
111411,479,101,4802,869,800,60,9,0,0,0,0,0
111910,479,101,355,51,47,3,1,0,0,0,0,0
111920,479,101,607,215,215,0,0,0,0,0,0,0
111930,479,101,24782,14606,14549,50,6,1,0,0,0,0
112111,479,101,34313,19278,19141,116,17,4,0,0,0,0
112112,479,101,679,314,308,6,0,0,0,0,0,0
112120,479,101,641,173,167,6,0,0,0,0,0,0
112210,479,101,853,249,235,14,0,0,0,0,0,0
112310,479,101,3902,1717,1682,35,0,0,0,0,0,0
112410,479,101,2814,1579,1572,7,0,0,0,0,0,0
112511,479,101,8904,4488,4419,65,4,0,0,0,0,0
111110,481,102,213,102,102,0,0,0,0,0,0,0
111130,481,102,221,133,133,0,0,0,0,0,0,0
111211,481,102,394,74,67,7,0,0,0,0,0,0
111310,481,102,627,243,239,4,0,0,0,0,0,0
111411,481,102,698,100,94,3,3,0,0,0,0,0
111920,481,102,86,40,40,0,0,0,0,0,0,0
111930,481,102,1570,773,762,10,1,0,0,0,0,0
112111,481,102,6904,3920,3866,52,2,0,0,0,0,0
112112,481,102,50,8,8,0,0,0,0,0,0,0
112120,481,102,189,9,4,5,0,0,0,0,0,0
112210,481,102,40,40,40,0,0,0,0,0,0,0
112310,481,102,749,303,293,10,0,0,0,0,0,0
112410,481,102,1467,693,680,12,1,0,0,0,0,0
112511,481,102,2554,924,908,14,0,2,0,0,0,0
111110,482,103,27,10,10,0,0,0,0,0,0,0
111130,482,103,28,10,10,0,0,0,0,0,0,0
111211,482,103,142,16,14,2,0,0,0,0,0,0
111310,482,103,111,75,75,0,0,0,0,0,0,0
111411,482,103,285,22,20,0,2,0,0,0,0,0
111930,482,103,454,258,253,5,0,0,0,0,0,0
112111,482,103,1763,796,782,12,2,0,0,0,0,0
112210,482,103,28,26,26,0,0,0,0,0,0,0
112310,482,103,500,204,198,6,0,0,0,0,0,0
112410,482,103,170,102,101,1,0,0,0,0,0,0
112511,482,103,576,212,209,2,1,0,0,0,0,0
111110,483,104,108,54,54,0,0,0,0,0,0,0
111130,483,104,108,56,56,0,0,0,0,0,0,0
111211,483,104,11,11,11,0,0,0,0,0,0,0
111310,483,104,2,2,2,0,0,0,0,0,0,0
111411,483,104,218,28,26,1,1,0,0,0,0,0
111920,483,104,336,174,174,0,0,0,0,0,0,0
111930,483,104,603,310,304,6,0,0,0,0,0,0
112111,483,104,1296,740,729,10,1,0,0,0,0,0
112112,483,104,3,2,2,0,0,0,0,0,0,0
112210,483,104,14,14,14,0,0,0,0,0,0,0
112310,483,104,157,68,66,2,0,0,0,0,0,0
112410,483,104,115,70,69,1,0,0,0,0,0,0
112511,483,104,215,129,127,2,0,0,0,0,0,0
111110,484,105,407,177,174,3,0,0,0,0,0,0
111130,484,105,575,248,244,4,0,0,0,0,0,0
111211,484,105,1116,193,172,21,0,0,0,0,0,0
111310,484,105,3299,1043,1030,11,0,2,0,0,0,0
111411,484,105,2722,328,294,24,10,0,0,0,0,0
111920,484,105,27,25,25,0,0,0,0,0,0,0
111930,484,105,12070,6654,6566,88,0,0,0,0,0,0
112111,484,105,37409,19300,19005,276,19,0,0,0,0,0
112112,484,105,88,16,16,0,0,0,0,0,0,0
112120,484,105,496,27,13,14,0,0,0,0,0,0
112210,484,105,176,157,157,0,0,0,0,0,0,0
112310,484,105,4806,1948,1891,57,0,0,0,0,0,0
112410,484,105,6495,3001,2955,42,3,0,1,0,0,0
112511,484,105,11094,5399,5308,87,2,2,0,0,0,0
111211,485,106,14,5,5,0,0,0,0,0,0,0
111310,485,106,764,274,270,4,0,0,0,0,0,0
111411,485,106,121,18,16,2,0,0,0,0,0,0
111920,485,106,52,19,18,1,0,0,0,0,0,0
111930,485,106,164,98,97,1,0,0,0,0,0,0
112111,485,106,45,41,41,0,0,0,0,0,0,0
112310,485,106,43,31,31,0,0,0,0,0,0,0
112410,485,106,37,31,31,0,0,0,0,0,0,0
112511,485,106,112,64,62,2,0,0,0,0,0,0
111110,486,107,180,97,96,1,0,0,0,0,0,0
111130,486,107,304,137,135,2,0,0,0,0,0,0
111211,486,107,689,129,119,10,0,0,0,0,0,0
111310,486,107,913,385,382,2,1,0,0,0,0,0
111411,486,107,2613,280,246,25,9,0,0,0,0,0
111920,486,107,381,163,160,3,0,0,0,0,0,0
111930,486,107,3813,2167,2147,19,1,0,0,0,0,0
112111,486,107,15258,8147,8028,114,5,0,0,0,0,0
112112,486,107,23,6,6,0,0,0,0,0,0,0
112120,486,107,251,14,8,6,0,0,0,0,0,0
112210,486,107,100,94,94,0,0,0,0,0,0,0
112310,486,107,2191,908,882,26,0,0,0,0,0,0
112410,486,107,877,487,478,9,0,0,0,0,0,0
112511,486,107,4054,2061,2020,40,1,0,0,0,0,0
111110,487,108,1,1,1,0,0,0,0,0,0,0
111130,487,108,5,1,1,0,0,0,0,0,0,0
111930,487,108,32,32,32,0,0,0,0,0,0,0
112111,487,108,785,510,502,8,0,0,0,0,0,0
112310,487,108,63,11,9,2,0,0,0,0,0,0
112410,487,108,56,46,46,0,0,0,0,0,0,0
112511,487,108,282,58,57,0,1,0,0,0,0,0
111110,488,109,142,65,64,1,0,0,0,0,0,0
111130,488,109,231,103,102,1,0,0,0,0,0,0
111211,488,109,379,56,46,10,0,0,0,0,0,0
111310,488,109,792,352,350,2,0,0,0,0,0,0
111411,488,109,352,73,69,4,0,0,0,0,0,0
111920,488,109,23,11,11,0,0,0,0,0,0,0
111930,488,109,2772,1577,1557,19,1,0,0,0,0,0
112111,488,109,15933,7763,7620,137,6,0,0,0,0,0
112112,488,109,53,8,8,0,0,0,0,0,0,0
112120,488,109,158,10,5,5,0,0,0,0,0,0
112210,488,109,1026,109,104,2,0,3,0,0,0,0
112310,488,109,1290,599,591,8,0,0,0,0,0,0
112410,488,109,2614,1538,1515,23,0,0,0,0,0,0
112511,488,109,3042,1345,1322,21,1,1,0,0,0,0
111110,489,110,3508,1656,1642,14,0,0,0,0,0,0
111130,489,110,4685,2265,2243,22,0,0,0,0,0,0
111211,489,110,5216,1019,913,106,0,0,0,0,0,0
111310,489,110,8395,3420,3389,28,2,1,0,0,0,0
111411,489,110,7878,799,705,63,31,0,0,0,0,0
111920,489,110,5951,3055,3044,11,0,0,0,0,0,0
111930,489,110,51731,29599,29230,359,10,0,0,0,0,0
112111,489,110,155779,78270,76974,1217,79,0,0,0,0,0
112112,489,110,1881,261,261,0,0,0,0,0,0,0
112120,489,110,6173,334,166,168,0,0,0,0,0,0
112210,489,110,1944,794,788,2,1,3,0,0,0,0
112310,489,110,12572,5040,4897,143,0,0,0,0,0,0
112410,489,110,19372,10683,10522,159,2,0,0,0,0,0
112511,489,110,29471,14276,14064,198,9,5,0,0,0,0
111110,491,111,158,40,38,2,0,0,0,0,0,0
111130,491,111,143,60,59,1,0,0,0,0,0,0
111211,491,111,434,192,189,3,0,0,0,0,0,0
111310,491,111,873,177,173,3,0,1,0,0,0,0
111411,491,111,1153,136,125,7,4,0,0,0,0,0
111930,491,111,3529,1559,1539,20,0,0,0,0,0,0
112111,491,111,3784,1473,1430,42,1,0,0,0,0,0
112112,491,111,113,34,32,2,0,0,0,0,0,0
112120,491,111,493,42,32,10,0,0,0,0,0,0
112210,491,111,106,46,44,2,0,0,0,0,0,0
112310,491,111,876,162,149,13,0,0,0,0,0,0
112410,491,111,762,268,261,7,0,0,0,0,0,0
112511,491,111,2990,1216,1193,19,4,0,0,0,0,0
111110,499,112,187,83,82,1,0,0,0,0,0,0
111130,499,112,245,94,92,2,0,0,0,0,0,0
111211,499,112,1270,278,268,8,2,0,0,0,0,0
111310,499,112,1232,304,296,7,1,0,0,0,0,0
111411,499,112,1713,176,162,7,7,0,0,0,0,0
111930,499,112,9360,3734,3684,47,3,0,0,0,0,0
112111,499,112,10244,3837,3708,128,1,0,0,0,0,0
112112,499,112,267,72,68,4,0,0,0,0,0,0
112120,499,112,1655,120,87,33,0,0,0,0,0,0
112210,499,112,889,131,111,20,0,0,0,0,0,0
112310,499,112,1234,303,285,18,0,0,0,0,0,0
112410,499,112,1989,845,825,20,0,0,0,0,0,0
112511,499,112,4868,2004,1976,22,4,2,0,0,0,0
111110,500,113,39,35,35,0,0,0,0,0,0,0
111130,500,113,62,51,51,0,0,0,0,0,0,0
111211,500,113,1284,399,384,15,0,0,0,0,0,0
111310,500,113,1476,448,439,9,0,0,0,0,0,0
111411,500,113,1679,458,440,17,1,0,0,0,0,0
111930,500,113,5540,2516,2497,17,2,0,0,0,0,0
112111,500,113,1310,623,617,6,0,0,0,0,0,0
112112,500,113,47,12,11,1,0,0,0,0,0,0
112120,500,113,2762,441,403,38,0,0,0,0,0,0
112210,500,113,165,74,73,1,0,0,0,0,0,0
112310,500,113,819,317,310,6,1,0,0,0,0,0
112410,500,113,759,424,422,2,0,0,0,0,0,0
112511,500,113,1967,739,717,22,0,0,0,0,0,0
111110,511,114,430,193,191,2,0,0,0,0,0,0
111130,511,114,478,271,271,0,0,0,0,0,0,0
111211,511,114,270,142,141,1,0,0,0,0,0,0
111310,511,114,392,136,133,3,0,0,0,0,0,0
111411,511,114,852,149,144,2,3,0,0,0,0,0
111910,511,114,81,7,5,2,0,0,0,0,0,0
111920,511,114,18,11,11,0,0,0,0,0,0,0
111930,511,114,1808,800,792,7,0,1,0,0,0,0
112111,511,114,1215,705,695,10,0,0,0,0,0,0
112112,511,114,46,9,8,1,0,0,0,0,0,0
112120,511,114,89,18,18,0,0,0,0,0,0,0
112210,511,114,101,43,41,2,0,0,0,0,0,0
112310,511,114,589,233,233,0,0,0,0,0,0,0
112410,511,114,281,157,156,1,0,0,0,0,0,0
112511,511,114,1642,568,553,14,0,1,0,0,0,0
111110,512,115,254,112,112,0,0,0,0,0,0,0
111130,512,115,333,159,159,0,0,0,0,0,0,0
111211,512,115,188,54,51,3,0,0,0,0,0,0
111310,512,115,409,65,63,1,0,1,0,0,0,0
111411,512,115,195,73,71,2,0,0,0,0,0,0
111920,512,115,102,48,48,0,0,0,0,0,0,0
111930,512,115,280,170,168,2,0,0,0,0,0,0
112111,512,115,199,82,79,3,0,0,0,0,0,0
112120,512,115,74,7,6,1,0,0,0,0,0,0
112210,512,115,95,16,14,2,0,0,0,0,0,0
112310,512,115,253,110,110,0,0,0,0,0,0,0
112410,512,115,36,32,32,0,0,0,0,0,0,0
112511,512,115,628,274,265,9,0,0,0,0,0,0
111110,513,116,146,66,66,0,0,0,0,0,0,0
111130,513,116,226,104,104,0,0,0,0,0,0,0
111211,513,116,320,146,145,1,0,0,0,0,0,0
111310,513,116,1740,342,331,8,1,2,0,0,0,0
111411,513,116,1679,255,241,10,4,0,0,0,0,0
111930,513,116,2608,1247,1237,9,0,1,0,0,0,0
112111,513,116,2197,1241,1228,12,1,0,0,0,0,0
112112,513,116,114,30,28,2,0,0,0,0,0,0
112120,513,116,113,21,20,1,0,0,0,0,0,0
112210,513,116,109,46,45,1,0,0,0,0,0,0
112310,513,116,865,341,341,0,0,0,0,0,0,0
112410,513,116,459,290,288,2,0,0,0,0,0,0
112511,513,116,2704,1171,1144,26,0,1,0,0,0,0
111110,519,117,1168,572,572,0,0,0,0,0,0,0
111130,519,117,1681,770,768,2,0,0,0,0,0,0
111211,519,117,2257,536,519,13,4,0,0,0,0,0
111310,519,117,3913,1068,1042,21,2,3,0,0,0,0
111411,519,117,4615,751,714,25,12,0,0,0,0,0
111910,519,117,802,131,127,4,0,0,0,0,0,0
111920,519,117,155,68,68,0,0,0,0,0,0,0
111930,519,117,13994,7436,7371,60,5,0,0,0,0,0
112111,519,117,21588,11440,11273,162,5,0,0,0,0,0
112112,519,117,424,199,196,3,0,0,0,0,0,0
112120,519,117,1624,321,309,12,0,0,0,0,0,0
112210,519,117,447,149,144,5,0,0,0,0,0,0
112310,519,117,3802,1593,1593,0,0,0,0,0,0,0
112410,519,117,2278,1310,1309,0,0,1,0,0,0,0
112511,519,117,6935,2707,2654,43,8,2,0,0,0,0
111110,531,118,36,15,15,0,0,0,0,0,0,0
111130,531,118,62,14,14,0,0,0,0,0,0,0
111211,531,118,5176,452,382,46,24,0,0,0,0,0
111310,531,118,18062,591,456,91,21,23,0,0,0,0
111411,531,118,5608,871,826,34,11,0,0,0,0,0
111930,531,118,4436,1126,1086,31,9,0,0,0,0,0
112111,531,118,3722,1835,1807,22,6,0,0,0,0,0
112112,531,118,176,17,12,5,0,0,0,0,0,0
112120,531,118,962,62,41,21,0,0,0,0,0,0
112210,531,118,190,144,144,0,0,0,0,0,0,0
112310,531,118,1883,465,445,11,9,0,0,0,0,0
112410,531,118,746,401,399,2,0,0,0,0,0,0
112511,531,118,4973,1681,1628,40,13,0,0,0,0,0
111110,539,119,3042,991,987,4,0,0,0,0,0,0
111130,539,119,3961,1322,1307,15,0,0,0,0,0,0
111211,539,119,10843,806,664,78,64,0,0,0,0,0
111310,539,119,103263,3641,2833,555,139,114,0,0,0,0
111411,539,119,6095,928,881,34,13,0,0,0,0,0
111930,539,119,22075,6372,6183,149,40,0,0,0,0,0
112111,539,119,11488,5415,5334,66,15,0,0,0,0,0
112112,539,119,458,81,69,12,0,0,0,0,0,0
112120,539,119,3037,214,143,71,0,0,0,0,0,0
112210,539,119,587,212,211,0,0,1,0,0,0,0
112310,539,119,2001,728,710,8,10,0,0,0,0,0
112410,539,119,1533,891,884,7,0,0,0,0,0,0
112511,539,119,7929,2801,2723,58,20,0,0,0,0,0
111110,540,120,273,128,126,2,0,0,0,0,0,0
111130,540,120,313,166,165,1,0,0,0,0,0,0
111211,540,120,1173,639,635,3,1,0,0,0,0,0
111310,540,120,1844,767,758,5,4,0,0,0,0,0
111411,540,120,1291,444,437,6,0,1,0,0,0,0
111910,540,120,2,2,2,0,0,0,0,0,0,0
111930,540,120,13294,8417,8331,85,1,0,0,0,0,0
112111,540,120,14459,8012,7934,74,3,1,0,0,0,0
112112,540,120,243,105,103,2,0,0,0,0,0,0
112120,540,120,337,82,77,5,0,0,0,0,0,0
112210,540,120,264,184,184,0,0,0,0,0,0,0
112310,540,120,2791,1144,1135,9,0,0,0,0,0,0
112410,540,120,1150,670,668,2,0,0,0,0,0,0
112511,540,120,4046,2027,1998,26,3,0,0,0,0,0
111110,551,121,268,143,142,1,0,0,0,0,0,0
111110,551,55101,135,87,87,0,0,0,0,0,0,0
111130,551,121,377,195,193,2,0,0,0,0,0,0
111130,551,55101,183,117,117,0,0,0,0,0,0,0
111211,551,121,538,134,125,9,0,0,0,0,0,0
111211,551,55101,15,12,12,0,0,0,0,0,0,0
111310,551,121,206,65,61,4,0,0,0,0,0,0
111310,551,55101,171,17,15,1,1,0,0,0,0,0
111411,551,121,1058,141,132,5,4,0,0,0,0,0
111411,551,55101,111,28,27,1,0,0,0,0,0,0
111930,551,121,467,227,223,4,0,0,0,0,0,0
111930,551,55101,94,67,67,0,0,0,0,0,0,0
112111,551,121,133,79,78,1,0,0,0,0,0,0
112111,551,55101,148,56,54,2,0,0,0,0,0,0
112112,551,121,92,32,31,1,0,0,0,0,0,0
112112,551,55101,8,6,6,0,0,0,0,0,0,0
112120,551,121,572,98,93,5,0,0,0,0,0,0
112120,551,55101,53,15,15,0,0,0,0,0,0,0
112210,551,121,32,16,16,0,0,0,0,0,0,0
112210,551,55101,18,17,17,0,0,0,0,0,0,0
112310,551,121,192,57,54,3,0,0,0,0,0,0
112310,551,55101,97,39,37,2,0,0,0,0,0,0
112410,551,121,74,51,51,0,0,0,0,0,0,0
112410,551,55101,41,20,20,0,0,0,0,0,0,0
112511,551,121,772,173,170,1,0,2,0,0,0,0
112511,551,55101,204,59,58,0,1,0,0,0,0,0
111110,559,122,11674,6681,6661,20,0,0,0,0,0,0
111110,559,55059,84,47,47,0,0,0,0,0,0,0
111110,559,55127,211,112,112,0,0,0,0,0,0,0
111130,559,122,15720,9096,9074,22,0,0,0,0,0,0
111130,559,55059,95,55,55,0,0,0,0,0,0,0
111130,559,55127,230,152,152,0,0,0,0,0,0,0
111211,559,122,6414,1378,1283,95,0,0,0,0,0,0
111211,559,55059,19,17,17,0,0,0,0,0,0,0
111211,559,55127,559,55,45,10,0,0,0,0,0,0
111310,559,122,7463,1518,1412,94,12,0,0,0,0,0
111310,559,55059,93,18,17,1,0,0,0,0,0,0
111310,559,55127,123,20,17,3,0,0,0,0,0,0
111411,559,122,7124,1520,1440,65,15,0,0,0,0,0
111411,559,55059,54,26,26,0,0,0,0,0,0,0
111411,559,55127,117,35,32,3,0,0,0,0,0,0
111910,559,122,74,23,22,1,0,0,0,0,0,0
111930,559,122,22085,12943,12809,111,23,0,0,0,0,0
111930,559,55059,79,69,69,0,0,0,0,0,0,0
111930,559,55127,223,157,156,1,0,0,0,0,0,0
112111,559,122,15355,8120,8027,83,10,0,0,0,0,0
112111,559,55059,54,25,25,0,0,0,0,0,0,0
112111,559,55127,175,87,86,1,0,0,0,0,0,0
112112,559,122,1646,785,783,2,0,0,0,0,0,0
112112,559,55127,8,7,7,0,0,0,0,0,0,0
112120,559,122,32222,5151,4808,343,0,0,0,0,0,0
112120,559,55059,53,14,14,0,0,0,0,0,0,0
112120,559,55127,296,41,38,3,0,0,0,0,0,0
112210,559,122,1424,526,516,10,0,0,0,0,0,0
112210,559,55059,12,10,10,0,0,0,0,0,0,0
112210,559,55127,70,22,21,1,0,0,0,0,0,0
112310,559,122,4533,1796,1728,68,0,0,0,0,0,0
112310,559,55059,17,17,17,0,0,0,0,0,0,0
112310,559,55127,86,28,26,2,0,0,0,0,0,0
112410,559,122,3140,1475,1470,3,1,1,0,0,0,0
112410,559,55059,42,27,27,0,0,0,0,0,0,0
112410,559,55127,118,46,45,1,0,0,0,0,0,0
112511,559,122,9068,4329,4293,26,2,8,0,0,0,0
112511,559,55059,49,43,43,0,0,0,0,0,0,0
112511,559,55127,205,99,97,2,0,0,0,0,0,0
111110,560,123,506,210,208,2,0,0,0,0,0,0
111130,560,123,530,227,225,2,0,0,0,0,0,0
111211,560,123,200,42,41,0,1,0,0,0,0,0
111310,560,123,47,37,37,0,0,0,0,0,0,0
111411,560,123,384,73,70,3,0,0,0,0,0,0
111930,560,123,5109,2634,2596,38,0,0,0,0,0,0
112111,560,123,10921,4395,4358,37,0,0,0,0,0,0
112112,560,123,406,91,82,9,0,0,0,0,0,0
112120,560,123,152,29,26,3,0,0,0,0,0,0
112210,560,123,356,71,68,3,0,0,0,0,0,0
112310,560,123,383,229,226,2,1,0,0,0,0,0
112410,560,123,1138,401,391,10,0,0,0,0,0,0
112511,560,123,4337,2105,2082,16,7,0,0,0,0,0
