Industry_NAICS6_CBP,FAFZONE,CBPZONE,employment,establishment,e1,e2,e3,e4,e5,e6,e7,e8
111110,11,1,326,88,83,5,0,0,0,0,0,0
111130,11,1,558,168,160,8,0,0,0,0,0,0
111211,11,1,265,176,175,1,0,0,0,0,0,0
111310,11,1,172,163,163,0,0,0,0,0,0,0
111411,11,1,442,97,90,7,0,0,0,0,0,0
111920,11,1,279,47,46,1,0,0,0,0,0,0
111930,11,1,2220,1418,1401,17,0,0,0,0,0,0
112111,11,1,2705,2399,2398,1,0,0,0,0,0,0
112120,11,1,79,7,5,2,0,0,0,0,0,0
112210,11,1,130,29,26,3,0,0,0,0,0,0
112310,11,1,6791,517,354,163,0,0,0,0,0,0
112410,11,1,267,267,267,0,0,0,0,0,0,0
112511,11,1,868,590,582,8,0,0,0,0,0,0
111110,12,2,53,27,27,0,0,0,0,0,0,0
111130,12,2,315,62,54,8,0,0,0,0,0,0
111211,12,2,97,57,57,0,0,0,0,0,0,0
111310,12,2,110,77,76,1,0,0,0,0,0,0
111411,12,2,46,28,28,0,0,0,0,0,0,0
111920,12,2,159,21,18,3,0,0,0,0,0,0
111930,12,2,789,541,537,4,0,0,0,0,0,0
112111,12,2,1016,952,952,0,0,0,0,0,0,0
112120,12,2,42,4,3,1,0,0,0,0,0,0
112210,12,2,75,10,8,2,0,0,0,0,0,0
112310,12,2,2700,205,149,56,0,0,0,0,0,0
112410,12,2,110,110,110,0,0,0,0,0,0,0
112511,12,2,347,256,254,2,0,0,0,0,0,0
111110,19,3,1754,504,478,26,0,0,0,0,0,0
111130,19,3,3791,987,927,60,0,0,0,0,0,0
111211,19,3,1169,850,843,7,0,0,0,0,0,0
111310,19,3,1170,1042,1041,1,0,0,0,0,0,0
111411,19,3,2288,528,490,38,0,0,0,0,0,0
111920,19,3,2267,300,267,33,0,0,0,0,0,0
111930,19,3,12184,8048,7975,73,0,0,0,0,0,0
112111,19,3,16349,14347,14328,19,0,0,0,0,0,0
112120,19,3,412,76,69,7,0,0,0,0,0,0
112210,19,3,348,138,132,6,0,0,0,0,0,0
112310,19,3,39041,3093,2225,868,0,0,0,0,0,0
112410,19,3,1540,1527,1527,0,0,0,0,0,0,0
112511,19,3,4375,3467,3448,19,0,0,0,0,0,0
111130,20,4,11,7,7,0,0,0,0,0,0,0
111211,20,4,130,108,108,0,0,0,0,0,0,0
111310,20,4,15,15,15,0,0,0,0,0,0,0
111411,20,4,199,147,147,0,0,0,0,0,0,0
111930,20,4,221,207,207,0,0,0,0,0,0,0
112111,20,4,51,51,51,0,0,0,0,0,0,0
112112,20,4,1,1,1,0,0,0,0,0,0,0
112120,20,4,13,6,6,0,0,0,0,0,0,0
112210,20,4,9,9,9,0,0,0,0,0,0,0
112310,20,4,26,26,26,0,0,0,0,0,0,0
112410,20,4,27,27,27,0,0,0,0,0,0,0
112511,20,4,280,158,158,0,0,0,0,0,0,0
111110,41,5,485,60,52,8,0,0,0,0,0,0
111130,41,5,705,129,116,13,0,0,0,0,0,0
111211,41,5,1374,398,385,13,0,0,0,0,0,0
111310,41,5,1163,213,198,15,0,0,0,0,0,0
111411,41,5,1446,107,83,24,0,0,0,0,0,0
111920,41,5,1634,48,13,35,0,0,0,0,0,0
111930,41,5,4539,337,267,70,0,0,0,0,0,0
112111,41,5,2828,1083,1054,29,0,0,0,0,0,0
112112,41,5,104,4,3,1,0,0,0,0,0,0
112120,41,5,1233,19,4,15,0,0,0,0,0,0
112210,41,5,85,64,64,0,0,0,0,0,0,0
112310,41,5,73,73,73,0,0,0,0,0,0,0
112410,41,5,1229,1220,1220,0,0,0,0,0,0,0
112511,41,5,2085,1474,1463,11,0,0,0,0,0,0
111110,42,6,28,9,9,0,0,0,0,0,0,0
111130,42,6,112,18,17,1,0,0,0,0,0,0
111211,42,6,340,77,74,3,0,0,0,0,0,0
111310,42,6,71,36,35,1,0,0,0,0,0,0
111411,42,6,242,18,15,3,0,0,0,0,0,0
111920,42,6,339,9,2,7,0,0,0,0,0,0
111930,42,6,794,67,55,12,0,0,0,0,0,0
112111,42,6,572,217,212,5,0,0,0,0,0,0
112112,42,6,85,2,1,1,0,0,0,0,0,0
112120,42,6,249,3,0,3,0,0,0,0,0,0
112210,42,6,9,6,6,0,0,0,0,0,0,0
112310,42,6,17,17,17,0,0,0,0,0,0,0
112410,42,6,229,229,229,0,0,0,0,0,0,0
112511,42,6,326,255,254,1,0,0,0,0,0,0
111110,49,7,656,147,134,13,0,0,0,0,0,0
111130,49,7,2377,355,314,40,1,0,0,0,0,0
111211,49,7,4185,1150,1104,46,0,0,0,0,0,0
111310,49,7,2370,628,600,28,0,0,0,0,0,0
111411,49,7,3377,275,219,56,0,0,0,0,0,0
111920,49,7,4184,138,55,83,0,0,0,0,0,0
111930,49,7,11475,890,701,188,1,0,0,0,0,0
112111,49,7,7726,2901,2821,80,0,0,0,0,0,0
112112,49,7,264,8,5,3,0,0,0,0,0,0
112120,49,7,4288,80,26,54,0,0,0,0,0,0
112210,49,7,263,143,142,1,0,0,0,0,0,0
112310,49,7,254,177,176,1,0,0,0,0,0,0
112410,49,7,3312,3144,3142,2,0,0,0,0,0,0
112511,49,7,5133,3777,3752,25,0,0,0,0,0,0
111110,50,8,10907,1420,1400,20,0,0,0,0,0,0
111130,50,8,23004,2961,2917,44,0,0,0,0,0,0
111211,50,8,597,445,445,0,0,0,0,0,0,0
111310,50,8,484,407,407,0,0,0,0,0,0,0
111411,50,8,565,256,254,2,0,0,0,0,0,0
111910,50,8,1,1,1,0,0,0,0,0,0,0
111920,50,8,2891,289,280,9,0,0,0,0,0,0
111930,50,8,8820,8764,8764,0,0,0,0,0,0,0
112111,50,8,25045,22356,22354,2,0,0,0,0,0,0
112112,50,8,32,7,7,0,0,0,0,0,0,0
112120,50,8,419,120,120,0,0,0,0,0,0,0
112210,50,8,563,230,229,1,0,0,0,0,0,0
112310,50,8,32201,3313,3257,56,0,0,0,0,0,0
112410,50,8,1132,1132,1132,0,0,0,0,0,0,0
112511,50,8,4716,4220,4218,2,0,0,0,0,0,0
111110,61,9,1222,97,77,20,0,0,0,0,0,0
111130,61,9,3345,195,129,66,0,0,0,0,0,0
111211,61,9,5477,520,423,97,0,0,0,0,0,0
111310,61,9,33013,4085,3538,547,0,0,0,0,0,0
111411,61,9,3622,398,331,67,0,0,0,0,0,0
111920,61,9,730,24,10,14,0,0,0,0,0,0
111930,61,9,4549,674,600,74,0,0,0,0,0,0
112111,61,9,3971,1338,1293,45,0,0,0,0,0,0
112112,61,9,287,19,13,6,0,0,0,0,0,0
112120,61,9,7159,163,21,142,0,0,0,0,0,0
112210,61,9,65,55,55,0,0,0,0,0,0,0
112310,61,9,531,155,148,7,0,0,0,0,0,0
112410,61,9,784,409,402,7,0,0,0,0,0,0
112511,61,9,1485,926,917,9,0,0,0,0,0,0
111110,62,10,640,46,34,12,0,0,0,0,0,0
111130,62,10,1367,86,58,28,0,0,0,0,0,0
111211,62,10,2202,247,208,39,0,0,0,0,0,0
111310,62,10,17247,2165,1877,288,0,0,0,0,0,0
111411,62,10,2135,213,175,38,0,0,0,0,0,0
111920,62,10,373,13,5,8,0,0,0,0,0,0
111930,62,10,1840,302,273,29,0,0,0,0,0,0
112111,62,10,2193,692,665,27,0,0,0,0,0,0
112112,62,10,116,5,2,3,0,0,0,0,0,0
112120,62,10,4249,105,18,87,0,0,0,0,0,0
112210,62,10,113,32,30,2,0,0,0,0,0,0
112310,62,10,389,72,66,6,0,0,0,0,0,0
112410,62,10,268,188,187,1,0,0,0,0,0,0
112511,62,10,670,438,434,4,0,0,0,0,0,0
111110,63,11,686,40,26,14,0,0,0,0,0,0
111130,63,11,929,67,49,18,0,0,0,0,0,0
111211,63,11,1597,182,151,31,0,0,0,0,0,0
111310,63,11,11747,1505,1293,212,0,0,0,0,0,0
111411,63,11,961,131,115,16,0,0,0,0,0,0
111920,63,11,252,7,2,5,0,0,0,0,0,0
111930,63,11,1618,235,206,29,0,0,0,0,0,0
112111,63,11,1974,543,517,26,0,0,0,0,0,0
112112,63,11,70,7,6,1,0,0,0,0,0,0
112120,63,11,3143,76,9,67,0,0,0,0,0,0
112210,63,11,78,29,28,1,0,0,0,0,0,0
112310,63,11,400,41,33,8,0,0,0,0,0,0
112410,63,11,206,143,142,1,0,0,0,0,0,0
112511,63,11,578,335,331,4,0,0,0,0,0,0
111110,64,12,794,79,68,11,0,0,0,0,0,0
111130,64,12,3136,205,145,60,0,0,0,0,0,0
111211,64,12,5615,477,376,101,0,0,0,0,0,0
111310,64,12,35424,4447,3848,599,0,0,0,0,0,0
111411,64,12,3550,438,375,63,0,0,0,0,0,0
111920,64,12,600,25,11,14,0,0,0,0,0,0
111930,64,12,4425,689,614,75,0,0,0,0,0,0
112111,64,12,3729,1427,1396,31,0,0,0,0,0,0
112112,64,12,317,26,20,6,0,0,0,0,0,0
112120,64,12,7902,188,28,160,0,0,0,0,0,0
112210,64,12,143,54,52,2,0,0,0,0,0,0
112310,64,12,1497,155,129,26,0,0,0,0,0,0
112410,64,12,663,371,365,6,0,0,0,0,0,0
112511,64,12,1614,954,944,10,0,0,0,0,0,0
111110,69,13,6098,459,341,118,0,0,0,0,0,0
111130,69,13,14322,1022,758,264,0,0,0,0,0,0
111211,69,13,29065,2765,2246,519,0,0,0,0,0,0
111310,69,13,190687,23743,20611,3132,0,0,0,0,0,0
111411,69,13,20464,2210,1855,355,0,0,0,0,0,0
111920,69,13,3691,125,51,74,0,0,0,0,0,0
111930,69,13,25321,3721,3288,433,0,0,0,0,0,0
112111,69,13,23059,7767,7515,252,0,0,0,0,0,0
112112,69,13,1354,99,75,24,0,0,0,0,0,0
112120,69,13,45605,1062,156,906,0,0,0,0,0,0
112210,69,13,397,276,275,1,0,0,0,0,0,0
112310,69,13,5198,779,695,84,0,0,0,0,0,0
112410,69,13,3394,2135,2110,25,0,0,0,0,0,0
112511,69,13,8763,5156,5103,53,0,0,0,0,0,0
111110,81,14,2868,378,341,37,0,0,0,0,0,0
111130,81,14,5575,741,667,74,0,0,0,0,0,0
111211,81,14,1109,123,97,26,0,0,0,0,0,0
111310,81,14,288,162,160,2,0,0,0,0,0,0
111411,81,14,950,165,149,16,0,0,0,0,0,0
111930,81,14,4679,2863,2840,23,0,0,0,0,0,0
112111,81,14,6966,2918,2876,42,0,0,0,0,0,0
112112,81,14,1250,80,47,33,0,0,0,0,0,0
112120,81,14,968,59,31,28,0,0,0,0,0,0
112210,81,14,260,101,96,5,0,0,0,0,0,0
112310,81,14,312,185,182,3,0,0,0,0,0,0
112410,81,14,464,308,305,3,0,0,0,0,0,0
112511,81,14,2252,1964,1960,4,0,0,0,0,0,0
111110,89,15,7188,891,776,115,0,0,0,0,0,0
111130,89,15,15740,1941,1709,232,0,0,0,0,0,0
111211,89,15,2891,332,264,68,0,0,0,0,0,0
111310,89,15,686,415,411,4,0,0,0,0,0,0
111411,89,15,2274,411,373,38,0,0,0,0,0,0
111930,89,15,11496,7460,7409,51,0,0,0,0,0,0
112111,89,15,18884,7610,7478,132,0,0,0,0,0,0
112112,89,15,3081,188,109,79,0,0,0,0,0,0
112120,89,15,2274,124,63,61,0,0,0,0,0,0
112210,89,15,516,242,235,7,0,0,0,0,0,0
112310,89,15,619,426,422,4,0,0,0,0,0,0
112410,89,15,1411,904,895,9,0,0,0,0,0,0
112511,89,15,5870,5189,5181,8,0,0,0,0,0,0
111110,91,16,35,12,12,0,0,0,0,0,0,0
111130,91,16,270,35,31,4,0,0,0,0,0,0
111211,91,16,1248,287,274,11,2,0,0,0,0,0
111310,91,16,896,131,119,11,1,0,0,0,0,0
111411,91,16,3673,595,559,26,10,0,0,0,0,0
111910,91,16,535,19,9,8,2,0,0,0,0,0
111930,91,16,769,484,480,4,0,0,0,0,0,0
112111,91,16,372,326,326,0,0,0,0,0,0,0
112112,91,16,8,4,4,0,0,0,0,0,0,0
112120,91,16,2714,74,33,31,10,0,0,0,0,0
112210,91,16,82,72,72,0,0,0,0,0,0,0
112310,91,16,294,89,87,1,1,0,0,0,0,0
112410,91,16,128,113,113,0,0,0,0,0,0,0
112511,91,16,1407,709,698,9,2,0,0,0,0,0
111110,92,17,18,4,4,0,0,0,0,0,0,0
111130,92,17,121,18,16,2,0,0,0,0,0,0
111211,92,17,799,198,191,7,0,0,0,0,0,0
111310,92,17,526,93,87,6,0,0,0,0,0,0
111411,92,17,2708,340,310,19,11,0,0,0,0,0
111910,92,17,652,15,6,6,3,0,0,0,0,0
111930,92,17,620,342,340,2,0,0,0,0,0,0
112111,92,17,301,258,258,0,0,0,0,0,0,0
112112,92,17,1,1,1,0,0,0,0,0,0,0
112120,92,17,1723,49,27,14,8,0,0,0,0,0
112210,92,17,68,60,60,0,0,0,0,0,0,0
112310,92,17,287,60,57,2,1,0,0,0,0,0
112410,92,17,106,97,97,0,0,0,0,0,0,0
112511,92,17,1206,557,549,6,2,0,0,0,0,0
111110,99,18,5,4,4,0,0,0,0,0,0,0
111130,99,18,9,5,5,0,0,0,0,0,0,0
111211,99,18,308,89,85,4,0,0,0,0,0,0
111310,99,18,408,46,42,4,0,0,0,0,0,0
111411,99,18,1181,180,164,16,0,0,0,0,0,0
111910,99,18,198,5,3,2,0,0,0,0,0,0
111930,99,18,192,142,142,0,0,0,0,0,0,0
112111,99,18,124,109,109,0,0,0,0,0,0,0
112112,99,18,1,1,1,0,0,0,0,0,0,0
112120,99,18,833,23,12,11,0,0,0,0,0,0
112210,99,18,32,28,28,0,0,0,0,0,0,0
112310,99,18,65,26,26,0,0,0,0,0,0,0
112410,99,18,82,36,35,1,0,0,0,0,0,0
112511,99,18,437,241,237,4,0,0,0,0,0,0
111110,100,19,537,178,178,0,0,0,0,0,0,0
111130,100,19,1148,428,428,0,0,0,0,0,0,0
111211,100,19,184,61,61,0,0,0,0,0,0,0
111310,100,19,30,19,19,0,0,0,0,0,0,0
111411,100,19,118,73,73,0,0,0,0,0,0,0
111930,100,19,375,309,309,0,0,0,0,0,0,0
112111,100,19,137,137,137,0,0,0,0,0,0,0
112112,100,19,11,2,2,0,0,0,0,0,0,0
112120,100,19,78,32,32,0,0,0,0,0,0,0
112210,100,19,17,16,16,0,0,0,0,0,0,0
112310,100,19,4269,645,645,0,0,0,0,0,0,0
112410,100,19,31,31,31,0,0,0,0,0,0,0
112511,100,19,540,520,520,0,0,0,0,0,0,0
111130,121,21,25,6,6,0,0,0,0,0,0,0
111211,121,21,159,19,17,2,0,0,0,0,0,0
111310,121,21,1234,174,155,19,0,0,0,0,0,0
111411,121,21,962,119,106,13,0,0,0,0,0,0
111920,121,21,59,2,1,1,0,0,0,0,0,0
111930,121,21,388,131,126,5,0,0,0,0,0,0
112111,121,21,618,395,395,0,0,0,0,0,0,0
112120,121,21,145,5,3,2,0,0,0,0,0,0
112210,121,21,13,13,13,0,0,0,0,0,0,0
112310,121,21,248,30,26,4,0,0,0,0,0,0
112410,121,21,44,44,44,0,0,0,0,0,0,0
112511,121,21,251,170,170,0,0,0,0,0,0,0
111110,122,22,69,17,17,0,0,0,0,0,0,0
111130,122,22,153,27,25,2,0,0,0,0,0,0
111211,122,22,1801,162,134,28,0,0,0,0,0,0
111310,122,22,5560,1054,981,73,0,0,0,0,0,0
111411,122,22,6935,818,714,104,0,0,0,0,0,0
111920,122,22,372,21,14,7,0,0,0,0,0,0
111930,122,22,2316,664,639,25,0,0,0,0,0,0
112111,122,22,4213,2501,2480,21,0,0,0,0,0,0
112120,122,22,1214,38,16,22,0,0,0,0,0,0
112210,122,22,80,80,80,0,0,0,0,0,0,0
112310,122,22,1171,165,145,20,0,0,0,0,0,0
112410,122,22,241,241,241,0,0,0,0,0,0,0
112511,122,22,2342,1122,1110,12,0,0,0,0,0,0
111110,123,23,12,6,6,0,0,0,0,0,0,0
111130,123,23,114,21,20,1,0,0,0,0,0,0
111211,123,23,1246,104,85,19,0,0,0,0,0,0
111310,123,23,5060,843,778,65,0,0,0,0,0,0
111411,123,23,4735,587,525,62,0,0,0,0,0,0
111910,123,23,7,1,1,0,0,0,0,0,0,0
111920,123,23,124,9,7,2,0,0,0,0,0,0
111930,123,23,2158,513,486,27,0,0,0,0,0,0
112111,123,23,3464,1979,1961,18,0,0,0,0,0,0
112120,123,23,485,21,12,9,0,0,0,0,0,0
112210,123,23,74,61,61,0,0,0,0,0,0,0
112310,123,23,1137,134,117,17,0,0,0,0,0,0
112410,123,23,207,197,197,0,0,0,0,0,0,0
112511,123,23,2436,927,907,20,0,0,0,0,0,0
111110,124,24,16,11,11,0,0,0,0,0,0,0
111130,124,24,55,30,30,0,0,0,0,0,0,0
111211,124,24,2249,175,141,34,0,0,0,0,0,0
111310,124,24,6303,1128,1053,75,0,0,0,0,0,0
111411,124,24,6639,791,698,93,0,0,0,0,0,0
111920,124,24,314,25,21,4,0,0,0,0,0,0
111930,124,24,3064,777,743,34,0,0,0,0,0,0
112111,124,24,4508,2674,2651,23,0,0,0,0,0,0
112120,124,24,975,30,14,16,0,0,0,0,0,0
112210,124,24,113,100,100,0,0,0,0,0,0,0
112310,124,24,1563,193,168,25,0,0,0,0,0,0
112410,124,24,288,281,281,0,0,0,0,0,0,0
112511,124,24,2518,1194,1181,13,0,0,0,0,0,0
111110,129,25,128,48,47,1,0,0,0,0,0,0
111130,129,25,522,115,108,7,0,0,0,0,0,0
111211,129,25,8876,624,484,138,2,0,0,0,0,0
111310,129,25,23692,4066,3753,312,1,0,0,0,0,0
111411,129,25,24236,2942,2608,331,3,0,0,0,0,0
111910,129,25,81,2,1,1,0,0,0,0,0,0
111920,129,25,850,67,53,14,0,0,0,0,0,0
111930,129,25,10219,2716,2581,134,1,0,0,0,0,0
112111,129,25,17230,9802,9700,102,0,0,0,0,0,0
112120,129,25,3243,93,38,55,0,0,0,0,0,0
112210,129,25,342,327,327,0,0,0,0,0,0,0
112310,129,25,3760,584,521,62,1,0,0,0,0,0
112410,129,25,1075,1033,1033,0,0,0,0,0,0,0
112511,129,25,9657,4491,4430,61,0,0,0,0,0,0
111110,131,26,324,106,106,0,0,0,0,0,0,0
111130,131,26,591,224,220,4,0,0,0,0,0,0
111211,131,26,593,193,177,16,0,0,0,0,0,0
111310,131,26,752,481,473,8,0,0,0,0,0,0
111411,131,26,321,143,139,4,0,0,0,0,0,0
111910,131,26,30,4,4,0,0,0,0,0,0,0
111920,131,26,1621,188,168,20,0,0,0,0,0,0
111930,131,26,3995,1740,1698,42,0,0,0,0,0,0
112111,131,26,2429,2149,2148,1,0,0,0,0,0,0
112120,131,26,340,33,28,5,0,0,0,0,0,0
112210,131,26,125,45,41,4,0,0,0,0,0,0
112310,131,26,7117,674,531,143,0,0,0,0,0,0
112410,131,26,332,332,332,0,0,0,0,0,0,0
112511,131,26,727,650,648,2,0,0,0,0,0,0
111110,132,27,12,5,5,0,0,0,0,0,0,0
111130,132,27,15,13,13,0,0,0,0,0,0,0
111211,132,27,8,6,6,0,0,0,0,0,0,0
111310,132,27,28,26,26,0,0,0,0,0,0,0
111411,132,27,29,6,5,1,0,0,0,0,0,0
111910,132,27,1,1,1,0,0,0,0,0,0,0
111920,132,27,79,7,7,0,0,0,0,0,0,0
111930,132,27,136,81,80,1,0,0,0,0,0,0
112111,132,27,87,87,87,0,0,0,0,0,0,0
112120,132,27,24,2,1,1,0,0,0,0,0,0
112210,132,27,14,4,4,0,0,0,0,0,0,0
112310,132,27,414,37,29,8,0,0,0,0,0,0
112410,132,27,15,15,15,0,0,0,0,0,0,0
112511,132,27,35,24,24,0,0,0,0,0,0,0
111110,139,28,1138,494,487,7,0,0,0,0,0,0
111130,139,28,2467,1098,1083,15,0,0,0,0,0,0
111211,139,28,2136,882,842,40,0,0,0,0,0,0
111310,139,28,4109,2424,2382,42,0,0,0,0,0,0
111411,139,28,2596,866,829,37,0,0,0,0,0,0
111910,139,28,222,23,19,4,0,0,0,0,0,0
111920,139,28,8827,980,859,121,0,0,0,0,0,0
111930,139,28,19588,8832,8631,201,0,0,0,0,0,0
112111,139,28,11866,10622,10607,15,0,0,0,0,0,0
112120,139,28,1926,197,156,41,0,0,0,0,0,0
112210,139,28,529,198,186,12,0,0,0,0,0,0
112310,139,28,38016,3447,2584,863,0,0,0,0,0,0
112410,139,28,1566,1565,1565,0,0,0,0,0,0,0
112511,139,28,3582,3353,3347,6,0,0,0,0,0,0
111130,151,29,212,2,0,0,2,0,0,0,0,0
111211,151,29,640,158,152,5,1,0,0,0,0,0
111310,151,29,1734,640,632,4,4,0,0,0,0,0
111411,151,29,910,229,215,14,0,0,0,0,0,0
111930,151,29,372,80,75,4,1,0,0,0,0,0
112111,151,29,659,221,216,4,1,0,0,0,0,0
112120,151,29,1,1,1,0,0,0,0,0,0,0
112210,151,29,26,20,20,0,0,0,0,0,0,0
112310,151,29,14,14,14,0,0,0,0,0,0,0
112410,151,29,45,41,41,0,0,0,0,0,0,0
112511,151,29,461,56,51,2,3,0,0,0,0,0
111110,159,30,353,4,0,4,0,0,0,0,0,0
111130,159,30,456,6,1,5,0,0,0,0,0,0
111211,159,30,3268,586,536,49,1,0,0,0,0,0
111310,159,30,6138,2336,2286,48,2,0,0,0,0,0
111411,159,30,4325,1012,960,52,0,0,0,0,0,0
111930,159,30,506,279,274,5,0,0,0,0,0,0
112111,159,30,2015,755,732,22,1,0,0,0,0,0
112120,159,30,175,8,6,2,0,0,0,0,0,0
112210,159,30,179,71,70,1,0,0,0,0,0,0
112310,159,30,245,83,81,2,0,0,0,0,0,0
112410,159,30,256,197,196,1,0,0,0,0,0,0
112511,159,30,1260,201,183,17,1,0,0,0,0,0
111110,160,31,6243,882,798,84,0,0,0,0,0,0
111130,160,31,14456,1992,1784,208,0,0,0,0,0,0
111211,160,31,8952,758,540,218,0,0,0,0,0,0
111310,160,31,563,368,364,4,0,0,0,0,0,0
111411,160,31,1446,504,491,13,0,0,0,0,0,0
111930,160,31,23833,7579,7258,321,0,0,0,0,0,0
112111,160,31,16595,7505,7371,134,0,0,0,0,0,0
112112,160,31,1347,150,118,32,0,0,0,0,0,0
112120,160,31,11144,589,305,284,0,0,0,0,0,0
112210,160,31,285,217,216,1,0,0,0,0,0,0
112310,160,31,514,345,340,5,0,0,0,0,0,0
112410,160,31,1383,815,802,13,0,0,0,0,0,0
112511,160,31,4244,3112,3088,24,0,0,0,0,0,0
111110,171,17031,181,60,60,0,0,0,0,0,0,0
111110,171,17037,578,231,231,0,0,0,0,0,0,0
111110,171,17043,139,47,47,0,0,0,0,0,0,0
111110,171,17063,219,81,81,0,0,0,0,0,0,0
111110,171,17089,491,189,189,0,0,0,0,0,0,0
111110,171,17091,521,202,202,0,0,0,0,0,0,0
111110,171,17093,230,97,97,0,0,0,0,0,0,0
111110,171,17097,299,110,110,0,0,0,0,0,0,0
111110,171,17111,849,299,299,0,0,0,0,0,0,0
111110,171,17197,572,199,199,0,0,0,0,0,0,0
111130,171,17031,355,155,155,0,0,0,0,0,0,0
111130,171,17037,1474,531,531,0,0,0,0,0,0,0
111130,171,17043,240,96,96,0,0,0,0,0,0,0
111130,171,17063,431,149,149,0,0,0,0,0,0,0
111130,171,17089,1304,439,439,0,0,0,0,0,0,0
111130,171,17091,1250,433,433,0,0,0,0,0,0,0
111130,171,17093,452,189,189,0,0,0,0,0,0,0
111130,171,17097,741,251,251,0,0,0,0,0,0,0
111130,171,17111,1517,577,577,0,0,0,0,0,0,0
111130,171,17197,1170,440,440,0,0,0,0,0,0,0
111211,171,17031,5,4,4,0,0,0,0,0,0,0
111211,171,17037,20,18,18,0,0,0,0,0,0,0
111211,171,17043,1,1,1,0,0,0,0,0,0,0
111211,171,17063,4,4,4,0,0,0,0,0,0,0
111211,171,17089,14,9,9,0,0,0,0,0,0,0
111211,171,17091,16,16,16,0,0,0,0,0,0,0
111211,171,17093,5,4,4,0,0,0,0,0,0,0
111211,171,17097,3,3,3,0,0,0,0,0,0,0
111211,171,17111,25,15,15,0,0,0,0,0,0,0
111211,171,17197,7,7,7,0,0,0,0,0,0,0
111310,171,17031,4,4,4,0,0,0,0,0,0,0
111310,171,17037,13,13,13,0,0,0,0,0,0,0
111310,171,17043,1,1,1,0,0,0,0,0,0,0
111310,171,17063,1,1,1,0,0,0,0,0,0,0
111310,171,17089,10,10,10,0,0,0,0,0,0,0
111310,171,17091,14,14,14,0,0,0,0,0,0,0
111310,171,17093,5,5,5,0,0,0,0,0,0,0
111310,171,17097,7,7,7,0,0,0,0,0,0,0
111310,171,17111,18,18,18,0,0,0,0,0,0,0
111310,171,17197,13,13,13,0,0,0,0,0,0,0
111411,171,17031,18,9,9,0,0,0,0,0,0,0
111411,171,17037,51,22,22,0,0,0,0,0,0,0
111411,171,17043,23,7,7,0,0,0,0,0,0,0
111411,171,17063,4,4,4,0,0,0,0,0,0,0
111411,171,17089,37,15,15,0,0,0,0,0,0,0
111411,171,17091,21,17,17,0,0,0,0,0,0,0
111411,171,17093,30,15,15,0,0,0,0,0,0,0
111411,171,17097,22,12,12,0,0,0,0,0,0,0
111411,171,17111,32,22,22,0,0,0,0,0,0,0
111411,171,17197,27,13,13,0,0,0,0,0,0,0
111930,171,17031,97,97,97,0,0,0,0,0,0,0
111930,171,17037,374,374,374,0,0,0,0,0,0,0
111930,171,17043,70,70,70,0,0,0,0,0,0,0
111930,171,17063,123,123,123,0,0,0,0,0,0,0
111930,171,17089,339,337,337,0,0,0,0,0,0,0
111930,171,17091,346,344,344,0,0,0,0,0,0,0
111930,171,17093,141,131,131,0,0,0,0,0,0,0
111930,171,17097,223,203,203,0,0,0,0,0,0,0
111930,171,17111,427,427,427,0,0,0,0,0,0,0
111930,171,17197,297,292,292,0,0,0,0,0,0,0
112111,171,17031,23,23,23,0,0,0,0,0,0,0
112111,171,17037,168,139,139,0,0,0,0,0,0,0
112111,171,17043,28,23,23,0,0,0,0,0,0,0
112111,171,17063,44,36,36,0,0,0,0,0,0,0
112111,171,17089,137,118,118,0,0,0,0,0,0,0
112111,171,17091,152,129,129,0,0,0,0,0,0,0
112111,171,17093,59,58,58,0,0,0,0,0,0,0
112111,171,17097,77,65,65,0,0,0,0,0,0,0
112111,171,17111,158,146,146,0,0,0,0,0,0,0
112111,171,17197,124,107,107,0,0,0,0,0,0,0
112112,171,17031,12,3,3,0,0,0,0,0,0,0
112112,171,17037,98,17,17,0,0,0,0,0,0,0
112112,171,17063,4,4,4,0,0,0,0,0,0,0
112112,171,17089,37,11,11,0,0,0,0,0,0,0
112112,171,17091,71,14,14,0,0,0,0,0,0,0
112112,171,17093,42,6,6,0,0,0,0,0,0,0
112112,171,17097,14,2,2,0,0,0,0,0,0,0
112112,171,17111,139,19,19,0,0,0,0,0,0,0
112112,171,17197,60,14,14,0,0,0,0,0,0,0
112120,171,17031,6,4,4,0,0,0,0,0,0,0
112120,171,17037,55,11,11,0,0,0,0,0,0,0
112120,171,17043,6,1,1,0,0,0,0,0,0,0
112120,171,17063,13,4,4,0,0,0,0,0,0,0
112120,171,17089,58,15,15,0,0,0,0,0,0,0
112120,171,17091,72,18,18,0,0,0,0,0,0,0
112120,171,17093,5,3,3,0,0,0,0,0,0,0
112120,171,17097,32,9,9,0,0,0,0,0,0,0
112120,171,17111,60,20,20,0,0,0,0,0,0,0
112120,171,17197,29,10,10,0,0,0,0,0,0,0
112210,171,17031,42,5,5,0,0,0,0,0,0,0
112210,171,17037,166,22,22,0,0,0,0,0,0,0
112210,171,17043,30,3,3,0,0,0,0,0,0,0
112210,171,17063,24,5,5,0,0,0,0,0,0,0
112210,171,17089,86,11,11,0,0,0,0,0,0,0
112210,171,17091,133,17,17,0,0,0,0,0,0,0
112210,171,17093,93,13,13,0,0,0,0,0,0,0
112210,171,17097,86,14,14,0,0,0,0,0,0,0
112210,171,17111,113,17,17,0,0,0,0,0,0,0
112210,171,17197,98,13,13,0,0,0,0,0,0,0
112310,171,17031,4,4,4,0,0,0,0,0,0,0
112310,171,17037,32,12,12,0,0,0,0,0,0,0
112310,171,17043,2,2,2,0,0,0,0,0,0,0
112310,171,17063,11,6,6,0,0,0,0,0,0,0
112310,171,17089,29,9,9,0,0,0,0,0,0,0
112310,171,17091,20,8,8,0,0,0,0,0,0,0
112310,171,17093,4,4,4,0,0,0,0,0,0,0
112310,171,17097,17,7,7,0,0,0,0,0,0,0
112310,171,17111,16,12,12,0,0,0,0,0,0,0
112310,171,17197,10,10,10,0,0,0,0,0,0,0
112410,171,17031,8,8,8,0,0,0,0,0,0,0
112410,171,17037,17,17,17,0,0,0,0,0,0,0
112410,171,17043,2,2,2,0,0,0,0,0,0,0
112410,171,17063,7,7,7,0,0,0,0,0,0,0
112410,171,17089,16,16,16,0,0,0,0,0,0,0
112410,171,17091,18,18,18,0,0,0,0,0,0,0
112410,171,17093,7,7,7,0,0,0,0,0,0,0
112410,171,17097,14,14,14,0,0,0,0,0,0,0
112410,171,17111,20,20,20,0,0,0,0,0,0,0
112410,171,17197,24,24,24,0,0,0,0,0,0,0
112511,171,17031,19,19,19,0,0,0,0,0,0,0
112511,171,17037,94,94,94,0,0,0,0,0,0,0
112511,171,17043,16,16,16,0,0,0,0,0,0,0
112511,171,17063,29,29,29,0,0,0,0,0,0,0
112511,171,17089,69,65,65,0,0,0,0,0,0,0
112511,171,17091,55,55,55,0,0,0,0,0,0,0
112511,171,17093,23,23,23,0,0,0,0,0,0,0
112511,171,17097,48,36,36,0,0,0,0,0,0,0
112511,171,17111,106,96,96,0,0,0,0,0,0,0
112511,171,17197,81,71,71,0,0,0,0,0,0,0
111110,172,33,3012,1025,1025,0,0,0,0,0,0,0
111130,172,33,6326,2192,2192,0,0,0,0,0,0,0
111211,172,33,104,53,53,0,0,0,0,0,0,0
111310,172,33,81,68,68,0,0,0,0,0,0,0
111411,172,33,112,73,73,0,0,0,0,0,0,0
111910,172,33,1,1,1,0,0,0,0,0,0,0
111930,172,33,1598,1589,1589,0,0,0,0,0,0,0
112111,172,33,646,578,578,0,0,0,0,0,0,0
112112,172,33,314,62,62,0,0,0,0,0,0,0
112120,172,33,205,52,52,0,0,0,0,0,0,0
112210,172,33,477,65,65,0,0,0,0,0,0,0
112310,172,33,100,47,47,0,0,0,0,0,0,0
112410,172,33,90,90,90,0,0,0,0,0,0,0
112511,172,33,388,355,355,0,0,0,0,0,0,0
111110,179,34,25286,9041,9041,0,0,0,0,0,0,0
111110,179,17007,291,96,96,0,0,0,0,0,0,0
111110,179,17099,643,211,211,0,0,0,0,0,0,0
111110,179,17103,461,144,144,0,0,0,0,0,0,0
111110,179,17141,487,166,166,0,0,0,0,0,0,0
111110,179,17201,382,138,138,0,0,0,0,0,0,0
111130,179,34,54301,19334,19334,0,0,0,0,0,0,0
111130,179,17007,739,248,248,0,0,0,0,0,0,0
111130,179,17099,1430,499,499,0,0,0,0,0,0,0
111130,179,17103,628,233,233,0,0,0,0,0,0,0
111130,179,17141,1121,414,414,0,0,0,0,0,0,0
111130,179,17201,862,320,320,0,0,0,0,0,0,0
111211,179,34,703,504,504,0,0,0,0,0,0,0
111211,179,17007,9,7,7,0,0,0,0,0,0,0
111211,179,17099,8,8,8,0,0,0,0,0,0,0
111211,179,17103,20,7,7,0,0,0,0,0,0,0
111211,179,17141,7,7,7,0,0,0,0,0,0,0
111211,179,17201,27,7,7,0,0,0,0,0,0,0
111310,179,34,549,518,518,0,0,0,0,0,0,0
111310,179,17007,12,10,10,0,0,0,0,0,0,0
111310,179,17099,19,19,19,0,0,0,0,0,0,0
111310,179,17103,6,6,6,0,0,0,0,0,0,0
111310,179,17141,8,8,8,0,0,0,0,0,0,0
111310,179,17201,8,8,8,0,0,0,0,0,0,0
111411,179,34,1252,667,667,0,0,0,0,0,0,0
111411,179,17007,28,9,9,0,0,0,0,0,0,0
111411,179,17099,38,21,21,0,0,0,0,0,0,0
111411,179,17103,39,15,15,0,0,0,0,0,0,0
111411,179,17141,27,11,11,0,0,0,0,0,0,0
111411,179,17201,31,11,11,0,0,0,0,0,0,0
111910,179,34,14,8,8,0,0,0,0,0,0,0
111930,179,34,13932,13869,13869,0,0,0,0,0,0,0
111930,179,17007,204,204,204,0,0,0,0,0,0,0
111930,179,17099,410,410,410,0,0,0,0,0,0,0
111930,179,17103,215,215,215,0,0,0,0,0,0,0
111930,179,17141,274,272,272,0,0,0,0,0,0,0
111930,179,17201,231,227,227,0,0,0,0,0,0,0
112111,179,34,5445,4780,4780,0,0,0,0,0,0,0
112111,179,17007,66,59,59,0,0,0,0,0,0,0
112111,179,17099,144,132,132,0,0,0,0,0,0,0
112111,179,17103,70,59,59,0,0,0,0,0,0,0
112111,179,17141,92,85,85,0,0,0,0,0,0,0
112111,179,17201,73,63,63,0,0,0,0,0,0,0
112112,179,34,2061,465,465,0,0,0,0,0,0,0
112112,179,17007,22,5,5,0,0,0,0,0,0,0
112112,179,17099,58,11,11,0,0,0,0,0,0,0
112112,179,17103,67,9,9,0,0,0,0,0,0,0
112112,179,17141,73,13,13,0,0,0,0,0,0,0
112112,179,17201,7,7,7,0,0,0,0,0,0,0
112120,179,34,2109,537,537,0,0,0,0,0,0,0
112120,179,17007,14,4,4,0,0,0,0,0,0,0
112120,179,17099,81,25,25,0,0,0,0,0,0,0
112120,179,17103,24,6,6,0,0,0,0,0,0,0
112120,179,17141,51,15,15,0,0,0,0,0,0,0
112120,179,17201,28,8,8,0,0,0,0,0,0,0
112210,179,34,4125,624,624,0,0,0,0,0,0,0
112210,179,17007,57,7,7,0,0,0,0,0,0,0
112210,179,17099,112,14,14,0,0,0,0,0,0,0
112210,179,17103,101,12,12,0,0,0,0,0,0,0
112210,179,17141,72,12,12,0,0,0,0,0,0,0
112210,179,17201,87,17,17,0,0,0,0,0,0,0
112310,179,34,655,451,451,0,0,0,0,0,0,0
112310,179,17007,4,4,4,0,0,0,0,0,0,0
112310,179,17099,6,6,6,0,0,0,0,0,0,0
112310,179,17103,7,5,5,0,0,0,0,0,0,0
112310,179,17141,23,12,12,0,0,0,0,0,0,0
112310,179,17201,4,4,4,0,0,0,0,0,0,0
112410,179,34,809,804,804,0,0,0,0,0,0,0
112410,179,17007,15,15,15,0,0,0,0,0,0,0
112410,179,17099,19,19,19,0,0,0,0,0,0,0
112410,179,17103,8,8,8,0,0,0,0,0,0,0
112410,179,17141,15,15,15,0,0,0,0,0,0,0
112410,179,17201,6,6,6,0,0,0,0,0,0,0
112511,179,34,3205,3006,3006,0,0,0,0,0,0,0
112511,179,17007,31,30,30,0,0,0,0,0,0,0
112511,179,17099,101,84,84,0,0,0,0,0,0,0
112511,179,17103,43,43,43,0,0,0,0,0,0,0
112511,179,17141,81,70,70,0,0,0,0,0,0,0
112511,179,17201,82,58,58,0,0,0,0,0,0,0
111110,181,35,658,178,178,0,0,0,0,0,0,0
111110,181,18089,234,69,69,0,0,0,0,0,0,0
111110,181,18091,315,86,81,5,0,0,0,0,0,0
111110,181,18127,224,63,63,0,0,0,0,0,0,0
111130,181,35,1208,344,344,0,0,0,0,0,0,0
111130,181,18089,596,175,175,0,0,0,0,0,0,0
111130,181,18091,705,198,185,13,0,0,0,0,0,0
111130,181,18127,414,132,132,0,0,0,0,0,0,0
111211,181,35,14,13,13,0,0,0,0,0,0,0
111211,181,18089,10,7,7,0,0,0,0,0,0,0
111211,181,18091,28,9,8,1,0,0,0,0,0,0
111211,181,18127,6,6,6,0,0,0,0,0,0,0
111310,181,35,30,13,13,0,0,0,0,0,0,0
111310,181,18089,5,5,5,0,0,0,0,0,0,0
111310,181,18091,7,5,5,0,0,0,0,0,0,0
111310,181,18127,4,4,4,0,0,0,0,0,0,0
111411,181,35,34,14,14,0,0,0,0,0,0,0
111411,181,18089,13,9,9,0,0,0,0,0,0,0
111411,181,18091,10,10,10,0,0,0,0,0,0,0
111411,181,18127,12,6,6,0,0,0,0,0,0,0
111910,181,35,1,1,1,0,0,0,0,0,0,0
111910,181,18089,2,2,2,0,0,0,0,0,0,0
111910,181,18091,1,1,1,0,0,0,0,0,0,0
111910,181,18127,2,2,2,0,0,0,0,0,0,0
111930,181,35,259,259,259,0,0,0,0,0,0,0
111930,181,18089,97,94,94,0,0,0,0,0,0,0
111930,181,18091,153,153,153,0,0,0,0,0,0,0
111930,181,18127,93,93,93,0,0,0,0,0,0,0
112111,181,35,213,179,179,0,0,0,0,0,0,0
112111,181,18089,100,87,87,0,0,0,0,0,0,0
112111,181,18091,115,94,93,1,0,0,0,0,0,0
112111,181,18127,72,70,70,0,0,0,0,0,0,0
112112,181,35,9,7,7,0,0,0,0,0,0,0
112112,181,18089,1,1,1,0,0,0,0,0,0,0
112112,181,18091,1,1,1,0,0,0,0,0,0,0
112112,181,18127,3,2,2,0,0,0,0,0,0,0
112120,181,35,107,27,27,0,0,0,0,0,0,0
112120,181,18089,39,14,14,0,0,0,0,0,0,0
112120,181,18091,65,12,10,2,0,0,0,0,0,0
112120,181,18127,60,13,13,0,0,0,0,0,0,0
112210,181,35,168,31,31,0,0,0,0,0,0,0
112210,181,18089,51,12,12,0,0,0,0,0,0,0
112210,181,18091,106,19,15,4,0,0,0,0,0,0
112210,181,18127,107,10,10,0,0,0,0,0,0,0
112310,181,35,187,36,36,0,0,0,0,0,0,0
112310,181,18089,52,12,12,0,0,0,0,0,0,0
112310,181,18091,86,24,23,1,0,0,0,0,0,0
112310,181,18127,3,3,3,0,0,0,0,0,0,0
112410,181,35,37,33,33,0,0,0,0,0,0,0
112410,181,18089,12,12,12,0,0,0,0,0,0,0
112410,181,18091,17,17,17,0,0,0,0,0,0,0
112410,181,18127,18,18,18,0,0,0,0,0,0,0
112511,181,35,143,139,139,0,0,0,0,0,0,0
112511,181,18089,82,66,66,0,0,0,0,0,0,0
112511,181,18091,72,72,72,0,0,0,0,0,0,0
112511,181,18127,49,49,49,0,0,0,0,0,0,0
111110,182,36,3828,1049,1040,9,0,0,0,0,0,0
111130,182,36,7796,2251,2225,26,0,0,0,0,0,0
111211,182,36,187,117,117,0,0,0,0,0,0,0
111310,182,36,62,58,58,0,0,0,0,0,0,0
111411,182,36,176,94,94,0,0,0,0,0,0,0
111910,182,36,22,19,19,0,0,0,0,0,0,0
111930,182,36,1690,1657,1657,0,0,0,0,0,0,0
112111,182,36,1409,1185,1185,0,0,0,0,0,0,0
112112,182,36,165,51,51,0,0,0,0,0,0,0
112120,182,36,796,210,206,4,0,0,0,0,0,0
112210,182,36,1415,192,185,7,0,0,0,0,0,0
112310,182,36,1261,200,192,8,0,0,0,0,0,0
112410,182,36,242,242,242,0,0,0,0,0,0,0
112511,182,36,977,949,949,0,0,0,0,0,0,0
111110,189,37,22106,6118,5969,149,0,0,0,0,0,0
111130,189,37,47191,13339,13038,301,0,0,0,0,0,0
111211,189,37,838,536,533,3,0,0,0,0,0,0
111310,189,37,367,317,317,0,0,0,0,0,0,0
111411,189,37,1154,661,656,5,0,0,0,0,0,0
111910,189,37,99,61,61,0,0,0,0,0,0,0
111930,189,37,9514,9294,9292,2,0,0,0,0,0,0
112111,189,37,8202,6779,6772,7,0,0,0,0,0,0
112112,189,37,691,257,256,1,0,0,0,0,0,0
112120,189,37,4000,1183,1162,21,0,0,0,0,0,0
112210,189,37,6802,1037,935,102,0,0,0,0,0,0
112310,189,37,5740,1061,995,66,0,0,0,0,0,0
112410,189,37,1402,1397,1397,0,0,0,0,0,0,0
112511,189,37,5749,5370,5364,6,0,0,0,0,0,0
111110,190,38,33064,13815,13815,0,0,0,0,0,0,0
111130,190,38,70809,29912,29912,0,0,0,0,0,0,0
111211,190,38,513,489,489,0,0,0,0,0,0,0
111310,190,38,533,533,533,0,0,0,0,0,0,0
111411,190,38,705,515,515,0,0,0,0,0,0,0
111930,190,38,20833,20719,20719,0,0,0,0,0,0,0
112111,190,38,12911,9697,9697,0,0,0,0,0,0,0
112112,190,38,9416,2129,2129,0,0,0,0,0,0,0
112120,190,38,3822,1224,1224,0,0,0,0,0,0,0
112210,190,38,21151,3310,3310,0,0,0,0,0,0,0
112310,190,38,2107,732,732,0,0,0,0,0,0,0
112410,190,38,1653,1621,1621,0,0,0,0,0,0,0
112511,190,38,5580,3941,3941,0,0,0,0,0,0,0
111110,201,39,1977,645,645,0,0,0,0,0,0,0
111130,201,39,4298,1342,1342,0,0,0,0,0,0,0
111211,201,39,28,20,20,0,0,0,0,0,0,0
111310,201,39,17,17,17,0,0,0,0,0,0,0
111411,201,39,51,29,29,0,0,0,0,0,0,0
111930,201,39,1487,1337,1337,0,0,0,0,0,0,0
112111,201,39,2433,1319,1319,0,0,0,0,0,0,0
112112,201,39,416,47,47,0,0,0,0,0,0,0
112120,201,39,170,33,33,0,0,0,0,0,0,0
112210,201,39,145,30,30,0,0,0,0,0,0,0
112310,201,39,34,33,33,0,0,0,0,0,0,0
112410,201,39,85,85,85,0,0,0,0,0,0,0
112511,201,39,299,290,290,0,0,0,0,0,0,0
111110,209,40,21309,6742,6718,24,0,0,0,0,0,0
111130,209,40,45712,14543,14495,48,0,0,0,0,0,0
111211,209,40,287,212,212,0,0,0,0,0,0,0
111310,209,40,264,248,248,0,0,0,0,0,0,0
111411,209,40,647,320,319,1,0,0,0,0,0,0
111920,209,40,35,18,18,0,0,0,0,0,0,0
111930,209,40,16019,14256,14254,2,0,0,0,0,0,0
112111,209,40,26669,14672,14651,21,0,0,0,0,0,0
112112,209,40,3688,445,434,11,0,0,0,0,0,0
112120,209,40,1524,365,365,0,0,0,0,0,0,0
112210,209,40,1462,318,313,5,0,0,0,0,0,0
112310,209,40,496,352,351,1,0,0,0,0,0,0
112410,209,40,878,861,861,0,0,0,0,0,0,0
112511,209,40,3490,3194,3193,1,0,0,0,0,0,0
111110,211,41,1988,230,196,34,0,0,0,0,0,0
111130,211,41,3407,507,455,52,0,0,0,0,0,0
111211,211,41,178,137,137,0,0,0,0,0,0,0
111310,211,41,93,76,76,0,0,0,0,0,0,0
111411,211,41,209,94,91,3,0,0,0,0,0,0
111910,211,41,1024,277,270,7,0,0,0,0,0,0
111930,211,41,3105,2418,2409,9,0,0,0,0,0,0
112111,211,41,5709,3340,3316,24,0,0,0,0,0,0
112112,211,41,227,59,58,1,0,0,0,0,0,0
112120,211,41,1253,106,86,20,0,0,0,0,0,0
112210,211,41,126,30,28,2,0,0,0,0,0,0
112310,211,41,2765,183,130,53,0,0,0,0,0,0
112410,211,41,211,208,208,0,0,0,0,0,0,0
112511,211,41,1349,845,836,9,0,0,0,0,0,0
111110,219,42,13686,2056,1834,221,1,0,0,0,0,0
111130,219,42,31802,4399,3849,550,0,0,0,0,0,0
111211,219,42,1537,1162,1159,3,0,0,0,0,0,0
111310,219,42,689,632,632,0,0,0,0,0,0,0
111411,219,42,2292,766,741,25,0,0,0,0,0,0
111910,219,42,10187,2257,2159,98,0,0,0,0,0,0
111930,219,42,22841,19144,19104,40,0,0,0,0,0,0
112111,219,42,44053,26701,26495,206,0,0,0,0,0,0
112112,219,42,1287,482,475,7,0,0,0,0,0,0
112120,219,42,7118,784,691,93,0,0,0,0,0,0
112210,219,42,1706,232,203,29,0,0,0,0,0,0
112310,219,42,21798,1420,972,448,0,0,0,0,0,0
112410,219,42,1570,1538,1538,0,0,0,0,0,0,0
112511,219,42,10926,6981,6907,74,0,0,0,0,0,0
111110,221,43,1386,106,76,30,0,0,0,0,0,0
111130,221,43,1952,171,126,45,0,0,0,0,0,0
111211,221,43,119,77,76,1,0,0,0,0,0,0
111310,221,43,120,95,95,0,0,0,0,0,0,0
111411,221,43,194,74,72,2,0,0,0,0,0,0
111920,221,43,213,19,14,5,0,0,0,0,0,0
111930,221,43,1792,780,749,31,0,0,0,0,0,0
112111,221,43,1577,1276,1273,3,0,0,0,0,0,0
112112,221,43,4,4,4,0,0,0,0,0,0,0
112120,221,43,96,16,16,0,0,0,0,0,0,0
112210,221,43,26,26,26,0,0,0,0,0,0,0
112310,221,43,579,75,58,17,0,0,0,0,0,0
112410,221,43,74,74,74,0,0,0,0,0,0,0
112511,221,43,642,501,499,2,0,0,0,0,0,0
111110,222,44,491,43,33,10,0,0,0,0,0,0
111130,222,44,1360,92,56,36,0,0,0,0,0,0
111211,222,44,111,34,32,2,0,0,0,0,0,0
111310,222,44,59,42,42,0,0,0,0,0,0,0
111411,222,44,113,37,36,1,0,0,0,0,0,0
111920,222,44,64,6,5,1,0,0,0,0,0,0
111930,222,44,780,381,369,12,0,0,0,0,0,0
112111,222,44,756,638,637,1,0,0,0,0,0,0
112120,222,44,52,6,5,1,0,0,0,0,0,0
112210,222,44,9,9,9,0,0,0,0,0,0,0
112310,222,44,366,36,27,9,0,0,0,0,0,0
112410,222,44,35,35,35,0,0,0,0,0,0,0
112511,222,44,301,258,258,0,0,0,0,0,0,0
111110,223,45,750,53,31,22,0,0,0,0,0,0
111130,223,45,1237,112,75,37,0,0,0,0,0,0
111211,223,45,147,43,39,4,0,0,0,0,0,0
111310,223,45,79,61,61,0,0,0,0,0,0,0
111411,223,45,72,37,36,1,0,0,0,0,0,0
111920,223,45,130,13,10,3,0,0,0,0,0,0
111930,223,45,935,454,436,18,0,0,0,0,0,0
112111,223,45,968,765,762,3,0,0,0,0,0,0
112112,223,45,3,3,3,0,0,0,0,0,0,0
112120,223,45,39,6,6,0,0,0,0,0,0,0
112210,223,45,12,12,12,0,0,0,0,0,0,0
112310,223,45,397,49,36,13,0,0,0,0,0,0
112410,223,45,37,37,37,0,0,0,0,0,0,0
112511,223,45,383,268,265,3,0,0,0,0,0,0
111110,229,46,6998,565,394,171,0,0,0,0,0,0
111130,229,46,15883,1254,867,387,0,0,0,0,0,0
111211,229,46,625,356,349,7,0,0,0,0,0,0
111310,229,46,720,610,610,0,0,0,0,0,0,0
111411,229,46,1493,500,480,20,0,0,0,0,0,0
111920,229,46,781,99,88,11,0,0,0,0,0,0
111930,229,46,10083,4980,4813,167,0,0,0,0,0,0
112111,229,46,9987,8539,8534,5,0,0,0,0,0,0
112112,229,46,40,21,21,0,0,0,0,0,0,0
112120,229,46,704,83,75,8,0,0,0,0,0,0
112210,229,46,157,155,155,0,0,0,0,0,0,0
112310,229,46,5431,557,394,163,0,0,0,0,0,0
112410,229,46,461,461,461,0,0,0,0,0,0,0
112511,229,46,3772,3089,3074,15,0,0,0,0,0,0
111110,230,47,33,14,14,0,0,0,0,0,0,0
111130,230,47,233,31,27,4,0,0,0,0,0,0
111211,230,47,9174,891,760,125,6,0,0,0,0,0
111310,230,47,2452,681,659,22,0,0,0,0,0,0
111411,230,47,2780,958,932,24,2,0,0,0,0,0
111930,230,47,4345,2340,2314,26,0,0,0,0,0,0
112111,230,47,1246,950,946,4,0,0,0,0,0,0
112112,230,47,107,14,13,1,0,0,0,0,0,0
112120,230,47,6472,308,204,100,4,0,0,0,0,0
112210,230,47,170,160,160,0,0,0,0,0,0,0
112310,230,47,573,209,204,5,0,0,0,0,0,0
112410,230,47,449,326,325,1,0,0,0,0,0,0
112511,230,47,2470,1291,1271,20,0,0,0,0,0,0
111110,241,48,989,257,243,14,0,0,0,0,0,0
111130,241,48,2148,524,489,35,0,0,0,0,0,0
111211,241,48,390,126,118,8,0,0,0,0,0,0
111310,241,48,115,89,89,0,0,0,0,0,0,0
111411,241,48,556,143,132,11,0,0,0,0,0,0
111910,241,48,7,7,7,0,0,0,0,0,0,0
111930,241,48,977,873,871,2,0,0,0,0,0,0
112111,241,48,616,514,514,0,0,0,0,0,0,0
112112,241,48,57,14,13,1,0,0,0,0,0,0
112120,241,48,1046,133,121,12,0,0,0,0,0,0
112210,241,48,82,27,25,2,0,0,0,0,0,0
112310,241,48,3228,262,181,81,0,0,0,0,0,0
112410,241,48,166,151,151,0,0,0,0,0,0,0
112511,241,48,718,616,614,2,0,0,0,0,0,0
111110,242,49,846,217,202,15,0,0,0,0,0,0
111130,242,49,1616,466,441,25,0,0,0,0,0,0
111211,242,49,290,112,109,3,0,0,0,0,0,0
111310,242,49,137,70,68,2,0,0,0,0,0,0
111411,242,49,604,144,130,14,0,0,0,0,0,0
111910,242,49,6,6,6,0,0,0,0,0,0,0
111930,242,49,942,782,778,4,0,0,0,0,0,0
112111,242,49,501,450,450,0,0,0,0,0,0,0
112112,242,49,13,12,12,0,0,0,0,0,0,0
112120,242,49,984,119,103,16,0,0,0,0,0,0
112210,242,49,46,25,25,0,0,0,0,0,0,0
112310,242,49,3028,249,158,91,0,0,0,0,0,0
112410,242,49,140,136,136,0,0,0,0,0,0,0
112511,242,49,590,533,532,1,0,0,0,0,0,0
111110,249,50,1432,352,328,24,0,0,0,0,0,0
111130,249,50,3120,745,691,54,0,0,0,0,0,0
111211,249,50,366,179,176,3,0,0,0,0,0,0
111310,249,50,250,111,108,3,0,0,0,0,0,0
111411,249,50,860,203,182,21,0,0,0,0,0,0
111910,249,50,12,10,10,0,0,0,0,0,0,0
111930,249,50,1409,1254,1250,4,0,0,0,0,0,0
112111,249,50,832,685,684,1,0,0,0,0,0,0
112112,249,50,51,19,18,1,0,0,0,0,0,0
112120,249,50,1306,165,149,16,0,0,0,0,0,0
112210,249,50,55,24,23,1,0,0,0,0,0,0
112310,249,50,4553,411,314,97,0,0,0,0,0,0
112410,249,50,197,195,195,0,0,0,0,0,0,0
112511,249,50,974,846,844,2,0,0,0,0,0,0
111110,251,51,175,11,8,3,0,0,0,0,0,0
111130,251,51,64,18,17,1,0,0,0,0,0,0
111211,251,51,3457,577,529,45,3,0,0,0,0,0
111310,251,51,4350,483,414,66,3,0,0,0,0,0
111411,251,51,3430,571,529,41,1,0,0,0,0,0
111910,251,51,87,4,1,3,0,0,0,0,0,0
111930,251,51,1390,925,922,3,0,0,0,0,0,0
112111,251,51,448,375,374,1,0,0,0,0,0,0
112112,251,51,40,8,8,0,0,0,0,0,0,0
112120,251,51,1753,80,41,37,2,0,0,0,0,0
112210,251,51,134,79,77,2,0,0,0,0,0,0
112310,251,51,300,221,220,1,0,0,0,0,0,0
112410,251,51,262,230,230,0,0,0,0,0,0,0
112511,251,51,2238,1140,1124,15,1,0,0,0,0,0
111110,259,52,32,5,4,1,0,0,0,0,0,0
111130,259,52,15,7,7,0,0,0,0,0,0,0
111211,259,52,1669,346,328,18,0,0,0,0,0,0
111310,259,52,1939,296,273,22,1,0,0,0,0,0
111411,259,52,3066,397,355,41,1,0,0,0,0,0
111910,259,52,254,7,3,4,0,0,0,0,0,0
111930,259,52,813,566,563,3,0,0,0,0,0,0
112111,259,52,269,245,245,0,0,0,0,0,0,0
112120,259,52,1565,67,38,28,1,0,0,0,0,0
112210,259,52,76,56,56,0,0,0,0,0,0,0
112310,259,52,428,159,156,3,0,0,0,0,0,0
112410,259,52,141,135,135,0,0,0,0,0,0,0
112511,259,52,1498,747,733,14,0,0,0,0,0,0
111110,261,53,3615,643,597,46,0,0,0,0,0,0
111130,261,53,7509,1327,1236,91,0,0,0,0,0,0
111211,261,53,914,241,228,13,0,0,0,0,0,0
111310,261,53,955,342,331,11,0,0,0,0,0,0
111411,261,53,1576,387,365,22,0,0,0,0,0,0
111930,261,53,2630,1947,1932,15,0,0,0,0,0,0
112111,261,53,1474,860,852,8,0,0,0,0,0,0
112112,261,53,240,52,48,4,0,0,0,0,0,0
112120,261,53,3056,219,161,58,0,0,0,0,0,0
112210,261,53,387,76,70,6,0,0,0,0,0,0
112310,261,53,290,140,136,4,0,0,0,0,0,0
112410,261,53,236,232,232,0,0,0,0,0,0,0
112511,261,53,1008,858,856,2,0,0,0,0,0,0
111110,262,54,4837,949,899,50,0,0,0,0,0,0
111130,262,54,11659,2064,1917,147,0,0,0,0,0,0
111211,262,54,1360,328,305,23,0,0,0,0,0,0
111310,262,54,1344,512,502,10,0,0,0,0,0,0
111411,262,54,1965,508,480,28,0,0,0,0,0,0
111930,262,54,3728,2769,2751,18,0,0,0,0,0,0
112111,262,54,2055,1234,1221,13,0,0,0,0,0,0
112112,262,54,308,65,60,5,0,0,0,0,0,0
112120,262,54,4294,312,228,84,0,0,0,0,0,0
112210,262,54,862,137,116,21,0,0,0,0,0,0
112310,262,54,605,228,217,11,0,0,0,0,0,0
112410,262,54,275,266,266,0,0,0,0,0,0,0
112511,262,54,1568,1318,1313,5,0,0,0,0,0,0
111110,269,55,15372,2892,2692,200,0,0,0,0,0,0
111130,269,55,34121,6296,5847,449,0,0,0,0,0,0
111211,269,55,4360,1168,1097,71,0,0,0,0,0,0
111310,269,55,4187,1457,1416,41,0,0,0,0,0,0
111411,269,55,7264,1737,1623,114,0,0,0,0,0,0
111930,269,55,11787,8971,8923,48,0,0,0,0,0,0
112111,269,55,6309,3948,3912,36,0,0,0,0,0,0
112112,269,55,1513,227,198,29,0,0,0,0,0,0
112120,269,55,15840,1141,817,324,0,0,0,0,0,0
112210,269,55,3293,473,401,72,0,0,0,0,0,0
112310,269,55,1879,778,747,31,0,0,0,0,0,0
112410,269,55,1006,921,921,0,0,0,0,0,0,0
112511,269,55,4897,4171,4164,7,0,0,0,0,0,0
111110,271,56,7813,2410,2410,0,0,0,0,0,0,0
111130,271,56,16238,5106,5106,0,0,0,0,0,0,0
111211,271,56,608,259,259,0,0,0,0,0,0,0
111310,271,56,183,165,165,0,0,0,0,0,0,0
111411,271,56,361,210,210,0,0,0,0,0,0,0
111930,271,56,5512,4596,4596,0,0,0,0,0,0,0
112111,271,56,2546,1937,1937,0,0,0,0,0,0,0
112112,271,56,849,242,242,0,0,0,0,0,0,0
112120,271,56,3238,908,908,0,0,0,0,0,0,0
112210,271,56,2829,338,338,0,0,0,0,0,0,0
112310,271,56,1312,271,271,0,0,0,0,0,0,0
112410,271,56,279,269,269,0,0,0,0,0,0,0
112511,271,56,1401,1020,1020,0,0,0,0,0,0,0
111110,279,57,24657,7672,7672,0,0,0,0,0,0,0
111130,279,57,52258,16409,16409,0,0,0,0,0,0,0
111211,279,57,1399,742,742,0,0,0,0,0,0,0
111310,279,57,565,544,544,0,0,0,0,0,0,0
111411,279,57,1199,691,691,0,0,0,0,0,0,0
111930,279,57,17487,15001,15001,0,0,0,0,0,0,0
112111,279,57,8056,6146,6146,0,0,0,0,0,0,0
112112,279,57,2852,806,806,0,0,0,0,0,0,0
112120,279,57,10074,2838,2838,0,0,0,0,0,0,0
112210,279,57,9824,1104,1103,1,0,0,0,0,0,0
112310,279,57,3457,814,814,0,0,0,0,0,0,0
112410,279,57,868,819,819,0,0,0,0,0,0,0
112511,279,57,4176,3225,3225,0,0,0,0,0,0,0
111110,280,58,7710,1121,952,169,0,0,0,0,0,0
111130,280,58,17324,2345,1918,427,0,0,0,0,0,0
111211,280,58,1703,924,903,21,0,0,0,0,0,0
111310,280,58,923,783,783,0,0,0,0,0,0,0
111411,280,58,1235,589,576,13,0,0,0,0,0,0
111920,280,58,2595,357,297,60,0,0,0,0,0,0
111930,280,58,12940,11662,11621,41,0,0,0,0,0,0
112111,280,58,14470,13041,13018,23,0,0,0,0,0,0
112112,280,58,43,8,8,0,0,0,0,0,0,0
112120,280,58,765,144,134,10,0,0,0,0,0,0
112210,280,58,765,117,93,24,0,0,0,0,0,0
112310,280,58,28257,2071,1202,869,0,0,0,0,0,0
112410,280,58,796,796,796,0,0,0,0,0,0,0
112511,280,58,5549,4118,4078,40,0,0,0,0,0,0
111110,291,59,2681,575,536,39,0,0,0,0,0,0
111130,291,59,5363,1280,1214,66,0,0,0,0,0,0
111211,291,59,82,76,76,0,0,0,0,0,0,0
111310,291,59,131,98,97,1,0,0,0,0,0,0
111411,291,59,205,94,92,2,0,0,0,0,0,0
111910,291,59,1,1,1,0,0,0,0,0,0,0
111920,291,59,380,24,15,9,0,0,0,0,0,0
111930,291,59,2595,2482,2482,0,0,0,0,0,0,0
112111,291,59,5450,4036,4028,8,0,0,0,0,0,0
112112,291,59,263,73,68,5,0,0,0,0,0,0
112120,291,59,390,109,107,2,0,0,0,0,0,0
112210,291,59,596,54,36,18,0,0,0,0,0,0
112310,291,59,2103,177,115,62,0,0,0,0,0,0
112410,291,59,206,206,206,0,0,0,0,0,0,0
112511,291,59,795,718,718,0,0,0,0,0,0,0
111110,292,60,1566,369,355,14,0,0,0,0,0,0
111130,292,60,3624,848,809,39,0,0,0,0,0,0
111211,292,60,128,50,48,2,0,0,0,0,0,0
111310,292,60,113,66,65,1,0,0,0,0,0,0
111411,292,60,111,49,48,1,0,0,0,0,0,0
111910,292,60,1,1,1,0,0,0,0,0,0,0
111920,292,60,246,14,8,6,0,0,0,0,0,0
111930,292,60,1791,1664,1664,0,0,0,0,0,0,0
112111,292,60,4118,2947,2943,4,0,0,0,0,0,0
112112,292,60,155,55,54,1,0,0,0,0,0,0
112120,292,60,470,95,93,2,0,0,0,0,0,0
112210,292,60,452,54,46,8,0,0,0,0,0,0
112310,292,60,1534,120,76,44,0,0,0,0,0,0
112410,292,60,135,131,131,0,0,0,0,0,0,0
112511,292,60,596,536,535,1,0,0,0,0,0,0
111110,299,61,20277,4769,4540,229,0,0,0,0,0,0
111130,299,61,42487,10420,9963,457,0,0,0,0,0,0
111211,299,61,831,518,512,6,0,0,0,0,0,0
111310,299,61,793,700,699,1,0,0,0,0,0,0
111411,299,61,1414,611,599,12,0,0,0,0,0,0
111910,299,61,17,8,8,0,0,0,0,0,0,0
111920,299,61,2420,155,103,52,0,0,0,0,0,0
111930,299,61,20828,19632,19623,9,0,0,0,0,0,0
112111,299,61,46664,33394,33285,109,0,0,0,0,0,0
112112,299,61,2019,598,577,21,0,0,0,0,0,0
112120,299,61,4016,935,917,18,0,0,0,0,0,0
112210,299,61,5694,579,435,144,0,0,0,0,0,0
112310,299,61,14750,1333,908,425,0,0,0,0,0,0
112410,299,61,1749,1728,1728,0,0,0,0,0,0,0
112511,299,61,6521,5939,5930,9,0,0,0,0,0,0
111110,300,62,7585,1583,1516,67,0,0,0,0,0,0
111130,300,62,14991,3153,3018,135,0,0,0,0,0,0
111211,300,62,540,203,198,5,0,0,0,0,0,0
111310,300,62,282,275,275,0,0,0,0,0,0,0
111411,300,62,567,325,323,2,0,0,0,0,0,0
111930,300,62,10323,7398,7360,38,0,0,0,0,0,0
112111,300,62,23118,8703,8520,183,0,0,0,0,0,0
112112,300,62,558,162,152,10,0,0,0,0,0,0
112120,300,62,356,75,68,7,0,0,0,0,0,0
112210,300,62,207,88,86,2,0,0,0,0,0,0
112310,300,62,207,206,206,0,0,0,0,0,0,0
112410,300,62,698,576,574,2,0,0,0,0,0,0
112511,300,62,6065,5261,5242,19,0,0,0,0,0,0
111110,310,63,20033,6540,6540,0,0,0,0,0,0,0
111130,310,63,44049,14298,14298,0,0,0,0,0,0,0
111211,310,63,354,191,191,0,0,0,0,0,0,0
111310,310,63,193,189,189,0,0,0,0,0,0,0
111411,310,63,484,382,382,0,0,0,0,0,0,0
111930,310,63,10977,9534,9534,0,0,0,0,0,0,0
112111,310,63,19282,11788,11788,0,0,0,0,0,0,0
112112,310,63,6610,1083,1083,0,0,0,0,0,0,0
112120,310,63,780,247,247,0,0,0,0,0,0,0
112210,310,63,2790,644,644,0,0,0,0,0,0,0
112310,310,63,478,282,282,0,0,0,0,0,0,0
112410,310,63,846,837,837,0,0,0,0,0,0,0
112511,310,63,4353,3954,3954,0,0,0,0,0,0,0
111110,321,64,11,2,2,0,0,0,0,0,0,0
111130,321,64,3,2,2,0,0,0,0,0,0,0
111211,321,64,15,13,13,0,0,0,0,0,0,0
111310,321,64,12,12,12,0,0,0,0,0,0,0
111411,321,64,57,12,10,2,0,0,0,0,0,0
111930,321,64,1012,167,147,20,0,0,0,0,0,0
112111,321,64,690,198,190,8,0,0,0,0,0,0
112112,321,64,7,2,2,0,0,0,0,0,0,0
112120,321,64,78,2,0,2,0,0,0,0,0,0
112210,321,64,2,2,2,0,0,0,0,0,0,0
112310,321,64,16,16,16,0,0,0,0,0,0,0
112410,321,64,83,51,50,1,0,0,0,0,0,0
112511,321,64,182,175,175,0,0,0,0,0,0,0
111110,329,65,9,6,6,0,0,0,0,0,0,0
111130,329,65,18,10,10,0,0,0,0,0,0,0
111211,329,65,245,69,66,3,0,0,0,0,0,0
111310,329,65,82,67,67,0,0,0,0,0,0,0
111411,329,65,375,59,52,7,0,0,0,0,0,0
111930,329,65,4914,827,769,58,0,0,0,0,0,0
112111,329,65,4068,1044,997,47,0,0,0,0,0,0
112112,329,65,65,10,9,1,0,0,0,0,0,0
112120,329,65,645,24,4,20,0,0,0,0,0,0
112210,329,65,27,20,20,0,0,0,0,0,0,0
112310,329,65,66,56,56,0,0,0,0,0,0,0
112410,329,65,453,289,285,4,0,0,0,0,0,0
112511,329,65,1146,1002,1002,0,0,0,0,0,0,0
111110,330,66,36,8,7,1,0,0,0,0,0,0
111130,330,66,36,12,12,0,0,0,0,0,0,0
111211,330,66,1405,340,327,11,2,0,0,0,0,0
111310,330,66,856,211,203,7,1,0,0,0,0,0
111411,330,66,2582,497,467,28,2,0,0,0,0,0
111930,330,66,1947,1174,1172,2,0,0,0,0,0,0
112111,330,66,583,383,380,3,0,0,0,0,0,0
112112,330,66,1,1,1,0,0,0,0,0,0,0
112120,330,66,4307,150,81,55,14,0,0,0,0,0
112210,330,66,95,88,88,0,0,0,0,0,0,0
112310,330,66,470,224,221,3,0,0,0,0,0,0
112410,330,66,341,300,300,0,0,0,0,0,0,0
112511,330,66,1705,1003,987,16,0,0,0,0,0,0
111110,341,67,857,119,106,13,0,0,0,0,0,0
111130,341,67,1457,254,234,20,0,0,0,0,0,0
111211,341,67,2980,290,238,52,0,0,0,0,0,0
111310,341,67,1431,196,175,21,0,0,0,0,0,0
111411,341,67,3956,558,503,55,0,0,0,0,0,0
111930,341,67,884,513,505,8,0,0,0,0,0,0
112111,341,67,309,251,251,0,0,0,0,0,0,0
112112,341,67,8,5,5,0,0,0,0,0,0,0
112120,341,67,408,25,18,7,0,0,0,0,0,0
112210,341,67,68,18,17,1,0,0,0,0,0,0
112310,341,67,285,149,147,2,0,0,0,0,0,0
112410,341,67,212,198,198,0,0,0,0,0,0,0
112511,341,67,891,540,537,3,0,0,0,0,0,0
111110,342,68,511,116,113,3,0,0,0,0,0,0
111130,342,68,1297,277,265,12,0,0,0,0,0,0
111211,342,68,2745,285,250,35,0,0,0,0,0,0
111310,342,68,2010,200,171,29,0,0,0,0,0,0
111411,342,68,4631,520,463,57,0,0,0,0,0,0
111930,342,68,869,544,540,4,0,0,0,0,0,0
112111,342,68,269,264,264,0,0,0,0,0,0,0
112112,342,68,3,3,3,0,0,0,0,0,0,0
112120,342,68,464,22,15,7,0,0,0,0,0,0
112210,342,68,28,25,25,0,0,0,0,0,0,0
112310,342,68,293,150,148,2,0,0,0,0,0,0
112410,342,68,257,244,244,0,0,0,0,0,0,0
112511,342,68,1095,563,558,5,0,0,0,0,0,0
111110,349,69,585,100,92,8,0,0,0,0,0,0
111130,349,69,1417,249,233,15,1,0,0,0,0,0
111211,349,69,2235,216,188,28,0,0,0,0,0,0
111310,349,69,1121,141,125,16,0,0,0,0,0,0
111411,349,69,3819,487,435,52,0,0,0,0,0,0
111930,349,69,712,464,462,2,0,0,0,0,0,0
112111,349,69,250,186,184,2,0,0,0,0,0,0
112112,349,69,1,1,1,0,0,0,0,0,0,0
112120,349,69,495,29,22,7,0,0,0,0,0,0
112210,349,69,23,17,17,0,0,0,0,0,0,0
112310,349,69,305,156,154,2,0,0,0,0,0,0
112410,349,69,198,188,188,0,0,0,0,0,0,0
112511,349,69,959,508,501,7,0,0,0,0,0,0
111110,350,70,806,102,89,13,0,0,0,0,0,0
111130,350,70,1815,219,192,27,0,0,0,0,0,0
111211,350,70,3133,1291,1263,28,0,0,0,0,0,0
111310,350,70,4974,2401,2363,38,0,0,0,0,0,0
111411,350,70,1368,179,158,21,0,0,0,0,0,0
111920,350,70,743,55,41,14,0,0,0,0,0,0
111930,350,70,15164,5937,5795,142,0,0,0,0,0,0
112111,350,70,24882,8989,8769,220,0,0,0,0,0,0
112112,350,70,658,68,60,8,0,0,0,0,0,0
112120,350,70,8024,196,75,121,0,0,0,0,0,0
112210,350,70,82,76,76,0,0,0,0,0,0,0
112310,350,70,240,134,132,2,0,0,0,0,0,0
112410,350,70,1391,1222,1220,2,0,0,0,0,0,0
112511,350,70,5080,3852,3836,16,0,0,0,0,0,0
111110,361,71,549,113,105,8,0,0,0,0,0,0
111130,361,71,1316,233,212,21,0,0,0,0,0,0
111211,361,71,1010,262,245,17,0,0,0,0,0,0
111310,361,71,993,283,270,13,0,0,0,0,0,0
111411,361,71,861,290,280,10,0,0,0,0,0,0
111930,361,71,1598,1207,1203,4,0,0,0,0,0,0
112111,361,71,1234,579,568,11,0,0,0,0,0,0
112112,361,71,127,19,16,3,0,0,0,0,0,0
112120,361,71,6167,602,496,106,0,0,0,0,0,0
112210,361,71,83,42,41,1,0,0,0,0,0,0
112310,361,71,157,89,88,1,0,0,0,0,0,0
112410,361,71,222,162,160,2,0,0,0,0,0,0
112511,361,71,892,619,615,4,0,0,0,0,0,0
111110,362,72,540,76,64,12,0,0,0,0,0,0
111130,362,72,733,133,121,12,0,0,0,0,0,0
111211,362,72,526,151,142,9,0,0,0,0,0,0
111310,362,72,406,149,145,4,0,0,0,0,0,0
111411,362,72,677,187,176,11,0,0,0,0,0,0
111930,362,72,1048,734,728,6,0,0,0,0,0,0
112111,362,72,589,324,319,5,0,0,0,0,0,0
112112,362,72,121,12,10,2,0,0,0,0,0,0
112120,362,72,3466,341,274,67,0,0,0,0,0,0
112210,362,72,34,31,31,0,0,0,0,0,0,0
112310,362,72,232,66,61,5,0,0,0,0,0,0
112410,362,72,88,82,82,0,0,0,0,0,0,0
112511,362,72,555,394,392,2,0,0,0,0,0,0
111110,363,73,678,118,102,16,0,0,0,0,0,0
111130,363,73,1526,264,236,28,0,0,0,0,0,0
111211,363,73,1091,275,254,21,0,0,0,0,0,0
111310,363,73,1258,327,307,20,0,0,0,0,0,0
111411,363,73,938,319,304,15,0,0,0,0,0,0
111930,363,73,1616,1252,1247,5,0,0,0,0,0,0
112111,363,73,1259,641,627,14,0,0,0,0,0,0
112112,363,73,201,19,14,5,0,0,0,0,0,0
112120,363,73,6773,648,520,128,0,0,0,0,0,0
112210,363,73,54,54,54,0,0,0,0,0,0,0
112310,363,73,375,136,131,5,0,0,0,0,0,0
112410,363,73,148,133,133,0,0,0,0,0,0,0
112511,363,73,856,707,706,1,0,0,0,0,0,0
111110,364,74,818,149,132,17,0,0,0,0,0,0
111130,364,74,1815,299,262,37,0,0,0,0,0,0
111211,364,74,1173,344,323,21,0,0,0,0,0,0
111310,364,74,1646,364,331,33,0,0,0,0,0,0
111411,364,74,1260,365,346,19,0,0,0,0,0,0
111930,364,74,1843,1494,1489,5,0,0,0,0,0,0
112111,364,74,1195,717,709,8,0,0,0,0,0,0
112112,364,74,164,24,21,3,0,0,0,0,0,0
112120,364,74,8569,765,586,179,0,0,0,0,0,0
112210,364,74,284,73,67,6,0,0,0,0,0,0
112310,364,74,386,152,145,7,0,0,0,0,0,0
112410,364,74,214,197,197,0,0,0,0,0,0,0
112511,364,74,1201,900,896,4,0,0,0,0,0,0
111110,369,75,2481,390,347,43,0,0,0,0,0,0
111130,369,75,5376,911,819,92,0,0,0,0,0,0
111211,369,75,3960,999,939,60,0,0,0,0,0,0
111310,369,75,4200,1155,1093,62,0,0,0,0,0,0
111411,369,75,4043,1161,1105,56,0,0,0,0,0,0
111930,369,75,6005,4648,4632,16,0,0,0,0,0,0
112111,369,75,3815,2192,2160,32,0,0,0,0,0,0
112112,369,75,379,69,61,8,0,0,0,0,0,0
112120,369,75,23923,2338,1943,395,0,0,0,0,0,0
112210,369,75,648,222,211,11,0,0,0,0,0,0
112310,369,75,884,439,427,12,0,0,0,0,0,0
112410,369,75,702,546,544,2,0,0,0,0,0,0
112511,369,75,3542,2551,2535,16,0,0,0,0,0,0
111110,371,76,703,217,206,11,0,0,0,0,0,0
111130,371,76,1868,477,447,30,0,0,0,0,0,0
111211,371,76,511,249,241,8,0,0,0,0,0,0
111310,371,76,266,161,158,3,0,0,0,0,0,0
111411,371,76,1047,367,348,19,0,0,0,0,0,0
111910,371,76,1274,135,107,28,0,0,0,0,0,0
111920,371,76,389,58,48,10,0,0,0,0,0,0
111930,371,76,2113,1264,1237,27,0,0,0,0,0,0
112111,371,76,1786,1599,1596,3,0,0,0,0,0,0
112112,371,76,4,2,2,0,0,0,0,0,0,0
112120,371,76,313,31,25,6,0,0,0,0,0,0
112210,371,76,2292,138,56,82,0,0,0,0,0,0
112310,371,76,6003,414,216,198,0,0,0,0,0,0
112410,371,76,214,214,214,0,0,0,0,0,0,0
112511,371,76,724,629,626,3,0,0,0,0,0,0
111110,372,77,1058,256,235,21,0,0,0,0,0,0
111130,372,77,2223,571,532,39,0,0,0,0,0,0
111211,372,77,711,297,285,12,0,0,0,0,0,0
111310,372,77,298,231,230,1,0,0,0,0,0,0
111411,372,77,1002,445,435,10,0,0,0,0,0,0
111910,372,77,1193,136,112,24,0,0,0,0,0,0
111920,372,77,667,88,79,9,0,0,0,0,0,0
111930,372,77,2583,1533,1501,32,0,0,0,0,0,0
112111,372,77,2469,2120,2113,7,0,0,0,0,0,0
112112,372,77,1,1,1,0,0,0,0,0,0,0
112120,372,77,265,31,25,6,0,0,0,0,0,0
112210,372,77,3042,175,73,102,0,0,0,0,0,0
112310,372,77,7239,484,253,231,0,0,0,0,0,0
112410,372,77,309,307,307,0,0,0,0,0,0,0
112511,372,77,990,768,761,7,0,0,0,0,0,0
111110,373,78,728,185,171,14,0,0,0,0,0,0
111130,373,78,1670,432,399,33,0,0,0,0,0,0
111211,373,78,558,231,220,11,0,0,0,0,0,0
111310,373,78,315,160,155,5,0,0,0,0,0,0
111411,373,78,738,342,334,8,0,0,0,0,0,0
111910,373,78,866,99,83,16,0,0,0,0,0,0
111920,373,78,363,52,45,7,0,0,0,0,0,0
111930,373,78,1679,1134,1117,17,0,0,0,0,0,0
112111,373,78,1742,1515,1511,4,0,0,0,0,0,0
112112,373,78,12,2,2,0,0,0,0,0,0,0
112120,373,78,266,31,25,6,0,0,0,0,0,0
112210,373,78,2247,133,55,78,0,0,0,0,0,0
112310,373,78,5555,364,181,183,0,0,0,0,0,0
112410,373,78,204,204,204,0,0,0,0,0,0,0
112511,373,78,629,558,556,2,0,0,0,0,0,0
111110,379,79,4338,1126,1053,73,0,0,0,0,0,0
111130,379,79,9347,2459,2288,171,0,0,0,0,0,0
111211,379,79,2690,1245,1202,43,0,0,0,0,0,0
111310,379,79,1276,942,937,5,0,0,0,0,0,0
111411,379,79,4533,1918,1853,65,0,0,0,0,0,0
111910,379,79,5821,676,539,137,0,0,0,0,0,0
111920,379,79,2072,330,291,39,0,0,0,0,0,0
111930,379,79,11016,6534,6381,153,0,0,0,0,0,0
112111,379,79,9990,8675,8647,28,0,0,0,0,0,0
112112,379,79,17,5,5,0,0,0,0,0,0,0
112120,379,79,1550,170,138,32,0,0,0,0,0,0
112210,379,79,12116,724,276,448,0,0,0,0,0,0
112310,379,79,30538,2142,1102,1040,0,0,0,0,0,0
112410,379,79,1199,1197,1197,0,0,0,0,0,0,0
112511,379,79,3810,3235,3219,16,0,0,0,0,0,0
111110,380,80,13645,3804,3804,0,0,0,0,0,0,0
111130,380,80,29311,8414,8414,0,0,0,0,0,0,0
111211,380,80,540,136,136,0,0,0,0,0,0,0
111310,380,80,41,41,41,0,0,0,0,0,0,0
111411,380,80,76,56,56,0,0,0,0,0,0,0
111930,380,80,12035,10807,10807,0,0,0,0,0,0,0
112111,380,80,6695,4949,4949,0,0,0,0,0,0,0
112112,380,80,372,157,157,0,0,0,0,0,0,0
112120,380,80,247,90,90,0,0,0,0,0,0,0
112210,380,80,138,66,66,0,0,0,0,0,0,0
112310,380,80,142,105,105,0,0,0,0,0,0,0
112410,380,80,256,251,251,0,0,0,0,0,0,0
112511,380,80,2303,2085,2085,0,0,0,0,0,0,0
111110,391,81,2308,579,549,30,0,0,0,0,0,0
111130,391,81,4457,1189,1141,48,0,0,0,0,0,0
111211,391,81,160,75,73,2,0,0,0,0,0,0
111310,391,81,69,61,61,0,0,0,0,0,0,0
111411,391,81,306,96,90,6,0,0,0,0,0,0
111910,391,81,11,11,11,0,0,0,0,0,0,0
111930,391,81,1286,1242,1241,1,0,0,0,0,0,0
112111,391,81,930,733,733,0,0,0,0,0,0,0
112112,391,81,224,51,48,3,0,0,0,0,0,0
112120,391,81,1063,204,190,14,0,0,0,0,0,0
112210,391,81,855,88,62,26,0,0,0,0,0,0
112310,391,81,519,122,111,11,0,0,0,0,0,0
112410,391,81,131,131,131,0,0,0,0,0,0,0
112511,391,81,651,540,539,1,0,0,0,0,0,0
111110,392,82,3822,937,898,39,0,0,0,0,0,0
111130,392,82,7307,1904,1818,86,0,0,0,0,0,0
111211,392,82,212,137,135,2,0,0,0,0,0,0
111310,392,82,127,98,98,0,0,0,0,0,0,0
111411,392,82,641,199,189,10,0,0,0,0,0,0
111910,392,82,10,10,10,0,0,0,0,0,0,0
111930,392,82,2272,2155,2152,3,0,0,0,0,0,0
112111,392,82,1616,1266,1262,4,0,0,0,0,0,0
112112,392,82,345,60,52,8,0,0,0,0,0,0
112120,392,82,1568,334,315,19,0,0,0,0,0,0
112210,392,82,1358,139,99,40,0,0,0,0,0,0
112310,392,82,784,173,156,17,0,0,0,0,0,0
112410,392,82,215,215,215,0,0,0,0,0,0,0
112511,392,82,968,880,878,2,0,0,0,0,0,0
111110,393,83,4176,1101,1055,46,0,0,0,0,0,0
111130,393,83,9594,2423,2316,107,0,0,0,0,0,0
111211,393,83,238,136,135,1,0,0,0,0,0,0
111310,393,83,159,140,140,0,0,0,0,0,0,0
111411,393,83,523,220,214,6,0,0,0,0,0,0
111910,393,83,22,20,20,0,0,0,0,0,0,0
111930,393,83,2550,2465,2465,0,0,0,0,0,0,0
112111,393,83,2011,1527,1521,6,0,0,0,0,0,0
112112,393,83,379,74,66,8,0,0,0,0,0,0
112120,393,83,2008,403,381,22,0,0,0,0,0,0
112210,393,83,1086,142,114,28,0,0,0,0,0,0
112310,393,83,1430,193,156,37,0,0,0,0,0,0
112410,393,83,336,333,333,0,0,0,0,0,0,0
112511,393,83,1309,1133,1130,3,0,0,0,0,0,0
111110,394,84,3001,753,715,38,0,0,0,0,0,0
111130,394,84,6325,1584,1514,70,0,0,0,0,0,0
111211,394,84,121,86,85,1,0,0,0,0,0,0
111310,394,84,113,94,94,0,0,0,0,0,0,0
111411,394,84,527,161,151,10,0,0,0,0,0,0
111910,394,84,18,12,12,0,0,0,0,0,0,0
111930,394,84,1788,1729,1729,0,0,0,0,0,0,0
112111,394,84,1295,1106,1104,2,0,0,0,0,0,0
112112,394,84,174,45,42,3,0,0,0,0,0,0
112120,394,84,1140,237,223,14,0,0,0,0,0,0
112210,394,84,1120,106,74,32,0,0,0,0,0,0
112310,394,84,731,132,114,18,0,0,0,0,0,0
112410,394,84,203,201,201,0,0,0,0,0,0,0
112511,394,84,1013,801,796,5,0,0,0,0,0,0
111110,399,85,18617,4655,4448,207,0,0,0,0,0,0
111130,399,85,40276,10267,9795,472,0,0,0,0,0,0
111211,399,85,1101,677,668,9,0,0,0,0,0,0
111310,399,85,745,608,606,2,0,0,0,0,0,0
111411,399,85,2686,1004,965,39,0,0,0,0,0,0
111910,399,85,79,56,56,0,0,0,0,0,0,0
111930,399,85,11529,10834,10824,10,0,0,0,0,0,0
112111,399,85,8793,6813,6791,22,0,0,0,0,0,0
112112,399,85,1859,318,279,39,0,0,0,0,0,0
112120,399,85,8799,1672,1560,112,0,0,0,0,0,0
112210,399,85,6078,695,531,164,0,0,0,0,0,0
112310,399,85,4594,852,749,103,0,0,0,0,0,0
112410,399,85,1324,1308,1308,0,0,0,0,0,0,0
112511,399,85,5496,4717,4701,16,0,0,0,0,0,0
111110,401,86,1905,357,325,32,0,0,0,0,0,0
111130,401,86,3208,669,619,50,0,0,0,0,0,0
111211,401,86,54,44,44,0,0,0,0,0,0,0
111310,401,86,323,194,192,2,0,0,0,0,0,0
111411,401,86,305,41,34,7,0,0,0,0,0,0
111920,401,86,121,9,5,4,0,0,0,0,0,0
111930,401,86,2899,2202,2189,13,0,0,0,0,0,0
112111,401,86,11258,5464,5366,98,0,0,0,0,0,0
112112,401,86,234,44,41,3,0,0,0,0,0,0
112120,401,86,159,27,25,2,0,0,0,0,0,0
112210,401,86,608,85,72,13,0,0,0,0,0,0
112310,401,86,1961,193,143,50,0,0,0,0,0,0
112410,401,86,309,306,306,0,0,0,0,0,0,0
112511,401,86,1293,1164,1163,1,0,0,0,0,0,0
111110,402,87,1288,256,237,19,0,0,0,0,0,0
111130,402,87,3202,580,528,52,0,0,0,0,0,0
111211,402,87,123,38,36,2,0,0,0,0,0,0
111310,402,87,223,173,172,1,0,0,0,0,0,0
111411,402,87,252,32,28,4,0,0,0,0,0,0
111920,402,87,195,14,9,5,0,0,0,0,0,0
111930,402,87,2445,1854,1845,9,0,0,0,0,0,0
112111,402,87,10295,5020,4928,92,0,0,0,0,0,0
112112,402,87,232,48,45,3,0,0,0,0,0,0
112120,402,87,335,40,35,5,0,0,0,0,0,0
112210,402,87,313,71,65,6,0,0,0,0,0,0
112310,402,87,1954,178,130,48,0,0,0,0,0,0
112410,402,87,299,298,298,0,0,0,0,0,0,0
112511,402,87,1115,1024,1024,0,0,0,0,0,0,0
111110,409,88,8462,1747,1614,133,0,0,0,0,0,0
111130,409,88,18910,3755,3464,291,0,0,0,0,0,0
111211,409,88,392,209,205,4,0,0,0,0,0,0
111310,409,88,1414,1044,1041,3,0,0,0,0,0,0
111411,409,88,1534,213,181,32,0,0,0,0,0,0
111920,409,88,550,54,40,14,0,0,0,0,0,0
111930,409,88,15964,12116,12042,74,0,0,0,0,0,0
112111,409,88,62534,30455,29878,577,0,0,0,0,0,0
112112,409,88,1618,280,250,30,0,0,0,0,0,0
112120,409,88,1971,242,208,34,0,0,0,0,0,0
112210,409,88,2287,467,423,44,0,0,0,0,0,0
112310,409,88,13119,1101,779,322,0,0,0,0,0,0
112410,409,88,1714,1665,1665,0,0,0,0,0,0,0
112511,409,88,6964,6472,6465,7,0,0,0,0,0,0
111110,411,89,1589,105,83,22,0,0,0,0,0,0
111130,411,89,3221,229,177,52,0,0,0,0,0,0
111211,411,89,3056,330,285,45,0,0,0,0,0,0
111310,411,89,5089,959,906,53,0,0,0,0,0,0
111411,411,89,5285,872,805,67,0,0,0,0,0,0
111930,411,89,10637,2003,1856,147,0,0,0,0,0,0
112111,411,89,8843,3071,2989,82,0,0,0,0,0,0
112112,411,89,488,40,33,7,0,0,0,0,0,0
112120,411,89,3387,95,39,56,0,0,0,0,0,0
112210,411,89,162,138,138,0,0,0,0,0,0,0
112310,411,89,622,259,253,6,0,0,0,0,0,0
112410,411,89,614,482,481,1,0,0,0,0,0,0
112511,411,89,1483,1054,1049,5,0,0,0,0,0,0
111110,419,90,4037,269,213,56,0,0,0,0,0,0
111130,419,90,8981,606,477,129,0,0,0,0,0,0
111211,419,90,7859,854,749,105,0,0,0,0,0,0
111310,419,90,16365,2730,2542,188,0,0,0,0,0,0
111411,419,90,13451,2275,2119,156,0,0,0,0,0,0
111930,419,90,25141,5128,4823,305,0,0,0,0,0,0
112111,419,90,24677,8349,8129,220,0,0,0,0,0,0
112112,419,90,1087,100,87,13,0,0,0,0,0,0
112120,419,90,6788,249,146,103,0,0,0,0,0,0
112210,419,90,334,309,309,0,0,0,0,0,0,0
112310,419,90,2026,706,687,19,0,0,0,0,0,0
112410,419,90,2044,1389,1382,7,0,0,0,0,0,0
112511,419,90,4903,2838,2814,24,0,0,0,0,0,0
111110,421,91,1498,431,422,9,0,0,0,0,0,0
111130,421,91,2575,789,766,23,0,0,0,0,0,0
111211,421,91,527,237,233,4,0,0,0,0,0,0
111310,421,91,610,285,284,1,0,0,0,0,0,0
111411,421,91,1686,443,421,22,0,0,0,0,0,0
111910,421,91,43,28,28,0,0,0,0,0,0,0
111930,421,91,2960,2517,2516,1,0,0,0,0,0,0
112111,421,91,1771,1131,1128,3,0,0,0,0,0,0
112112,421,91,499,103,100,3,0,0,0,0,0,0
112120,421,91,7805,995,949,46,0,0,0,0,0,0
112210,421,91,1348,122,104,18,0,0,0,0,0,0
112310,421,91,3156,282,225,57,0,0,0,0,0,0
112410,421,91,320,309,309,0,0,0,0,0,0,0
112511,421,91,1332,1004,1001,3,0,0,0,0,0,0
111110,422,92,808,303,296,7,0,0,0,0,0,0
111130,422,92,1496,564,557,7,0,0,0,0,0,0
111211,422,92,488,183,174,9,0,0,0,0,0,0
111310,422,92,470,219,215,4,0,0,0,0,0,0
111411,422,92,1222,305,279,26,0,0,0,0,0,0
111910,422,92,35,18,18,0,0,0,0,0,0,0
111930,422,92,2092,1820,1819,1,0,0,0,0,0,0
112111,422,92,1339,822,817,5,0,0,0,0,0,0
112112,422,92,404,71,67,4,0,0,0,0,0,0
112120,422,92,5427,695,635,60,0,0,0,0,0,0
112210,422,92,1032,80,55,25,0,0,0,0,0,0
112310,422,92,2672,219,156,63,0,0,0,0,0,0
112410,422,92,223,219,219,0,0,0,0,0,0,0
112511,422,92,1003,751,748,3,0,0,0,0,0,0
111110,429,93,6378,2063,2010,53,0,0,0,0,0,0
111130,429,93,12677,4295,4211,84,0,0,0,0,0,0
111211,429,93,2552,1291,1274,17,0,0,0,0,0,0
111310,429,93,3381,1465,1435,30,0,0,0,0,0,0
111411,429,93,7317,2272,2167,105,0,0,0,0,0,0
111910,429,93,171,97,97,0,0,0,0,0,0,0
111930,429,93,14900,12848,12841,7,0,0,0,0,0,0
112111,429,93,10234,5712,5672,40,0,0,0,0,0,0
112112,429,93,3044,552,526,26,0,0,0,0,0,0
112120,429,93,38767,4908,4576,332,0,0,0,0,0,0
112210,429,93,6965,563,413,150,0,0,0,0,0,0
112310,429,93,18233,1640,1259,381,0,0,0,0,0,0
112410,429,93,1597,1545,1544,1,0,0,0,0,0,0
112511,429,93,6935,5113,5082,31,0,0,0,0,0,0
111110,440,94,6,3,3,0,0,0,0,0,0,0
111130,440,94,16,4,4,0,0,0,0,0,0,0
111211,440,94,578,139,129,10,0,0,0,0,0,0
111310,440,94,289,65,62,3,0,0,0,0,0,0
111411,440,94,1666,256,234,22,0,0,0,0,0,0
111930,440,94,257,196,196,0,0,0,0,0,0,0
112111,440,94,172,154,154,0,0,0,0,0,0,0
112112,440,94,16,7,7,0,0,0,0,0,0,0
112120,440,94,289,13,7,6,0,0,0,0,0,0
112210,440,94,49,20,20,0,0,0,0,0,0,0
112310,440,94,192,88,85,3,0,0,0,0,0,0
112410,440,94,55,54,54,0,0,0,0,0,0,0
112511,440,94,371,244,242,2,0,0,0,0,0,0
111110,451,95,125,27,26,1,0,0,0,0,0,0
111130,451,95,384,83,78,5,0,0,0,0,0,0
111211,451,95,86,60,60,0,0,0,0,0,0,0
111310,451,95,106,55,54,1,0,0,0,0,0,0
111411,451,95,241,56,52,4,0,0,0,0,0,0
111910,451,95,39,5,5,0,0,0,0,0,0,0
111920,451,95,138,18,16,2,0,0,0,0,0,0
111930,451,95,567,395,393,2,0,0,0,0,0,0
112111,451,95,347,331,331,0,0,0,0,0,0,0
112120,451,95,17,3,3,0,0,0,0,0,0,0
112210,451,95,89,18,16,2,0,0,0,0,0,0
112310,451,95,1127,66,36,30,0,0,0,0,0,0
112410,451,95,64,64,64,0,0,0,0,0,0,0
112511,451,95,242,227,227,0,0,0,0,0,0,0
111110,452,96,832,146,132,14,0,0,0,0,0,0
111130,452,96,1454,328,307,21,0,0,0,0,0,0
111211,452,96,547,295,291,4,0,0,0,0,0,0
111310,452,96,315,231,230,1,0,0,0,0,0,0
111411,452,96,593,207,201,6,0,0,0,0,0,0
111910,452,96,182,12,9,3,0,0,0,0,0,0
111920,452,96,601,93,87,6,0,0,0,0,0,0
111930,452,96,3054,1763,1733,30,0,0,0,0,0,0
112111,452,96,1582,1444,1444,0,0,0,0,0,0,0
112120,452,96,391,24,16,8,0,0,0,0,0,0
112210,452,96,180,50,47,3,0,0,0,0,0,0
112310,452,96,4803,320,190,130,0,0,0,0,0,0
112410,452,96,262,262,262,0,0,0,0,0,0,0
112511,452,96,1036,997,997,0,0,0,0,0,0,0
111110,459,97,2112,514,484,30,0,0,0,0,0,0
111130,459,97,4122,1002,943,59,0,0,0,0,0,0
111211,459,97,1394,707,692,15,0,0,0,0,0,0
111310,459,97,1194,650,640,10,0,0,0,0,0,0
111411,459,97,1695,542,520,22,0,0,0,0,0,0
111910,459,97,360,38,32,6,0,0,0,0,0,0
111920,459,97,2352,257,214,43,0,0,0,0,0,0
111930,459,97,9209,5120,5025,95,0,0,0,0,0,0
112111,459,97,4477,4076,4073,3,0,0,0,0,0,0
112120,459,97,855,53,33,20,0,0,0,0,0,0
112210,459,97,817,168,151,17,0,0,0,0,0,0
112310,459,97,13030,852,491,361,0,0,0,0,0,0
112410,459,97,775,774,774,0,0,0,0,0,0,0
112511,459,97,3193,2933,2931,2,0,0,0,0,0,0
111110,460,98,10986,3366,3366,0,0,0,0,0,0,0
111130,460,98,23307,7295,7295,0,0,0,0,0,0,0
111211,460,98,69,69,69,0,0,0,0,0,0,0
111310,460,98,46,45,45,0,0,0,0,0,0,0
111411,460,98,152,100,100,0,0,0,0,0,0,0
111930,460,98,8756,7996,7996,0,0,0,0,0,0,0
112111,460,98,15273,8288,8288,0,0,0,0,0,0,0
112112,460,98,2784,646,646,0,0,0,0,0,0,0
112120,460,98,1051,276,276,0,0,0,0,0,0,0
112210,460,98,1322,223,223,0,0,0,0,0,0,0
112310,460,98,385,186,186,0,0,0,0,0,0,0
112410,460,98,763,690,690,0,0,0,0,0,0,0
112511,460,98,3415,2809,2809,0,0,0,0,0,0,0
111110,471,99,286,41,35,6,0,0,0,0,0,0
111130,471,99,737,76,62,14,0,0,0,0,0,0
111211,471,99,100,21,19,2,0,0,0,0,0,0
111310,471,99,18,18,18,0,0,0,0,0,0,0
111411,471,99,134,29,28,1,0,0,0,0,0,0
111910,471,99,104,15,14,1,0,0,0,0,0,0
111920,471,99,144,6,2,4,0,0,0,0,0,0
111930,471,99,394,382,382,0,0,0,0,0,0,0
112111,471,99,1217,863,857,6,0,0,0,0,0,0
112120,471,99,56,7,6,1,0,0,0,0,0,0
112210,471,99,6,6,6,0,0,0,0,0,0,0
112310,471,99,556,47,33,14,0,0,0,0,0,0
112410,471,99,42,42,42,0,0,0,0,0,0,0
112511,471,99,194,189,189,0,0,0,0,0,0,0
111110,472,100,2890,252,206,46,0,0,0,0,0,0
111130,472,100,5601,517,427,90,0,0,0,0,0,0
111211,472,100,552,148,142,6,0,0,0,0,0,0
111310,472,100,167,119,118,1,0,0,0,0,0,0
111411,472,100,886,184,175,9,0,0,0,0,0,0
111910,472,100,675,124,118,6,0,0,0,0,0,0
111920,472,100,710,34,20,14,0,0,0,0,0,0
111930,472,100,3176,2971,2970,1,0,0,0,0,0,0
112111,472,100,9038,6671,6648,23,0,0,0,0,0,0
112112,472,100,57,3,1,2,0,0,0,0,0,0
112120,472,100,1065,84,67,17,0,0,0,0,0,0
112210,472,100,236,49,45,4,0,0,0,0,0,0
112310,472,100,3210,287,224,63,0,0,0,0,0,0
112410,472,100,410,396,396,0,0,0,0,0,0,0
112511,472,100,1475,1282,1280,2,0,0,0,0,0,0
111110,479,101,11025,1061,865,196,0,0,0,0,0,0
111130,479,101,21872,2202,1818,384,0,0,0,0,0,0
111211,479,101,1835,599,574,25,0,0,0,0,0,0
111310,479,101,593,468,465,3,0,0,0,0,0,0
111411,479,101,5275,821,738,83,0,0,0,0,0,0
111910,479,101,2987,434,400,34,0,0,0,0,0,0
111920,479,101,3932,181,104,77,0,0,0,0,0,0
111930,479,101,12427,11742,11735,7,0,0,0,0,0,0
112111,479,101,37020,26923,26804,119,0,0,0,0,0,0
112112,479,101,153,34,32,2,0,0,0,0,0,0
112120,479,101,4845,381,293,88,0,0,0,0,0,0
112210,479,101,898,196,183,13,0,0,0,0,0,0
112310,479,101,11855,1146,898,248,0,0,0,0,0,0
112410,479,101,1736,1701,1701,0,0,0,0,0,0,0
112511,479,101,5923,5298,5289,9,0,0,0,0,0,0
111110,481,102,777,85,75,10,0,0,0,0,0,0
111130,481,102,1993,169,136,33,0,0,0,0,0,0
111211,481,102,271,65,62,3,0,0,0,0,0,0
111310,481,102,302,154,153,1,0,0,0,0,0,0
111411,481,102,621,57,48,9,0,0,0,0,0,0
111920,481,102,1696,142,114,28,0,0,0,0,0,0
111930,481,102,2737,1696,1681,15,0,0,0,0,0,0
112111,481,102,7287,4322,4281,41,0,0,0,0,0,0
112112,481,102,377,28,22,6,0,0,0,0,0,0
112120,481,102,366,15,9,6,0,0,0,0,0,0
112210,481,102,48,41,41,0,0,0,0,0,0,0
112310,481,102,1238,151,130,21,0,0,0,0,0,0
112410,481,102,593,509,509,0,0,0,0,0,0,0
112511,481,102,1161,890,887,3,0,0,0,0,0,0
111110,482,103,299,24,20,4,0,0,0,0,0,0
111130,482,103,616,54,44,10,0,0,0,0,0,0
111211,482,103,63,14,13,1,0,0,0,0,0,0
111310,482,103,111,48,47,1,0,0,0,0,0,0
111411,482,103,176,18,15,3,0,0,0,0,0,0
111920,482,103,562,44,35,9,0,0,0,0,0,0
111930,482,103,709,519,516,3,0,0,0,0,0,0
112111,482,103,1994,1212,1203,9,0,0,0,0,0,0
112112,482,103,10,5,5,0,0,0,0,0,0,0
112120,482,103,93,5,2,3,0,0,0,0,0,0
112210,482,103,10,9,9,0,0,0,0,0,0,0
112310,482,103,524,39,29,10,0,0,0,0,0,0
112410,482,103,185,166,166,0,0,0,0,0,0,0
112511,482,103,264,245,245,0,0,0,0,0,0,0
111110,483,104,258,24,20,4,0,0,0,0,0,0
111130,483,104,533,57,49,8,0,0,0,0,0,0
111211,483,104,49,19,19,0,0,0,0,0,0,0
111310,483,104,183,45,43,2,0,0,0,0,0,0
111411,483,104,118,18,17,1,0,0,0,0,0,0
111920,483,104,390,42,36,6,0,0,0,0,0,0
111930,483,104,851,495,487,8,0,0,0,0,0,0
112111,483,104,1830,1150,1143,7,0,0,0,0,0,0
112112,483,104,229,11,7,4,0,0,0,0,0,0
112120,483,104,123,3,0,3,0,0,0,0,0,0
112210,483,104,16,14,14,0,0,0,0,0,0,0
112310,483,104,319,25,19,6,0,0,0,0,0,0
112410,483,104,151,145,145,0,0,0,0,0,0,0
112511,483,104,338,280,280,0,0,0,0,0,0,0
111110,484,105,4259,353,273,80,0,0,0,0,0,0
111130,484,105,9185,798,634,164,0,0,0,0,0,0
111211,484,105,1532,235,210,25,0,0,0,0,0,0
111310,484,105,1200,686,679,7,0,0,0,0,0,0
111411,484,105,2504,276,236,40,0,0,0,0,0,0
111920,484,105,7523,670,546,124,0,0,0,0,0,0
111930,484,105,10829,7516,7462,54,0,0,0,0,0,0
112111,484,105,30211,18190,18007,183,0,0,0,0,0,0
112112,484,105,1111,119,100,19,0,0,0,0,0,0
112120,484,105,2028,91,49,42,0,0,0,0,0,0
112210,484,105,292,184,182,2,0,0,0,0,0,0
112310,484,105,6710,609,481,128,0,0,0,0,0,0
112410,484,105,2384,2212,2211,1,0,0,0,0,0,0
112511,484,105,5085,3971,3957,14,0,0,0,0,0,0
111110,485,106,159,10,7,3,0,0,0,0,0,0
111130,485,106,230,20,16,4,0,0,0,0,0,0
111211,485,106,4,2,2,0,0,0,0,0,0,0
111310,485,106,17,15,15,0,0,0,0,0,0,0
111411,485,106,68,9,8,1,0,0,0,0,0,0
111920,485,106,143,18,16,2,0,0,0,0,0,0
111930,485,106,383,248,246,2,0,0,0,0,0,0
112111,485,106,951,539,535,4,0,0,0,0,0,0
112112,485,106,64,3,2,1,0,0,0,0,0,0
112120,485,106,61,1,0,1,0,0,0,0,0,0
112210,485,106,7,7,7,0,0,0,0,0,0,0
112310,485,106,276,22,18,4,0,0,0,0,0,0
112410,485,106,67,66,66,0,0,0,0,0,0,0
112511,485,106,117,104,104,0,0,0,0,0,0,0
111110,486,107,2184,189,152,37,0,0,0,0,0,0
111130,486,107,5104,417,328,89,0,0,0,0,0,0
111211,486,107,560,117,108,9,0,0,0,0,0,0
111310,486,107,906,401,394,7,0,0,0,0,0,0
111411,486,107,1187,121,99,22,0,0,0,0,0,0
111920,486,107,4024,357,286,71,0,0,0,0,0,0
111930,486,107,6055,4118,4081,37,0,0,0,0,0,0
112111,486,107,16733,10186,10092,94,0,0,0,0,0,0
112112,486,107,721,66,52,14,0,0,0,0,0,0
112120,486,107,1161,52,29,23,0,0,0,0,0,0
112210,486,107,175,101,100,1,0,0,0,0,0,0
112310,486,107,3844,346,270,76,0,0,0,0,0,0
112410,486,107,1446,1333,1332,1,0,0,0,0,0,0
112511,486,107,2740,2109,2100,9,0,0,0,0,0,0
111110,487,108,153,9,6,3,0,0,0,0,0,0
111130,487,108,177,22,19,3,0,0,0,0,0,0
111211,487,108,9,4,4,0,0,0,0,0,0,0
111310,487,108,29,16,16,0,0,0,0,0,0,0
111411,487,108,30,8,8,0,0,0,0,0,0,0
111920,487,108,101,11,9,2,0,0,0,0,0,0
111930,487,108,243,162,161,1,0,0,0,0,0,0
112111,487,108,701,480,475,5,0,0,0,0,0,0
112112,487,108,52,4,3,1,0,0,0,0,0,0
112120,487,108,54,2,1,1,0,0,0,0,0,0
112210,487,108,3,3,3,0,0,0,0,0,0,0
112310,487,108,267,9,3,6,0,0,0,0,0,0
112410,487,108,61,56,56,0,0,0,0,0,0,0
112511,487,108,94,88,88,0,0,0,0,0,0,0
111110,488,109,1590,143,108,35,0,0,0,0,0,0
111130,488,109,3834,331,262,69,0,0,0,0,0,0
111211,488,109,467,77,70,7,0,0,0,0,0,0
111310,488,109,729,264,258,6,0,0,0,0,0,0
111411,488,109,957,107,88,19,0,0,0,0,0,0
111920,488,109,2325,225,182,43,0,0,0,0,0,0
111930,488,109,4169,2875,2853,22,0,0,0,0,0,0
112111,488,109,11553,7104,7036,68,0,0,0,0,0,0
112112,488,109,480,44,35,9,0,0,0,0,0,0
112120,488,109,1106,41,19,22,0,0,0,0,0,0
112210,488,109,125,56,55,1,0,0,0,0,0,0
112310,488,109,2643,211,159,52,0,0,0,0,0,0
112410,488,109,971,909,908,1,0,0,0,0,0,0
112511,488,109,1784,1493,1490,3,0,0,0,0,0,0
111110,489,110,18207,1624,1294,330,0,0,0,0,0,0
111130,489,110,41455,3609,2867,742,0,0,0,0,0,0
111211,489,110,5800,1045,955,90,0,0,0,0,0,0
111310,489,110,6937,3107,3052,55,0,0,0,0,0,0
111411,489,110,10276,1136,965,171,0,0,0,0,0,0
111920,489,110,32148,2995,2454,541,0,0,0,0,0,0
111930,489,110,52129,34040,33753,287,0,0,0,0,0,0
112111,489,110,139129,84543,83798,745,0,0,0,0,0,0
112112,489,110,5512,618,525,93,0,0,0,0,0,0
112120,489,110,10817,446,231,215,0,0,0,0,0,0
112210,489,110,1071,769,764,5,0,0,0,0,0,0
112310,489,110,32128,2568,1950,618,0,0,0,0,0,0
112410,489,110,11279,10207,10198,9,0,0,0,0,0,0
112511,489,110,21976,17407,17352,55,0,0,0,0,0,0
111110,491,111,271,46,43,3,0,0,0,0,0,0
111130,491,111,767,107,95,12,0,0,0,0,0,0
111211,491,111,297,139,136,3,0,0,0,0,0,0
111310,491,111,222,113,112,1,0,0,0,0,0,0
111411,491,111,477,61,54,7,0,0,0,0,0,0
111930,491,111,4361,1727,1696,31,0,0,0,0,0,0
112111,491,111,3997,1581,1552,29,0,0,0,0,0,0
112112,491,111,333,36,32,4,0,0,0,0,0,0
112120,491,111,2073,74,35,39,0,0,0,0,0,0
112210,491,111,331,62,57,5,0,0,0,0,0,0
112310,491,111,666,62,49,13,0,0,0,0,0,0
112410,491,111,583,245,240,5,0,0,0,0,0,0
112511,491,111,1911,1163,1152,11,0,0,0,0,0,0
111110,499,112,845,123,112,11,0,0,0,0,0,0
111130,499,112,1259,237,222,15,0,0,0,0,0,0
111211,499,112,594,324,319,5,0,0,0,0,0,0
111310,499,112,910,314,304,10,0,0,0,0,0,0
111411,499,112,1698,149,118,31,0,0,0,0,0,0
111930,499,112,10515,4146,4059,87,0,0,0,0,0,0
112111,499,112,9316,3650,3573,77,0,0,0,0,0,0
112112,499,112,702,90,80,10,0,0,0,0,0,0
112120,499,112,4191,174,92,82,0,0,0,0,0,0
112210,499,112,684,137,126,11,0,0,0,0,0,0
112310,499,112,1327,152,129,23,0,0,0,0,0,0
112410,499,112,1369,518,503,15,0,0,0,0,0,0
112511,499,112,4414,2597,2566,31,0,0,0,0,0,0
111110,500,113,73,27,27,0,0,0,0,0,0,0
111130,500,113,171,39,36,3,0,0,0,0,0,0
111211,500,113,822,351,343,8,0,0,0,0,0,0
111310,500,113,524,273,267,6,0,0,0,0,0,0
111411,500,113,1028,545,537,8,0,0,0,0,0,0
111930,500,113,3729,2634,2628,6,0,0,0,0,0,0
112111,500,113,1255,862,858,4,0,0,0,0,0,0
112112,500,113,105,18,16,2,0,0,0,0,0,0
112120,500,113,12428,904,674,230,0,0,0,0,0,0
112210,500,113,65,57,57,0,0,0,0,0,0,0
112310,500,113,428,203,197,6,0,0,0,0,0,0
112410,500,113,501,390,388,2,0,0,0,0,0,0
112511,500,113,1215,1035,1033,2,0,0,0,0,0,0
111110,511,114,267,55,52,3,0,0,0,0,0,0
111130,511,114,1128,129,106,23,0,0,0,0,0,0
111211,511,114,222,66,62,4,0,0,0,0,0,0
111310,511,114,167,78,77,1,0,0,0,0,0,0
111411,511,114,483,137,131,6,0,0,0,0,0,0
111910,511,114,200,21,17,4,0,0,0,0,0,0
111920,511,114,96,13,12,1,0,0,0,0,0,0
111930,511,114,1147,925,922,3,0,0,0,0,0,0
112111,511,114,2824,1560,1546,14,0,0,0,0,0,0
112112,511,114,66,31,31,0,0,0,0,0,0,0
112120,511,114,969,59,37,22,0,0,0,0,0,0
112210,511,114,80,21,20,1,0,0,0,0,0,0
112310,511,114,1993,133,85,47,1,0,0,0,0,0
112410,511,114,131,120,120,0,0,0,0,0,0,0
112511,511,114,730,541,538,3,0,0,0,0,0,0
111110,512,115,111,21,20,1,0,0,0,0,0,0
111130,512,115,498,77,70,7,0,0,0,0,0,0
111211,512,115,99,33,32,1,0,0,0,0,0,0
111310,512,115,92,42,42,0,0,0,0,0,0,0
111411,512,115,167,56,53,3,0,0,0,0,0,0
111910,512,115,155,17,15,2,0,0,0,0,0,0
111920,512,115,15,3,3,0,0,0,0,0,0,0
111930,512,115,557,491,490,1,0,0,0,0,0,0
112111,512,115,1308,758,753,5,0,0,0,0,0,0
112112,512,115,103,18,16,2,0,0,0,0,0,0
112120,512,115,422,28,21,7,0,0,0,0,0,0
112210,512,115,93,13,11,2,0,0,0,0,0,0
112310,512,115,1301,81,50,31,0,0,0,0,0,0
112410,512,115,72,71,71,0,0,0,0,0,0,0
112511,512,115,367,267,266,1,0,0,0,0,0,0
111110,513,116,797,114,98,16,0,0,0,0,0,0
111130,513,116,1681,242,210,32,0,0,0,0,0,0
111211,513,116,186,133,133,0,0,0,0,0,0,0
111310,513,116,371,159,153,6,0,0,0,0,0,0
111411,513,116,937,234,218,16,0,0,0,0,0,0
111910,513,116,377,62,55,7,0,0,0,0,0,0
111920,513,116,171,16,11,5,0,0,0,0,0,0
111930,513,116,2073,1667,1659,8,0,0,0,0,0,0
112111,513,116,4461,2771,2749,22,0,0,0,0,0,0
112112,513,116,195,56,54,2,0,0,0,0,0,0
112120,513,116,1468,102,64,38,0,0,0,0,0,0
112210,513,116,222,45,40,5,0,0,0,0,0,0
112310,513,116,4592,285,159,126,0,0,0,0,0,0
112410,513,116,229,220,220,0,0,0,0,0,0,0
112511,513,116,1163,917,913,4,0,0,0,0,0,0
111110,519,117,3828,487,410,77,0,0,0,0,0,0
111130,519,117,8486,1085,923,162,0,0,0,0,0,0
111211,519,117,1551,599,581,18,0,0,0,0,0,0
111310,519,117,1495,759,748,11,0,0,0,0,0,0
111411,519,117,3360,1033,987,46,0,0,0,0,0,0
111910,519,117,2476,299,241,58,0,0,0,0,0,0
111920,519,117,946,80,62,18,0,0,0,0,0,0
111930,519,117,10324,7912,7867,45,0,0,0,0,0,0
112111,519,117,21450,13060,12949,111,0,0,0,0,0,0
112112,519,117,775,268,263,5,0,0,0,0,0,0
112120,519,117,7719,502,333,169,0,0,0,0,0,0
112210,519,117,944,244,227,17,0,0,0,0,0,0
112310,519,117,18774,1169,710,459,0,0,0,0,0,0
112410,519,117,1196,1153,1152,1,0,0,0,0,0,0
112511,519,117,5594,4492,4473,19,0,0,0,0,0,0
111110,531,118,2577,93,49,36,8,0,0,0,0,0
111130,531,118,7190,194,83,91,20,0,0,0,0,0
111211,531,118,2088,189,165,17,7,0,0,0,0,0
111310,531,118,7686,431,336,73,22,0,0,0,0,0
111411,531,118,781,151,144,5,2,0,0,0,0,0
111930,531,118,3564,776,734,35,7,0,0,0,0,0
112111,531,118,2073,849,834,12,3,0,0,0,0,0
112112,531,118,252,16,13,2,1,0,0,0,0,0
112120,531,118,2701,50,16,21,13,0,0,0,0,0
112210,531,118,45,45,45,0,0,0,0,0,0,0
112310,531,118,404,101,97,3,1,0,0,0,0,0
112410,531,118,162,144,144,0,0,0,0,0,0,0
112511,531,118,1312,593,583,8,2,0,0,0,0,0
111110,539,119,23060,757,381,302,74,0,0,0,0,0
111130,539,119,47844,1576,802,601,173,0,0,0,0,0
111211,539,119,24461,1735,1450,153,132,0,0,0,0,0
111310,539,119,80261,4394,3321,714,359,0,0,0,0,0
111411,539,119,10860,1602,1493,67,42,0,0,0,0,0
111930,539,119,34818,7150,6755,273,122,0,0,0,0,0
112111,539,119,18822,8159,8009,121,29,0,0,0,0,0
112112,539,119,1946,100,78,12,10,0,0,0,0,0
112120,539,119,24361,421,132,128,161,0,0,0,0,0
112210,539,119,509,440,439,1,0,0,0,0,0,0
112310,539,119,5445,915,860,27,28,0,0,0,0,0
112410,539,119,1411,1263,1263,0,0,0,0,0,0,0
112511,539,119,12433,5105,4999,78,28,0,0,0,0,0
111110,540,120,570,98,91,7,0,0,0,0,0,0
111130,540,120,1276,198,182,16,0,0,0,0,0,0
111211,540,120,763,470,467,3,0,0,0,0,0,0
111310,540,120,1280,438,424,14,0,0,0,0,0,0
111411,540,120,1235,412,401,10,1,0,0,0,0,0
111910,540,120,15,6,6,0,0,0,0,0,0,0
111930,540,120,6972,6738,6738,0,0,0,0,0,0,0
112111,540,120,16301,9430,9363,65,2,0,0,0,0,0
112112,540,120,576,153,147,6,0,0,0,0,0,0
112120,540,120,2032,155,122,33,0,0,0,0,0,0
112210,540,120,172,170,170,0,0,0,0,0,0,0
112310,540,120,16048,680,410,258,12,0,0,0,0,0
112410,540,120,708,693,693,0,0,0,0,0,0,0
112511,540,120,2281,1848,1843,5,0,0,0,0,0,0
111110,551,121,453,168,164,4,0,0,0,0,0,0
111110,551,55101,164,64,63,1,0,0,0,0,0,0
111130,551,121,906,357,348,9,0,0,0,0,0,0
111130,551,55101,362,144,140,4,0,0,0,0,0,0
111211,551,121,66,33,32,1,0,0,0,0,0,0
111211,551,55101,11,7,7,0,0,0,0,0,0,0
111310,551,121,167,33,28,5,0,0,0,0,0,0
111310,551,55101,44,14,13,1,0,0,0,0,0,0
111411,551,121,103,58,57,1,0,0,0,0,0,0
111411,551,55101,60,18,17,1,0,0,0,0,0,0
111910,551,121,1,1,1,0,0,0,0,0,0,0
111930,551,121,443,410,410,0,0,0,0,0,0,0
111930,551,55101,160,152,152,0,0,0,0,0,0,0
112111,551,121,454,275,271,4,0,0,0,0,0,0
112111,551,55101,196,102,99,3,0,0,0,0,0,0
112112,551,121,123,29,26,3,0,0,0,0,0,0
112112,551,55101,45,7,6,1,0,0,0,0,0,0
112120,551,121,1859,284,251,33,0,0,0,0,0,0
112120,551,55101,677,117,107,10,0,0,0,0,0,0
112210,551,121,10,10,10,0,0,0,0,0,0,0
112210,551,55101,18,6,6,0,0,0,0,0,0,0
112310,551,121,182,53,49,4,0,0,0,0,0,0
112310,551,55101,6,6,6,0,0,0,0,0,0,0
112410,551,121,37,37,37,0,0,0,0,0,0,0
112410,551,55101,18,18,18,0,0,0,0,0,0,0
112511,551,121,167,116,115,1,0,0,0,0,0,0
112511,551,55101,73,53,52,1,0,0,0,0,0,0
111110,559,122,15299,5909,5747,162,0,0,0,0,0,0
111110,559,55059,80,43,43,0,0,0,0,0,0,0
111110,559,55127,235,78,76,2,0,0,0,0,0,0
111130,559,122,33990,12684,12321,363,0,0,0,0,0,0
111130,559,55059,331,100,94,6,0,0,0,0,0,0
111130,559,55127,475,183,178,5,0,0,0,0,0,0
111211,559,122,4063,1252,1162,90,0,0,0,0,0,0
111211,559,55059,16,11,11,0,0,0,0,0,0,0
111211,559,55127,54,15,14,1,0,0,0,0,0,0
111310,559,122,3206,1192,1134,58,0,0,0,0,0,0
111310,559,55059,55,10,9,1,0,0,0,0,0,0
111310,559,55127,53,15,14,1,0,0,0,0,0,0
111411,559,122,3485,1645,1608,37,0,0,0,0,0,0
111411,559,55059,14,12,12,0,0,0,0,0,0,0
111411,559,55127,27,21,21,0,0,0,0,0,0,0
111910,559,122,60,54,54,0,0,0,0,0,0,0
111910,559,55059,1,1,1,0,0,0,0,0,0,0
111910,559,55127,1,1,1,0,0,0,0,0,0,0
111930,559,122,16601,14784,14762,22,0,0,0,0,0,0
111930,559,55059,145,109,108,1,0,0,0,0,0,0
111930,559,55127,229,207,207,0,0,0,0,0,0,0
112111,559,122,15452,9658,9581,77,0,0,0,0,0,0
112111,559,55059,124,72,72,0,0,0,0,0,0,0
112111,559,55127,203,134,133,1,0,0,0,0,0,0
112112,559,122,3508,837,781,56,0,0,0,0,0,0
112112,559,55059,12,8,8,0,0,0,0,0,0,0
112112,559,55127,47,11,11,0,0,0,0,0,0,0
112120,559,122,65642,9754,8685,1069,0,0,0,0,0,0
112120,559,55059,552,88,82,6,0,0,0,0,0,0
112120,559,55127,1061,158,141,17,0,0,0,0,0,0
112210,559,122,1266,446,423,23,0,0,0,0,0,0
112210,559,55059,3,3,3,0,0,0,0,0,0,0
112210,559,55127,17,10,10,0,0,0,0,0,0,0
112310,559,122,4705,1496,1402,94,0,0,0,0,0,0
112310,559,55059,25,13,13,0,0,0,0,0,0,0
112310,559,55127,58,23,22,1,0,0,0,0,0,0
112410,559,122,1608,1464,1463,1,0,0,0,0,0,0
112410,559,55059,16,12,12,0,0,0,0,0,0,0
112410,559,55127,24,24,24,0,0,0,0,0,0,0
112511,559,122,5869,4540,4507,33,0,0,0,0,0,0
112511,559,55059,47,40,40,0,0,0,0,0,0,0
112511,559,55127,65,65,65,0,0,0,0,0,0,0
111110,560,123,620,126,121,5,0,0,0,0,0,0
111130,560,123,1573,282,263,19,0,0,0,0,0,0
111211,560,123,64,26,25,1,0,0,0,0,0,0
111310,560,123,25,25,25,0,0,0,0,0,0,0
111411,560,123,186,68,68,0,0,0,0,0,0,0
111930,560,123,6527,3098,3062,36,0,0,0,0,0,0
112111,560,123,15861,4365,4220,145,0,0,0,0,0,0
112112,560,123,688,69,49,20,0,0,0,0,0,0
112120,560,123,200,36,33,3,0,0,0,0,0,0
112210,560,123,165,96,93,3,0,0,0,0,0,0
112310,560,123,114,112,112,0,0,0,0,0,0,0
112410,560,123,796,293,284,9,0,0,0,0,0,0
112511,560,123,3622,3140,3134,6,0,0,0,0,0,0
