Mesozone,NAICS,Employment
1,11,10
1,21,0
1,22,0
1,23,603
1,31,119
1,32,165
1,33,264
1,42,1109
1,44,916
1,45,265
1,48,181
1,49,63
1,51,2359
1,52,973
1,53,117
1,54,571
1,55,10976
1,56,651
1,61,101
1,62,1143
1,71,176
1,72,1218
1,81,488
1,92,0
2,11,14
2,21,0
2,22,0
2,23,2316
2,31,1156
2,32,1597
2,33,2555
2,42,1445
2,44,2364
2,45,684
2,48,1539
2,49,538
2,51,226
2,52,1864
2,53,436
2,54,2149
2,55,757
2,56,2373
2,61,598
2,62,16879
2,71,525
2,72,2477
2,81,1609
2,92,0
3,11,6
3,21,0
3,22,0
3,23,2436
3,31,1503
3,32,2078
3,33,3323
3,42,5749
3,44,6117
3,45,1771
3,48,838
3,49,293
3,51,237
3,52,1758
3,53,742
3,54,4989
3,55,3804
3,56,5101
3,61,1091
3,62,9328
3,71,242
3,72,4569
3,81,2508
3,92,0
4,11,0
4,21,0
4,22,3
4,23,2745
4,31,631
4,32,871
4,33,1394
4,42,6008
4,44,6097
4,45,1766
4,48,1181
4,49,413
4,51,1960
4,52,7150
4,53,1064
4,54,7524
4,55,14618
4,56,5307
4,61,1519
4,62,10779
4,71,1746
4,72,7541
4,81,3305
4,92,0
5,11,34
5,21,0
5,22,0
5,23,440
5,31,28
5,32,39
5,33,61
5,42,258
5,44,1629
5,45,472
5,48,30
5,49,10
5,51,297
5,52,866
5,53,402
5,54,2035
5,55,795
5,56,1160
5,61,1584
5,62,7812
5,71,439
5,72,1889
5,81,1405
5,92,0
6,11,18
6,21,1
6,22,0
6,23,1038
6,31,336
6,32,465
6,33,744
6,42,1163
6,44,2492
6,45,721
6,48,189
6,49,66
6,51,129
6,52,243
6,53,87
6,54,581
6,55,63
6,56,2323
6,61,3157
6,62,1781
6,71,160
6,72,1445
6,81,879
6,92,0
7,11,16
7,21,0
7,22,0
7,23,1949
7,31,592
7,32,818
7,33,1309
7,42,5219
7,44,7931
7,45,2296
7,48,738
7,49,258
7,51,6163
7,52,5330
7,53,993
7,54,11061
7,55,3043
7,56,10024
7,61,766
7,62,9748
7,71,635
7,72,6843
7,81,2939
7,92,0
8,11,0
8,21,1
8,22,0
8,23,5621
8,31,2346
8,32,3242
8,33,5186
8,42,8064
8,44,2775
8,45,803
8,48,3505
8,49,1225
8,51,502
8,52,3521
8,53,681
8,54,4196
8,55,1611
8,56,6760
8,61,869
8,62,7554
8,71,129
8,72,4189
8,81,2589
8,92,0
9,11,10
9,21,0
9,22,3
9,23,2365
9,31,939
9,32,1297
9,33,2075
9,42,4119
9,44,5348
9,45,1548
9,48,2591
9,49,906
9,51,1019
9,52,1644
9,53,1521
9,54,2941
9,55,4611
9,56,5845
9,61,1063
9,62,13863
9,71,1574
9,72,7462
9,81,3317
9,92,0
10,11,28
10,21,0
10,22,0
10,23,2910
10,31,2353
10,32,3252
10,33,5202
10,42,6226
10,44,10639
10,45,3080
10,48,2023
10,49,707
10,51,1714
10,52,2014
10,53,1192
10,54,4445
10,55,963
10,56,5056
10,61,1425
10,62,20227
10,71,832
10,72,6639
10,81,3615
10,92,0
11,11,0
11,21,0
11,22,0
11,23,162
11,31,376
11,32,520
11,33,832
11,42,321
11,44,1947
11,45,564
11,48,49
11,49,17
11,51,1259
11,52,1287
11,53,610
11,54,2029
11,55,154
11,56,1453
11,61,13754
11,62,9460
11,71,773
11,72,3315
11,81,1935
11,92,0
12,11,0
12,21,0
12,22,3
12,23,3308
12,31,3342
12,32,4617
12,33,7386
12,42,6731
12,44,4720
12,45,1367
12,48,23355
12,49,8166
12,51,2618
12,52,2982
12,53,1290
12,54,6141
12,55,6498
12,56,13888
12,61,970
12,62,12013
12,71,409
12,72,9406
12,81,3039
12,92,0
13,11,0
13,21,0
13,22,38
13,23,4574
13,31,2137
13,32,2953
13,33,4724
13,42,5113
13,44,11527
13,45,3337
13,48,945
13,49,331
13,51,1708
13,52,3802
13,53,1861
13,54,3411
13,55,76
13,56,7391
13,61,3579
13,62,20043
13,71,1562
13,72,10600
13,81,5571
13,92,0
14,11,36
14,21,0
14,22,0
14,23,3480
14,31,706
14,32,976
14,33,1561
14,42,2191
14,44,10242
14,45,2965
14,48,1301
14,49,455
14,51,2693
14,52,3685
14,53,2637
14,54,5620
14,55,1828
14,56,6283
14,61,5410
14,62,23676
14,71,3688
14,72,18405
14,81,6647
14,92,0
15,11,20
15,21,0
15,22,13
15,23,2527
15,31,1935
15,32,2673
15,33,4277
15,42,3982
15,44,6514
15,45,1886
15,48,1270
15,49,444
15,51,433
15,52,1409
15,53,382
15,54,2104
15,55,260
15,56,5782
15,61,3468
15,62,13139
15,71,1081
15,72,3310
15,81,2257
15,92,0
16,11,34
16,21,1
16,22,0
16,23,3544
16,31,2608
16,32,3604
16,33,5765
16,42,5099
16,44,6288
16,45,1820
16,48,1511
16,49,528
16,51,313
16,52,1607
16,53,783
16,54,4034
16,55,6
16,56,8503
16,61,2549
16,62,20745
16,71,609
16,72,6906
16,81,4300
16,92,0
17,11,48
17,21,51
17,22,73
17,23,8906
17,31,2086
17,32,2882
17,33,4611
17,42,19261
17,44,20452
17,45,5921
17,48,6180
17,49,2161
17,51,31537
17,52,98278
17,53,16996
17,54,117718
17,55,18576
17,56,67731
17,61,30031
17,62,63903
17,71,11084
17,72,65295
17,81,37717
17,92,0
18,11,52
18,21,0
18,22,1
18,23,3163
18,31,1294
18,32,1789
18,33,2861
18,42,2152
18,44,4326
18,45,1252
18,48,7240
18,49,2532
18,51,762
18,52,897
18,53,331
18,54,1476
18,55,523
18,56,2034
18,61,392
18,62,4513
18,71,642
18,72,4142
18,81,2440
18,92,0
19,11,86
19,21,0
19,22,25
19,23,1380
19,31,2181
19,32,3013
19,33,4820
19,42,5389
19,44,5907
19,45,1710
19,48,8304
19,49,2903
19,51,334
19,52,1567
19,53,476
19,54,1516
19,55,315
19,56,4420
19,61,1294
19,62,5007
19,71,304
19,72,5698
19,81,2731
19,92,0
20,11,8
20,21,1
20,22,1
20,23,1122
20,31,1000
20,32,1383
20,33,2212
20,42,2244
20,44,4701
20,45,1361
20,48,1000
20,49,350
20,51,183
20,52,760
20,53,1376
20,54,1905
20,55,32
20,56,3373
20,61,14782
20,62,14642
20,71,572
20,72,2953
20,81,3147
20,92,0
21,11,0
21,21,1
21,22,0
21,23,627
21,31,34
21,32,47
21,33,76
21,42,584
21,44,545
21,45,158
21,48,316
21,49,110
21,51,12
21,52,133
21,53,96
21,54,182
21,55,5
21,56,402
21,61,201
21,62,1512
21,71,102
21,72,533
21,81,228
21,92,0
22,11,24
22,21,0
22,22,0
22,23,1877
22,31,133
22,32,184
22,33,294
22,42,1092
22,44,1061
22,45,307
22,48,763
22,49,267
22,51,74
22,52,1032
22,53,408
22,54,1632
22,55,426
22,56,1388
22,61,254
22,62,5266
22,71,112
22,72,1507
22,81,859
22,92,0
23,11,0
23,21,0
23,22,1
23,23,2356
23,31,828
23,32,1144
23,33,1831
23,42,3661
23,44,7340
23,45,2125
23,48,1469
23,49,514
23,51,347
23,52,1336
23,53,350
23,54,965
23,55,459
23,56,8148
23,61,3203
23,62,14424
23,71,493
23,72,5868
23,81,2517
23,92,0
24,11,4
24,21,1
24,22,0
24,23,559
24,31,1445
24,32,1997
24,33,3193
24,42,1938
24,44,2433
24,45,705
24,48,1660
24,49,580
24,51,102
24,52,1054
24,53,156
24,54,737
24,55,86
24,56,1455
24,61,1112
24,62,6552
24,71,98
24,72,2456
24,81,1310
24,92,0
25,11,64
25,21,0
25,22,0
25,23,1098
25,31,44
25,32,61
25,33,98
25,42,518
25,44,6014
25,45,1741
25,48,213
25,49,74
25,51,325
25,52,843
25,53,200
25,54,981
25,55,6
25,56,2711
25,61,514
25,62,3176
25,71,1020
25,72,4178
25,81,1470
25,92,0
26,11,22
26,21,0
26,22,0
26,23,1605
26,31,180
26,32,249
26,33,399
26,42,976
26,44,2280
26,45,660
26,48,1619
26,49,566
26,51,317
26,52,822
26,53,681
26,54,697
26,55,108
26,56,1566
26,61,250
26,62,4431
26,71,201
26,72,2598
26,81,1312
26,92,0
27,11,270
27,21,0
27,22,1
27,23,2110
27,31,1223
27,32,1689
27,33,2703
27,42,2238
27,44,5171
27,45,1497
27,48,1978
27,49,691
27,51,400
27,52,552
27,53,258
27,54,1607
27,55,117
27,56,3045
27,61,792
27,62,8486
27,71,302
27,72,3750
27,81,1993
27,92,0
28,11,8
28,21,0
28,22,0
28,23,194
28,31,100
28,32,138
28,33,221
28,42,339
28,44,2545
28,45,737
28,48,39
28,49,14
28,51,100
28,52,441
28,53,164
28,54,348
28,55,265
28,56,782
28,61,313
28,62,3469
28,71,361
28,72,1948
28,81,622
28,92,0
29,11,72
29,21,1
29,22,0
29,23,691
29,31,876
29,32,1210
29,33,1935
29,42,692
29,44,1056
29,45,306
29,48,1657
29,49,580
29,51,102
29,52,196
29,53,209
29,54,519
29,55,0
29,56,586
29,61,291
29,62,4360
29,71,119
29,72,1265
29,81,599
29,92,0
30,11,31
30,21,2
30,22,0
30,23,49
30,31,0
30,32,124
30,33,138
30,42,82
30,44,51
30,45,38
30,48,7
30,49,0
30,51,1
30,52,90
30,53,0
30,54,5
30,55,0
30,56,18
30,61,8
30,62,196
30,71,3
30,72,35
30,81,48
30,92,0
31,11,51
31,21,0
31,22,0
31,23,9
31,31,0
31,32,7
31,33,8
31,42,1
31,44,1
31,45,1
31,48,3
31,49,0
31,51,0
31,52,0
31,53,0
31,54,17
31,55,0
31,56,1
31,61,0
31,62,4
31,71,0
31,72,12
31,81,6
31,92,0
32,11,25
32,21,0
32,22,0
32,23,3
32,31,0
32,32,69
32,33,77
32,42,19
32,44,4
32,45,3
32,48,1
32,49,0
32,51,1
32,52,0
32,53,0
32,54,10
32,55,40
32,56,9
32,61,0
32,62,0
32,71,3
32,72,12
32,81,2
32,92,0
33,11,4
33,21,0
33,22,0
33,23,473
33,31,0
33,32,401
33,33,446
33,42,63
33,44,198
33,45,149
33,48,10
33,49,0
33,51,31
33,52,33
33,53,20
33,54,52
33,55,0
33,56,137
33,61,0
33,62,53
33,71,36
33,72,352
33,81,123
33,92,0
34,11,9
34,21,0
34,22,0
34,23,36
34,31,0
34,32,3
34,33,3
34,42,9
34,44,155
34,45,117
34,48,123
34,49,0
34,51,0
34,52,15
34,53,0
34,54,12
34,55,0
34,56,0
34,61,0
34,62,44
34,71,0
34,72,129
34,81,16
34,92,0
35,11,18
35,21,0
35,22,0
35,23,113
35,31,0
35,32,17
35,33,19
35,42,22
35,44,5
35,45,4
35,48,4
35,49,0
35,51,2
35,52,0
35,53,4
35,54,10
35,55,0
35,56,103
35,61,0
35,62,0
35,71,0
35,72,46
35,81,158
35,92,0
36,11,14
36,21,5
36,22,0
36,23,125
36,31,0
36,32,1
36,33,1
36,42,6
36,44,22
36,45,16
36,48,10
36,49,0
36,51,6
36,52,7
36,53,9
36,54,95
36,55,0
36,56,72
36,61,0
36,62,82
36,71,0
36,72,15
36,81,28
36,92,0
37,11,27
37,21,2
37,22,0
37,23,566
37,31,0
37,32,100
37,33,111
37,42,398
37,44,1184
37,45,892
37,48,72
37,49,0
37,51,110
37,52,298
37,53,161
37,54,289
37,55,0
37,56,228
37,61,47
37,62,443
37,71,103
37,72,1252
37,81,384
37,92,0
38,11,89
38,21,0
38,22,0
38,23,120
38,31,0
38,32,171
38,33,191
38,42,13
38,44,99
38,45,74
38,48,17
38,49,0
38,51,0
38,52,88
38,53,22
38,54,29
38,55,0
38,56,141
38,61,2
38,62,68
38,71,0
38,72,100
38,81,105
38,92,0
39,11,69
39,21,0
39,22,0
39,23,41
39,31,0
39,32,8
39,33,9
39,42,24
39,44,1
39,45,1
39,48,12
39,49,0
39,51,0
39,52,2
39,53,13
39,54,9
39,55,0
39,56,19
39,61,0
39,62,0
39,71,41
39,72,248
39,81,16
39,92,0
40,11,33
40,21,0
40,22,0
40,23,220
40,31,0
40,32,371
40,33,412
40,42,224
40,44,958
40,45,721
40,48,16
40,49,0
40,51,85
40,52,339
40,53,135
40,54,321
40,55,138
40,56,897
40,61,82
40,62,694
40,71,63
40,72,689
40,81,318
40,92,0
41,11,121
41,21,16
41,22,4
41,23,469
41,31,0
41,32,615
41,33,683
41,42,866
41,44,521
41,45,392
41,48,116
41,49,0
41,51,13
41,52,760
41,53,100
41,54,933
41,55,135
41,56,220
41,61,70
41,62,3102
41,71,171
41,72,1252
41,81,613
41,92,0
42,11,11
42,21,0
42,22,0
42,23,120
42,31,0
42,32,55
42,33,61
42,42,11
42,44,2
42,45,2
42,48,1
42,49,0
42,51,0
42,52,0
42,53,0
42,54,12
42,55,0
42,56,4
42,61,0
42,62,0
42,71,1
42,72,0
42,81,8
42,92,0
43,11,27
43,21,0
43,22,0
43,23,633
43,31,0
43,32,140
43,33,156
43,42,39
43,44,20
43,45,15
43,48,10
43,49,0
43,51,0
43,52,9
43,53,4
43,54,30
43,55,0
43,56,66
43,61,0
43,62,1
43,71,32
43,72,41
43,81,43
43,92,0
44,11,34
44,21,0
44,22,0
44,23,364
44,31,0
44,32,147
44,33,163
44,42,176
44,44,135
44,45,101
44,48,79
44,49,0
44,51,10
44,52,96
44,53,54
44,54,221
44,55,0
44,56,148
44,61,37
44,62,240
44,71,250
44,72,431
44,81,350
44,92,0
45,11,62
45,21,22
45,22,0
45,23,1045
45,31,0
45,32,905
45,33,1006
45,42,568
45,44,3545
45,45,2669
45,48,272
45,49,0
45,51,317
45,52,719
45,53,194
45,54,796
45,55,1008
45,56,705
45,61,208
45,62,1412
45,71,692
45,72,3702
45,81,1412
45,92,0
46,11,3
46,21,0
46,22,0
46,23,103
46,31,0
46,32,3
46,33,3
46,42,48
46,44,6
46,45,2
46,48,4
46,49,2
46,51,0
46,52,0
46,53,1
46,54,24
46,55,0
46,56,71
46,61,0
46,62,134
46,71,16
46,72,78
46,81,22
46,92,0
47,11,43
47,21,0
47,22,0
47,23,320
47,31,4
47,32,40
47,33,46
47,42,355
47,44,810
47,45,223
47,48,13
47,49,8
47,51,19
47,52,210
47,53,40
47,54,148
47,55,0
47,56,278
47,61,72
47,62,1403
47,71,41
47,72,870
47,81,236
47,92,0
48,11,24
48,21,0
48,22,0
48,23,179
48,31,1
48,32,8
48,33,10
48,42,114
48,44,20
48,45,6
48,48,96
48,49,61
48,51,0
48,52,1
48,53,1
48,54,31
48,55,0
48,56,477
48,61,81
48,62,238
48,71,3
48,72,97
48,81,58
48,92,0
49,11,17
49,21,0
49,22,0
49,23,181
49,31,2
49,32,23
49,33,26
49,42,125
49,44,645
49,45,178
49,48,12
49,49,7
49,51,11
49,52,60
49,53,22
49,54,27
49,55,0
49,56,765
49,61,87
49,62,2298
49,71,39
49,72,797
49,81,251
49,92,0
50,11,54
50,21,0
50,22,0
50,23,277
50,31,21
50,32,246
50,33,282
50,42,67
50,44,433
50,45,119
50,48,23
50,49,15
50,51,35
50,52,74
50,53,24
50,54,95
50,55,0
50,56,122
50,61,102
50,62,140
50,71,42
50,72,448
50,81,148
50,92,0
51,11,6
51,21,0
51,22,0
51,23,612
51,31,9
51,32,97
51,33,111
51,42,494
51,44,1093
51,45,302
51,48,271
51,49,172
51,51,59
51,52,197
51,53,83
51,54,352
51,55,0
51,56,739
51,61,277
51,62,1373
51,71,113
51,72,1302
51,81,492
51,92,0
52,11,14
52,21,0
52,22,0
52,23,654
52,31,26
52,32,293
52,33,336
52,42,3771
52,44,3195
52,45,882
52,48,282
52,49,179
52,51,135
52,52,1038
52,53,276
52,54,549
52,55,0
52,56,814
52,61,274
52,62,1536
52,71,1503
52,72,3648
52,81,824
52,92,0
53,11,3
53,21,0
53,22,0
53,23,486
53,31,108
53,32,1235
53,33,1418
53,42,1328
53,44,1303
53,45,359
53,48,59
53,49,37
53,51,347
53,52,610
53,53,86
53,54,386
53,55,101
53,56,861
53,61,189
53,62,2407
53,71,300
53,72,1040
53,81,829
53,92,0
54,11,84
54,21,0
54,22,0
54,23,718
54,31,10
54,32,112
54,33,129
54,42,1498
54,44,374
54,45,103
54,48,22
54,49,14
54,51,28
54,52,116
54,53,20
54,54,203
54,55,28
54,56,1590
54,61,94
54,62,497
54,71,111
54,72,763
54,81,459
54,92,0
55,11,30
55,21,0
55,22,0
55,23,211
55,31,6
55,32,69
55,33,79
55,42,848
55,44,477
55,45,132
55,48,160
55,49,101
55,51,142
55,52,646
55,53,26
55,54,126
55,55,0
55,56,880
55,61,113
55,62,339
55,71,137
55,72,226
55,81,301
55,92,0
56,11,23
56,21,0
56,22,0
56,23,1790
56,31,69
56,32,792
56,33,909
56,42,3739
56,44,3007
56,45,830
56,48,175
56,49,111
56,51,212
56,52,2480
56,53,540
56,54,2960
56,55,6268
56,56,4203
56,61,1191
56,62,2385
56,71,576
56,72,2189
56,81,1407
56,92,0
57,11,17
57,21,0
57,22,0
57,23,311
57,31,10
57,32,116
57,33,133
57,42,1335
57,44,962
57,45,266
57,48,504
57,49,319
57,51,6
57,52,1527
57,53,142
57,54,420
57,55,48
57,56,1042
57,61,1524
57,62,2591
57,71,489
57,72,1138
57,81,676
57,92,0
58,11,0
58,21,0
58,22,0
58,23,1121
58,31,5
58,32,56
58,33,64
58,42,391
58,44,331
58,45,92
58,48,17
58,49,11
58,51,20
58,52,197
58,53,346
58,54,286
58,55,1792
58,56,393
58,61,250
58,62,2781
58,71,224
58,72,442
58,81,389
58,92,0
59,11,27
59,21,0
59,22,0
59,23,733
59,31,38
59,32,439
59,33,504
59,42,906
59,44,1753
59,45,484
59,48,448
59,49,284
59,51,39
59,52,2235
59,53,156
59,54,595
59,55,0
59,56,2596
59,61,193
59,62,1266
59,71,175
59,72,2034
59,81,1037
59,92,0
60,11,133
60,21,0
60,22,0
60,23,1102
60,31,60
60,32,690
60,33,792
60,42,9988
60,44,3846
60,45,1062
60,48,257
60,49,162
60,51,1434
60,52,3423
60,53,440
60,54,6109
60,55,6124
60,56,5990
60,61,469
60,62,3418
60,71,875
60,72,5305
60,81,1619
60,92,0
61,11,18
61,21,0
61,22,0
61,23,940
61,31,24
61,32,275
61,33,316
61,42,5683
61,44,2610
61,45,720
61,48,46
61,49,29
61,51,291
61,52,1908
61,53,400
61,54,2429
61,55,5655
61,56,1780
61,61,1323
61,62,5122
61,71,776
61,72,2857
61,81,1730
61,92,0
62,11,88
62,21,0
62,22,0
62,23,150
62,31,24
62,32,116
62,33,119
62,42,42
62,44,128
62,45,59
62,48,19
62,49,6
62,51,0
62,52,69
62,53,18
62,54,23
62,55,0
62,56,448
62,61,36
62,62,27
62,71,40
62,72,110
62,81,105
62,92,0
63,11,66
63,21,0
63,22,0
63,23,254
63,31,21
63,32,103
63,33,106
63,42,299
63,44,426
63,45,198
63,48,75
63,49,21
63,51,3
63,52,15
63,53,16
63,54,134
63,55,0
63,56,647
63,61,18
63,62,123
63,71,26
63,72,368
63,81,144
63,92,0
64,11,4
64,21,0
64,22,0
64,23,1262
64,31,209
64,32,1012
64,33,1037
64,42,2358
64,44,1989
64,45,922
64,48,374
64,49,104
64,51,107
64,52,2892
64,53,254
64,54,1207
64,55,17
64,56,1473
64,61,206
64,62,1334
64,71,118
64,72,2445
64,81,1213
64,92,0
65,11,16
65,21,0
65,22,0
65,23,33
65,31,0
65,32,1
65,33,1
65,42,33
65,44,0
65,45,0
65,48,5
65,49,2
65,51,3
65,52,6
65,53,0
65,54,3
65,55,0
65,56,689
65,61,0
65,62,0
65,71,0
65,72,22
65,81,3
65,92,0
66,11,57
66,21,0
66,22,0
66,23,91
66,31,5
66,32,25
66,33,25
66,42,23
66,44,25
66,45,12
66,48,3
66,49,1
66,51,3
66,52,1
66,53,2
66,54,21
66,55,0
66,56,225
66,61,9
66,62,11
66,71,5
66,72,25
66,81,190
66,92,0
67,11,13
67,21,0
67,22,0
67,23,1595
67,31,235
67,32,1137
67,33,1166
67,42,1363
67,44,1942
67,45,900
67,48,439
67,49,122
67,51,861
67,52,278
67,53,236
67,54,1146
67,55,89
67,56,2590
67,61,795
67,62,2935
67,71,646
67,72,1782
67,81,1008
67,92,0
68,11,26
68,21,0
68,22,0
68,23,44
68,31,4
68,32,18
68,33,18
68,42,9
68,44,4
68,45,2
68,48,1
68,49,0
68,51,0
68,52,0
68,53,0
68,54,2
68,55,0
68,56,31
68,61,0
68,62,5
68,71,1
68,72,47
68,81,9
68,92,0
69,11,31
69,21,0
69,22,0
69,23,165
69,31,3
69,32,13
69,33,13
69,42,36
69,44,122
69,45,57
69,48,33
69,49,9
69,51,3
69,52,29
69,53,49
69,54,108
69,55,17
69,56,543
69,61,1
69,62,203
69,71,7
69,72,258
69,81,58
69,92,0
70,11,209
70,21,0
70,22,0
70,23,782
70,31,224
70,32,1084
70,33,1111
70,42,999
70,44,2620
70,45,1215
70,48,101
70,49,28
70,51,117
70,52,278
70,53,437
70,54,1196
70,55,17
70,56,2161
70,61,525
70,62,955
70,71,224
70,72,2226
70,81,1186
70,92,0
71,11,51
71,21,0
71,22,0
71,23,27
71,31,0
71,32,0
71,33,0
71,42,7
71,44,4
71,45,2
71,48,1
71,49,0
71,51,0
71,52,3
71,53,0
71,54,25
71,55,0
71,56,0
71,61,0
71,62,0
71,71,0
71,72,0
71,81,4
71,92,0
72,11,0
72,21,0
72,22,0
72,23,324
72,31,10
72,32,47
72,33,48
72,42,330
72,44,139
72,45,65
72,48,26
72,49,7
72,51,6
72,52,5
72,53,4
72,54,103
72,55,0
72,56,298
72,61,18
72,62,233
72,71,16
72,72,184
72,81,116
72,92,0
73,11,31
73,21,0
73,22,0
73,23,1003
73,31,217
73,32,1051
73,33,1077
73,42,2026
73,44,3169
73,45,1470
73,48,1236
73,49,343
73,51,95
73,52,268
73,53,212
73,54,1009
73,55,1232
73,56,3786
73,61,480
73,62,2196
73,71,133
73,72,2882
73,81,1633
73,92,0
74,11,20
74,21,0
74,22,0
74,23,67
74,31,9
74,32,43
74,33,45
74,42,33
74,44,12
74,45,5
74,48,108
74,49,30
74,51,0
74,52,0
74,53,86
74,54,11
74,55,0
74,56,46
74,61,0
74,62,1
74,71,1702
74,72,0
74,81,6
74,92,0
75,11,4
75,21,0
75,22,0
75,23,114
75,31,9
75,32,42
75,33,43
75,42,179
75,44,137
75,45,64
75,48,88
75,49,24
75,51,19
75,52,36
75,53,14
75,54,206
75,55,0
75,56,355
75,61,20
75,62,88
75,71,106
75,72,555
75,81,176
75,92,0
76,11,84
76,21,0
76,22,0
76,23,992
76,31,339
76,32,1644
76,33,1685
76,42,1499
76,44,2663
76,45,1235
76,48,788
76,49,219
76,51,26
76,52,985
76,53,258
76,54,1435
76,55,432
76,56,3791
76,61,1680
76,62,5566
76,71,646
76,72,2006
76,81,1254
76,92,0
77,11,0
77,21,0
77,22,0
77,23,773
77,31,85
77,32,471
77,33,812
77,42,1728
77,44,1144
77,45,594
77,48,481
77,49,101
77,51,17
77,52,150
77,53,183
77,54,1078
77,55,7
77,56,896
77,61,233
77,62,538
77,71,106
77,72,939
77,81,1126
77,92,0
78,11,117
78,21,0
78,22,0
78,23,2511
78,31,399
78,32,2212
78,33,3810
78,42,9009
78,44,5619
78,45,2916
78,48,1651
78,49,346
78,51,98
78,52,706
78,53,425
78,54,1250
78,55,1247
78,56,4023
78,61,410
78,62,3131
78,71,451
78,72,4623
78,81,1672
78,92,0
79,11,54
79,21,0
79,22,0
79,23,5675
79,31,578
79,32,3207
79,33,5523
79,42,15224
79,44,3524
79,45,1828
79,48,6931
79,49,1450
79,51,5092
79,52,4610
79,53,3185
79,54,2161
79,55,5462
79,56,6453
79,61,243
79,62,4555
79,71,368
79,72,3821
79,81,3315
79,92,0
80,11,96
80,21,0
80,22,0
80,23,1009
80,31,106
80,32,590
80,33,1017
80,42,1372
80,44,844
80,45,438
80,48,177
80,49,37
80,51,78
80,52,334
80,53,31
80,54,1656
80,55,1480
80,56,2145
80,61,101
80,62,4352
80,71,192
80,72,654
80,81,329
80,92,0
81,11,10
81,21,0
81,22,0
81,23,1662
81,31,110
81,32,610
81,33,1050
81,42,3256
81,44,3566
81,45,1851
81,48,508
81,49,106
81,51,1832
81,52,1223
81,53,376
81,54,2485
81,55,255
81,56,4822
81,61,2080
81,62,4794
81,71,1125
81,72,3782
81,81,3170
81,92,0
82,11,8
82,21,0
82,22,0
82,23,4386
82,31,102
82,32,566
82,33,975
82,42,4330
82,44,7666
82,45,3979
82,48,2066
82,49,433
82,51,1884
82,52,10513
82,53,1886
82,54,8048
82,55,11652
82,56,19054
82,61,6071
82,62,16532
82,71,754
82,72,10285
82,81,6172
82,92,0
83,11,0
83,21,0
83,22,0
83,23,1324
83,31,153
83,32,849
83,33,1462
83,42,5060
83,44,6641
83,45,3447
83,48,1411
83,49,295
83,51,1993
83,52,6032
83,53,298
83,54,3635
83,55,4451
83,56,4416
83,61,504
83,62,9445
83,71,1278
83,72,4817
83,81,1922
83,92,0
84,11,90
84,21,0
84,22,0
84,23,1083
84,31,157
84,32,872
84,33,1501
84,42,2987
84,44,3617
84,45,1878
84,48,258
84,49,54
84,51,1292
84,52,5567
84,53,520
84,54,9953
84,55,5691
84,56,3173
84,61,3053
84,62,3344
84,71,571
84,72,4484
84,81,2357
84,92,0
85,11,138
85,21,0
85,22,0
85,23,1852
85,31,100
85,32,556
85,33,958
85,42,2983
85,44,5777
85,45,2998
85,48,1382
85,49,290
85,51,2021
85,52,1915
85,53,664
85,54,2875
85,55,524
85,56,11638
85,61,777
85,62,8221
85,71,709
85,72,4061
85,81,4036
85,92,0
86,11,0
86,21,0
86,22,0
86,23,201
86,31,55
86,32,308
86,33,529
86,42,1650
86,44,53
86,45,28
86,48,197
86,49,41
86,51,122
86,52,715
86,53,9
86,54,3066
86,55,7
86,56,248
86,61,47
86,62,155
86,71,4
86,72,774
86,81,152
86,92,0
87,11,82
87,21,0
87,22,0
87,23,1025
87,31,0
87,32,34
87,33,48
87,42,208
87,44,1379
87,45,737
87,48,215
87,49,136
87,51,133
87,52,316
87,53,197
87,54,771
87,55,18
87,56,2618
87,61,139
87,62,803
87,71,175
87,72,1499
87,81,969
87,92,0
88,11,3
88,21,0
88,22,1
88,23,2018
88,31,0
88,32,423
88,33,600
88,42,3804
88,44,3255
88,45,1740
88,48,1703
88,49,1083
88,51,2031
88,52,623
88,53,309
88,54,1258
88,55,1197
88,56,4237
88,61,229
88,62,2306
88,71,349
88,72,5343
88,81,1361
88,92,0
89,11,3
89,21,0
89,22,0
89,23,461
89,31,0
89,32,61
89,33,87
89,42,518
89,44,1819
89,45,973
89,48,266
89,49,169
89,51,2
89,52,233
89,53,65
89,54,444
89,55,12
89,56,1456
89,61,171
89,62,634
89,71,122
89,72,1386
89,81,616
89,92,0
90,11,29
90,21,0
90,22,1
90,23,451
90,31,0
90,32,66
90,33,94
90,42,324
90,44,1526
90,45,816
90,48,783
90,49,498
90,51,21
90,52,126
90,53,555
90,54,181
90,55,6
90,56,489
90,61,1095
90,62,505
90,71,110
90,72,969
90,81,462
90,92,0
91,11,27
91,21,0
91,22,0
91,23,578
91,31,0
91,32,8
91,33,11
91,42,64
91,44,981
91,45,524
91,48,104
91,49,66
91,51,5
91,52,98
91,53,81
91,54,180
91,55,0
91,56,1428
91,61,16
91,62,359
91,71,87
91,72,1005
91,81,228
91,92,0
92,11,0
92,21,0
92,22,0
92,23,533
92,31,0
92,32,136
92,33,193
92,42,517
92,44,1704
92,45,911
92,48,494
92,49,314
92,51,128
92,52,464
92,53,384
92,54,298
92,55,6
92,56,630
92,61,248
92,62,1272
92,71,625
92,72,1411
92,81,1094
92,92,0
93,11,0
93,21,0
93,22,11
93,23,1377
93,31,0
93,32,200
93,33,284
93,42,596
93,44,1554
93,45,830
93,48,554
93,49,352
93,51,52
93,52,240
93,53,206
93,54,420
93,55,90
93,56,708
93,61,1096
93,62,5460
93,71,851
93,72,1480
93,81,897
93,92,0
94,11,42
94,21,0
94,22,1
94,23,768
94,31,0
94,32,73
94,33,103
94,42,201
94,44,1379
94,45,737
94,48,134
94,49,85
94,51,100
94,52,508
94,53,105
94,54,204
94,55,6
94,56,597
94,61,270
94,62,687
94,71,70
94,72,948
94,81,415
94,92,0
95,11,30
95,21,0
95,22,0
95,23,1742
95,31,0
95,32,481
95,33,682
95,42,834
95,44,2495
95,45,1334
95,48,410
95,49,261
95,51,346
95,52,958
95,53,240
95,54,1195
95,55,1462
95,56,1248
95,61,287
95,62,2003
95,71,222
95,72,3260
95,81,1862
95,92,0
96,11,0
96,21,0
96,22,0
96,23,233
96,31,0
96,32,224
96,33,317
96,42,82
96,44,30
96,45,16
96,48,740
96,49,471
96,51,24
96,52,30
96,53,16
96,54,11
96,55,0
96,56,129
96,61,12
96,62,48
96,71,52
96,72,57
96,81,160
96,92,0
97,11,24
97,21,0
97,22,0
97,23,101
97,31,0
97,32,29
97,33,41
97,42,1
97,44,0
97,45,0
97,48,113
97,49,72
97,51,0
97,52,0
97,53,0
97,54,2
97,55,0
97,56,20
97,61,0
97,62,0
97,71,39
97,72,29
97,81,5
97,92,0
98,11,10
98,21,0
98,22,0
98,23,456
98,31,0
98,32,0
98,33,0
98,42,6
98,44,68
98,45,37
98,48,2
98,49,1
98,51,13
98,52,72
98,53,3
98,54,24
98,55,0
98,56,57
98,61,31
98,62,48
98,71,3
98,72,37
98,81,27
98,92,0
99,11,62
99,21,0
99,22,0
99,23,162
99,31,0
99,32,2
99,33,3
99,42,2
99,44,3
99,45,1
99,48,2
99,49,2
99,51,7
99,52,2
99,53,19
99,54,18
99,55,0
99,56,315
99,61,26
99,62,1
99,71,35
99,72,0
99,81,42
99,92,0
100,11,2
100,21,0
100,22,0
100,23,223
100,31,0
100,32,182
100,33,257
100,42,475
100,44,82
100,45,44
100,48,466
100,49,297
100,51,30
100,52,20
100,53,20
100,54,593
100,55,121
100,56,182
100,61,1
100,62,47
100,71,0
100,72,274
100,81,62
100,92,0
101,11,29
101,21,0
101,22,0
101,23,292
101,31,0
101,32,14
101,33,20
101,42,43
101,44,178
101,45,95
101,48,20
101,49,13
101,51,0
101,52,66
101,53,37
101,54,89
101,55,0
101,56,307
101,61,34
101,62,128
101,71,132
101,72,287
101,81,601
101,92,0
102,11,22
102,21,0
102,22,0
102,23,70
102,31,0
102,32,10
102,33,15
102,42,0
102,44,219
102,45,117
102,48,22
102,49,14
102,51,43
102,52,51
102,53,4
102,54,10
102,55,0
102,56,47
102,61,18
102,62,101
102,71,10
102,72,127
102,81,104
102,92,0
103,11,0
103,21,0
103,22,0
103,23,7
103,31,0
103,32,0
103,33,0
103,42,0
103,44,0
103,45,0
103,48,1
103,49,1
103,51,0
103,52,0
103,53,0
103,54,4
103,55,0
103,56,20
103,61,7
103,62,0
103,71,0
103,72,0
103,81,0
103,92,0
104,11,8
104,21,0
104,22,0
104,23,22
104,31,0
104,32,0
104,33,0
104,42,7
104,44,1
104,45,0
104,48,1
104,49,1
104,51,0
104,52,0
104,53,0
104,54,0
104,55,0
104,56,39
104,61,0
104,62,0
104,71,0
104,72,0
104,81,5
104,92,0
105,11,0
105,21,0
105,22,0
105,23,53
105,31,0
105,32,10
105,33,15
105,42,14
105,44,80
105,45,42
105,48,16
105,49,10
105,51,0
105,52,13
105,53,6
105,54,17
105,55,0
105,56,57
105,61,7
105,62,22
105,71,0
105,72,66
105,81,24
105,92,0
106,11,0
106,21,0
106,22,0
106,23,17
106,31,0
106,32,0
106,33,0
106,42,2
106,44,93
106,45,50
106,48,1
106,49,1
106,51,0
106,52,0
106,53,0
106,54,0
106,55,0
106,56,2
106,61,0
106,62,0
106,71,0
106,72,5
106,81,0
106,92,0
107,11,27
107,21,0
107,22,0
107,23,58
107,31,0
107,32,17
107,33,24
107,42,56
107,44,113
107,45,60
107,48,2
107,49,1
107,51,7
107,52,70
107,53,0
107,54,19
107,55,0
107,56,51
107,61,1
107,62,24
107,71,24
107,72,42
107,81,62
107,92,0
108,11,7
108,21,0
108,22,5
108,23,26
108,31,0
108,32,0
108,33,0
108,42,0
108,44,193
108,45,103
108,48,10
108,49,6
108,51,0
108,52,0
108,53,0
108,54,4
108,55,0
108,56,153
108,61,47
108,62,13
108,71,13
108,72,58
108,81,58
108,92,0
109,11,0
109,21,0
109,22,0
109,23,34
109,31,0
109,32,2
109,33,2
109,42,15
109,44,0
109,45,0
109,48,10
109,49,6
109,51,12
109,52,0
109,53,0
109,54,0
109,55,0
109,56,0
109,61,0
109,62,0
109,71,10
109,72,1
109,81,1
109,92,0
110,11,0
110,21,0
110,22,0
110,23,63
110,31,0
110,32,96
110,33,0
110,42,0
110,44,178
110,45,93
110,48,297
110,49,0
110,51,0
110,52,58
110,53,3
110,54,18
110,55,0
110,56,1
110,61,0
110,62,63
110,71,77
110,72,387
110,81,322
110,92,0
111,11,4
111,21,0
111,22,0
111,23,295
111,31,0
111,32,54
111,33,0
111,42,21
111,44,392
111,45,205
111,48,51
111,49,0
111,51,0
111,52,126
111,53,22
111,54,91
111,55,0
111,56,14
111,61,20
111,62,625
111,71,146
111,72,677
111,81,254
111,92,0
112,11,3
112,21,0
112,22,0
112,23,294
112,31,0
112,32,276
112,33,0
112,42,198
112,44,599
112,45,313
112,48,115
112,49,0
112,51,0
112,52,240
112,53,12
112,54,95
112,55,0
112,56,15
112,61,80
112,62,390
112,71,116
112,72,1240
112,81,296
112,92,0
113,11,16
113,21,0
113,22,0
113,23,21
113,31,0
113,32,3
113,33,0
113,42,0
113,44,0
113,45,0
113,48,0
113,49,0
113,51,0
113,52,0
113,53,0
113,54,0
113,55,0
113,56,0
113,61,0
113,62,0
113,71,0
113,72,16
113,81,0
113,92,0
114,11,9
114,21,0
114,22,0
114,23,129
114,31,0
114,32,34
114,33,0
114,42,20
114,44,6
114,45,4
114,48,1
114,49,0
114,51,0
114,52,53
114,53,5
114,54,11
114,55,0
114,56,6
114,61,2
114,62,86
114,71,4
114,72,60
114,81,66
114,92,0
115,11,6
115,21,0
115,22,0
115,23,18
115,31,0
115,32,0
115,33,0
115,42,1
115,44,6
115,45,3
115,48,7
115,49,0
115,51,0
115,52,9
115,53,1
115,54,9
115,55,0
115,56,0
115,61,0
115,62,2
115,71,0
115,72,32
115,81,14
115,92,0
116,11,0
116,21,0
116,22,0
116,23,1
116,31,0
116,32,7
116,33,0
116,42,9
116,44,6
116,45,4
116,48,16
116,49,0
116,51,0
116,52,0
116,53,0
116,54,0
116,55,0
116,56,0
116,61,0
116,62,2
116,71,0
116,72,0
116,81,8
116,92,0
117,11,1
117,21,0
117,22,0
117,23,3
117,31,0
117,32,1
117,33,0
117,42,5
117,44,0
117,45,0
117,48,1
117,49,0
117,51,0
117,52,0
117,53,2
117,54,1
117,55,0
117,56,0
117,61,0
117,62,0
117,71,0
117,72,0
117,81,6
117,92,0
118,11,25
118,21,0
118,22,0
118,23,37
118,31,0
118,32,0
118,33,0
118,42,5
118,44,3
118,45,2
118,48,77
118,49,0
118,51,0
118,52,0
118,53,0
118,54,3
118,55,0
118,56,2
118,61,1
118,62,0
118,71,6
118,72,0
118,81,0
118,92,0
119,11,409
119,21,0
119,22,0
119,23,276
119,31,0
119,32,45
119,33,0
119,42,92
119,44,809
119,45,43
119,48,233
119,49,0
119,51,13
119,52,337
119,53,0
119,54,72
119,55,55
119,56,45
119,61,39
119,62,358
119,71,128
119,72,1380
119,81,430
119,92,0
120,11,505
120,21,17
120,22,0
120,23,101
120,31,0
120,32,0
120,33,115
120,42,37
120,44,431
120,45,6
120,48,0
120,49,0
120,51,0
120,52,145
120,53,18
120,54,33
120,55,0
120,56,119
120,61,0
120,62,279
120,71,51
120,72,588
120,81,257
120,92,0
121,11,1020
121,21,0
121,22,0
121,23,509
121,31,0
121,32,69
121,33,340
121,42,146
121,44,1964
121,45,425
121,48,27
121,49,886
121,51,149
121,52,689
121,53,281
121,54,426
121,55,262
121,56,591
121,61,0
121,62,2399
121,71,194
121,72,2905
121,81,800
121,92,0
122,11,978
122,21,0
122,22,0
122,23,634
122,31,146
122,32,284
122,33,86
122,42,825
122,44,2136
122,45,968
122,48,852
122,49,0
122,51,0
122,52,735
122,53,133
122,54,571
122,55,581
122,56,650
122,61,230
122,62,2993
122,71,467
122,72,3441
122,81,1250
122,92,0
123,11,785
123,21,0
123,22,0
123,23,2165
123,31,35
123,32,795
123,33,8133
123,42,3391
123,44,9153
123,45,3585
123,48,2093
123,49,46
123,51,671
123,52,3912
123,53,657
123,54,3370
123,55,880
123,56,5692
123,61,1070
123,62,16069
123,71,1220
123,72,9948
123,81,6972
123,92,0
124,11,366
124,21,22
124,22,0
124,23,327
124,31,0
124,32,0
124,33,188
124,42,228
124,44,961
124,45,0
124,48,318
124,49,0
124,51,0
124,52,395
124,53,25
124,54,120
124,55,0
124,56,249
124,61,0
124,62,786
124,71,25
124,72,858
124,81,483
124,92,0
125,11,209
125,21,0
125,22,0
125,23,65
125,31,0
125,32,0
125,33,0
125,42,30
125,44,525
125,45,93
125,48,99
125,49,0
125,51,0
125,52,231
125,53,0
125,54,75
125,55,0
125,56,261
125,61,0
125,62,475
125,71,0
125,72,744
125,81,260
125,92,0
126,11,1519
126,21,0
126,22,0
126,23,1010
126,31,0
126,32,518
126,33,126
126,42,691
126,44,3323
126,45,765
126,48,879
126,49,0
126,51,446
126,52,1053
126,53,159
126,54,680
126,55,119
126,56,1337
126,61,140
126,62,5300
126,71,405
126,72,3614
126,81,1480
126,92,0
127,11,448
127,21,0
127,22,0
127,23,7545
127,31,53
127,32,1017
127,33,2131
127,42,4317
127,44,14972
127,45,5174
127,48,4180
127,49,753
127,51,635
127,52,3719
127,53,1708
127,54,5552
127,55,0
127,56,5895
127,61,2670
127,62,27288
127,71,1313
127,72,16802
127,81,9322
127,92,0
128,11,499
128,21,0
128,22,0
128,23,2174
128,31,0
128,32,207
128,33,568
128,42,948
128,44,3439
128,45,1237
128,48,1331
128,49,541
128,51,428
128,52,974
128,53,483
128,54,1414
128,55,208
128,56,1036
128,61,511
128,62,3934
128,71,352
128,72,5600
128,81,2275
128,92,0
129,11,878
129,21,0
129,22,0
129,23,1132
129,31,0
129,32,273
129,33,1814
129,42,467
129,44,3497
129,45,284
129,48,308
129,49,132
129,51,139
129,52,254
129,53,332
129,54,590
129,55,91
129,56,1184
129,61,184
129,62,2537
129,71,230
129,72,3736
129,81,996
129,92,0
130,11,563
130,21,0
130,22,0
130,23,1272
130,31,50
130,32,749
130,33,285
130,42,424
130,44,4528
130,45,1360
130,48,541
130,49,0
130,51,41
130,52,1015
130,53,283
130,54,624
130,55,995
130,56,2563
130,61,348
130,62,4480
130,71,540
130,72,4948
130,81,1835
130,92,0
131,11,778
131,21,0
131,22,0
131,23,1784
131,31,174
131,32,696
131,33,2283
131,42,788
131,44,4695
131,45,1342
131,48,900
131,49,215
131,51,208
131,52,890
131,53,329
131,54,1343
131,55,3803
131,56,2656
131,61,573
131,62,6077
131,71,555
131,72,5234
131,81,3109
131,92,0
132,11,1305
132,21,0
132,22,0
132,23,689
132,31,0
132,32,550
132,33,721
132,42,492
132,44,2456
132,45,118
132,48,26
132,49,0
132,51,105
132,52,734
132,53,228
132,54,487
132,55,0
132,56,1302
132,61,246
132,62,2273
132,71,612
132,72,5235
132,81,1315
132,92,0
151,11,921
151,21,2041
151,22,7926
151,23,24851
151,31,4421
151,32,9725
151,33,23685
151,42,24251
151,44,40126
151,45,21545
151,48,10584
151,49,7169
151,51,7065
151,52,33522
151,53,7195
151,54,25649
151,55,8502
151,56,28707
151,61,25228
151,62,76153
151,71,5859
151,72,46936
151,81,14528
152,11,1518
152,21,77
152,22,1702
152,23,13935
152,31,2020
152,32,6113
152,33,14856
152,42,8970
152,44,22747
152,45,11317
152,48,6255
152,49,2738
152,51,2160
152,52,7041
152,53,3160
152,54,11357
152,55,1186
152,56,15014
152,61,6610
152,62,29229
152,71,3033
152,72,29981
152,81,7606
153,11,7008
153,21,1784
153,22,7029
153,23,37310
153,31,22214
153,32,33868
153,33,81512
153,42,28611
153,44,84779
153,45,48692
153,48,17225
153,49,12397
153,51,7150
153,52,25161
153,53,9600
153,54,56803
153,55,4845
153,56,53928
153,61,37012
153,62,100490
153,71,7303
153,72,104061
153,81,21814
154,11,557
154,21,7826
154,22,1652
154,23,14549
154,31,6459
154,32,921
154,33,840
154,42,6078
154,44,18627
154,45,15908
154,48,14916
154,49,4239
154,51,4981
154,52,6637
154,53,3256
154,54,13082
154,55,2208
154,56,8889
154,61,6978
154,62,36340
154,71,5326
154,72,29924
154,81,9611
155,11,8394
155,21,3175
155,22,16345
155,23,113623
155,31,17129
155,32,23329
155,33,80221
155,42,74984
155,44,150485
155,45,86859
155,48,46240
155,49,26301
155,51,34726
155,52,136129
155,53,40590
155,54,111764
155,55,28355
155,56,196322
155,61,129548
155,62,259418
155,71,43176
155,72,188377
155,81,52329
156,11,634
156,21,1614
156,22,2292
156,23,15767
156,31,1435
156,32,2467
156,33,7932
156,42,7459
156,44,28774
156,45,13633
156,48,6023
156,49,3800
156,51,5270
156,52,10854
156,53,5710
156,54,18730
156,55,1745
156,56,30010
156,61,5560
156,62,61500
156,71,5099
156,72,39086
156,81,11034
157,11,15514
157,21,983
157,22,2725
157,23,15795
157,31,1793
157,32,3287
157,33,4292
157,42,7452
157,44,32384
157,45,16340
157,48,4959
157,49,3037
157,51,2371
157,52,5246
157,53,3133
157,54,9662
157,55,709
157,56,12642
157,61,12865
157,62,35070
157,71,5429
157,72,46123
157,81,8857
158,11,10153
158,21,1911
158,22,6589
158,23,47077
158,31,31072
158,32,27325
158,33,38873
158,42,38661
158,44,85582
158,45,49598
158,48,35981
158,49,15145
158,51,9422
158,52,32676
158,53,10889
158,54,37478
158,55,13723
158,56,50731
158,61,38413
158,62,152189
158,71,6707
158,72,103080
158,81,23317
159,11,45664
159,21,4146
159,22,46008
159,23,353015
159,31,122390
159,32,137148
159,33,372994
159,42,380299
159,44,560551
159,45,236507
159,48,203166
159,49,160994
159,51,248252
159,52,254016
159,53,140373
159,54,463756
159,55,100514
159,56,524440
159,61,497152
159,62,1158637
159,71,177264
159,72,786603
159,81,243329
160,11,14917
160,21,172
160,22,8026
160,23,62950
160,31,7612
160,32,8969
160,33,20441
160,42,28218
160,44,76269
160,45,34432
160,48,13887
160,49,14901
160,51,12716
160,52,37971
160,53,15953
160,54,57743
160,55,12937
160,56,65138
160,61,52568
160,62,133415
160,71,18068
160,72,93985
160,81,32432
161,11,8560
161,21,295
161,22,5126
161,23,79740
161,31,11691
161,32,17546
161,33,78407
161,42,47823
161,44,102822
161,45,47188
161,48,20331
161,49,13140
161,51,25563
161,52,45263
161,53,28005
161,54,129622
161,55,21629
161,56,83690
161,61,107736
161,62,187742
161,71,33838
161,72,164685
161,81,51084
162,11,29509
162,21,729
162,22,17513
162,23,201155
162,31,59353
162,32,56138
162,33,239974
162,42,131631
162,44,248009
162,45,110626
162,48,84355
162,49,42817
162,51,195787
162,52,131401
162,53,60761
162,54,449621
162,55,73744
162,56,224855
162,61,163004
162,62,507600
162,71,70781
162,72,373199
162,81,132477
163,11,317881
163,21,9391
163,22,16739
163,23,101628
163,31,75657
163,32,29240
163,33,42320
163,42,70384
163,44,180793
163,45,78857
163,48,45553
163,49,41637
163,51,19426
163,52,42285
163,53,23584
163,54,67748
163,55,16719
163,56,94939
163,61,154161
163,62,311588
163,71,30485
163,72,220107
163,81,63563
164,11,7972
164,21,13980
164,22,4677
164,23,108155
164,31,22956
164,32,22199
164,33,48413
164,42,82788
164,44,108902
164,45,56881
164,48,42571
164,49,21386
164,51,53344
164,52,82887
164,53,30156
164,54,163790
164,55,34868
164,56,109636
164,61,81835
164,62,189081
164,71,29421
164,72,166320
164,81,52526
165,11,8568
165,21,5519
165,22,6202
165,23,53942
165,31,8796
165,32,7676
165,33,20932
165,42,19671
165,44,67105
165,45,33393
165,48,9036
165,49,6544
165,51,11146
165,52,23939
165,53,16777
165,54,47822
165,55,3207
165,56,43508
165,61,32837
165,62,90469
165,71,23592
165,72,109916
165,81,26956
166,11,1887
166,21,0
166,22,1218
166,23,23082
166,31,4992
166,32,9868
166,33,55255
166,42,22033
166,44,46612
166,45,19392
166,48,10825
166,49,13933
166,51,12083
166,52,52733
166,53,7103
166,54,36463
166,55,11952
166,56,33852
166,61,56407
166,62,97022
166,71,10237
166,72,48401
166,81,23083
167,11,1499
167,21,304
167,22,3683
167,23,31651
167,31,6090
167,32,12248
167,33,43480
167,42,30042
167,44,70379
167,45,30008
167,48,13230
167,49,9831
167,51,18268
167,52,45238
167,53,9421
167,54,47399
167,55,18637
167,56,47008
167,61,94971
167,62,150519
167,71,18307
167,72,65221
167,81,36267
168,11,1121
168,21,68
168,22,1259
168,23,4012
168,31,313
168,32,573
168,33,2285
168,42,2753
168,44,10365
168,45,4411
168,48,1700
168,49,472
168,51,1277
168,52,1774
168,53,775
168,54,5119
168,55,735
168,56,2715
168,61,10309
168,62,6608
168,71,2381
168,72,12898
168,81,3587
169,11,1031
169,21,0
169,22,2194
169,23,21890
169,31,9411
169,32,4723
169,33,6131
169,42,8383
169,44,36908
169,45,14845
169,48,5851
169,49,7190
169,51,4211
169,52,41273
169,53,4272
169,54,22015
169,55,7859
169,56,26244
169,61,32880
169,62,59971
169,71,8474
169,72,34598
169,81,11613
170,11,0
170,22,2020
170,23,12430
170,31,347
170,32,3162
170,33,477
170,42,4903
170,44,16585
170,45,6740
170,48,6660
170,49,4986
170,51,21106
170,52,17449
170,53,11661
170,54,120230
170,55,2743
170,56,46861
170,61,46248
170,62,71571
170,71,14974
170,72,68141
170,81,71487
171,11,1232
171,21,108
171,22,557
171,23,42377
171,31,4629
171,32,7941
171,33,14413
171,42,22781
171,44,53704
171,45,26462
171,48,21423
171,49,12170
171,51,8467
171,52,49734
171,53,10321
171,54,41417
171,55,5977
171,56,49644
171,61,10039
171,62,89131
171,71,11911
171,72,72306
171,81,19781
172,11,16189
172,21,641
172,22,5999
172,23,125703
172,31,15931
172,32,24290
172,33,47337
172,42,129211
172,44,236648
172,45,96199
172,48,82976
172,49,32311
172,51,47113
172,52,104416
172,53,63848
172,54,170996
172,55,27995
172,56,199464
172,61,63701
172,62,345255
172,71,45626
172,72,274414
172,81,94619
173,11,6709
173,21,103
173,22,2615
173,23,88063
173,31,7759
173,32,14009
173,33,32726
173,42,44167
173,44,123503
173,45,58521
173,48,26923
173,49,15765
173,51,24536
173,52,46481
173,53,31550
173,54,82618
173,55,19351
173,56,120740
173,61,25621
173,62,167021
173,71,86711
173,72,203929
173,81,42302
174,11,8298
174,21,144
174,22,4057
174,23,71996
174,31,9004
174,32,17034
174,33,38581
174,42,46928
174,44,107979
174,45,54459
174,48,18352
174,49,11444
174,51,23554
174,52,78164
174,53,25875
174,54,94348
174,55,26357
174,56,89986
174,61,22439
174,62,186536
174,71,25059
174,72,126215
174,81,36651
175,11,35156
175,21,1237
175,22,7602
175,23,164594
175,31,11178
175,32,25873
175,33,65789
175,42,59365
175,44,233094
175,45,104327
175,48,29441
175,49,25079
175,51,22979
175,52,64602
175,53,40337
175,54,109631
175,55,17540
175,56,140537
175,61,29642
175,62,327957
175,71,53764
175,72,288210
175,81,74403
176,11,1186
176,21,83
176,22,6570
176,23,119176
176,31,44303
176,32,51881
176,33,67979
176,42,144136
176,44,205298
176,45,92332
176,48,80294
176,49,54573
176,51,89863
176,52,110479
176,53,45801
176,54,199285
176,55,54566
176,56,219219
176,61,166127
176,62,263672
176,71,33703
176,72,261441
176,81,68964
177,11,200
177,21,0
177,22,533
177,23,7237
177,31,1140
177,32,1635
177,33,1478
177,42,6413
177,44,16848
177,45,7029
177,48,8215
177,49,4408
177,51,1904
177,52,3234
177,53,1794
177,54,5985
177,55,839
177,56,12395
177,61,8713
177,62,23497
177,71,2192
177,72,26110
177,81,5407
178,11,15601
178,21,186
178,22,1784
178,23,41999
178,31,40358
178,32,29716
178,33,26713
178,42,40912
178,44,105575
178,45,51770
178,48,17363
178,49,15180
178,51,7079
178,52,40156
178,53,9796
178,54,37361
178,55,7501
178,56,51690
178,61,84198
178,62,128816
178,71,8861
178,72,127773
178,81,27594
179,11,1692
179,21,0
179,22,2545
179,23,26275
179,31,6524
179,32,1880
179,33,6711
179,42,14113
179,44,33100
179,45,17303
179,48,18768
179,49,4149
179,51,8016
179,52,13177
179,53,5867
179,54,22538
179,55,8136
179,56,35983
179,61,45812
179,62,57520
179,71,9148
179,72,67187
179,81,20912
180,11,3332
180,21,0
180,22,1549
180,23,8868
180,31,1746
180,32,623
180,33,170
180,42,3158
180,44,13052
180,45,6011
180,48,6029
180,49,925
180,51,1086
180,52,1967
180,53,2833
180,54,3653
180,55,715
180,56,13014
180,61,11906
180,62,14465
180,71,4828
180,72,39983
180,81,5672
181,11,23212
181,21,607
181,22,2846
181,23,42191
181,31,16337
181,32,8701
181,33,26246
181,42,26648
181,44,52989
181,45,29057
181,48,13090
181,49,6139
181,51,7297
181,52,21910
181,53,5922
181,54,26015
181,55,5449
181,56,40185
181,61,26489
181,62,77075
181,71,10106
181,72,61690
181,81,17253
183,11,1705
183,21,161
183,22,1109
183,23,11240
183,31,2720
183,32,2886
183,33,8969
183,42,10074
183,44,20459
183,45,9322
183,48,8159
183,49,6892
183,51,1630
183,52,6104
183,53,1179
183,54,9512
183,55,943
183,56,7217
183,61,11519
183,62,31698
183,71,3998
183,72,24783
183,81,8574
184,11,9331
184,21,2192
184,22,5592
184,23,48096
184,31,20351
184,32,18559
184,33,68587
184,42,47146
184,44,98719
184,45,47230
184,48,23898
184,49,16904
184,51,12180
184,52,38802
184,53,10894
184,54,36625
184,55,11977
184,56,51903
184,61,75153
184,62,153833
184,71,13347
184,72,112011
184,81,39762
185,11,1569
185,21,49
185,22,0
185,23,18312
185,31,3502
185,32,6210
185,33,28684
185,42,9230
185,44,26097
185,45,12801
185,48,8938
185,49,2992
185,51,1968
185,52,6532
185,53,3148
185,54,7917
185,55,2520
185,56,13443
185,61,11568
185,62,41684
185,71,7136
185,72,29886
185,81,10801
186,11,2095
186,21,415
186,22,4664
186,23,51335
186,31,10038
186,32,33552
186,33,48568
186,42,45979
186,44,68463
186,45,50396
186,48,31444
186,49,30133
186,51,14379
186,52,42259
186,53,16400
186,54,56299
186,55,13813
186,56,86038
186,61,18502
186,62,131851
186,71,13592
186,72,98540
186,81,32615
187,11,8170
187,21,297
187,22,4697
187,23,60156
187,31,22443
187,32,61349
187,33,206519
187,42,49352
187,44,105641
187,45,57538
187,48,29157
187,49,13442
187,51,10469
187,52,36966
187,53,12592
187,54,34776
187,55,14768
187,56,59503
187,61,66054
187,62,159141
187,71,12201
187,72,123849
187,81,41086
188,11,17286
188,21,425
188,22,3693
188,23,74920
188,31,38228
188,32,25537
188,33,71651
188,42,64952
188,44,125696
188,45,47227
188,48,34461
188,49,19893
188,51,16705
188,52,90298
188,53,11526
188,54,50156
188,55,16972
188,56,63408
188,61,53850
188,62,129006
188,71,17245
188,72,115791
188,81,42255
189,11,399
189,21,341
189,22,1350
189,23,20838
189,31,5743
189,32,10200
189,33,14287
189,42,25842
189,44,34324
189,45,16280
189,48,11518
189,49,13796
189,51,6823
189,52,29341
189,53,6185
189,54,41569
189,55,16421
189,56,35842
189,61,14412
189,62,49908
189,71,5941
189,72,34978
189,81,11698
190,11,9844
190,21,3272
190,22,1968
190,23,35139
190,31,12130
190,32,12252
190,33,58749
190,42,27206
190,44,62215
190,45,26952
190,48,12766
190,49,9198
190,51,8191
190,52,25491
190,53,7146
190,54,27830
190,55,7612
190,56,34804
190,61,47718
190,62,93835
190,71,8259
190,72,71828
190,81,20839
191,11,500
191,21,101
191,22,1466
191,23,25197
191,31,7629
191,32,14837
191,33,45722
191,42,25779
191,44,40868
191,45,19890
191,48,11555
191,49,34476
191,51,9282
191,52,35367
191,53,5700
191,54,28554
191,55,8219
191,56,42225
191,61,6737
191,62,75638
191,71,8363
191,72,54318
191,81,16644
192,11,5613
192,21,4432
192,22,3748
192,23,45891
192,31,10437
192,32,25455
192,33,52949
192,42,42047
192,44,92995
192,45,49084
192,48,22616
192,49,22064
192,51,7257
192,52,33455
192,53,8733
192,54,38759
192,55,10517
192,56,53034
192,61,8744
192,62,115813
192,71,9543
192,72,110705
192,81,27591
193,11,759
193,21,611
193,22,1409
193,23,50268
193,31,1380
193,32,13536
193,33,7451
193,42,12374
193,44,30004
193,45,13577
193,48,7368
193,49,3322
193,51,4911
193,52,11177
193,53,4900
193,54,18629
193,55,5248
193,56,19542
193,61,25103
193,62,46348
193,71,4782
193,72,33723
193,81,10347
194,11,282
194,21,158
194,22,674
194,23,14760
194,31,119
194,32,7834
194,33,1390
194,42,2700
194,44,8537
194,45,3992
194,48,2162
194,49,814
194,51,962
194,52,2102
194,53,1347
194,54,4254
194,55,803
194,56,4953
194,61,504
194,62,14677
194,71,1508
194,72,14658
194,81,1870
195,11,204
195,21,3194
195,22,1501
195,23,29449
195,31,3749
195,32,10806
195,33,6766
195,42,20562
195,44,43271
195,45,20126
195,48,17663
195,49,6727
195,51,6774
195,52,17331
195,53,8416
195,54,31401
195,55,8127
195,56,33797
195,61,25116
195,62,71369
195,71,11876
195,72,75261
195,81,14814
196,11,5953
196,21,23188
196,22,4023
196,23,37465
196,31,6651
196,32,15218
196,33,25101
196,42,28555
196,44,73503
196,45,36277
196,48,20470
196,49,8056
196,51,6914
196,52,21701
196,53,12600
196,54,27972
196,55,7333
196,56,32191
196,61,12403
196,62,132622
196,71,8716
196,72,75535
196,81,17928
197,11,6120
197,21,85
197,22,2296
197,23,27498
197,31,9044
197,32,11266
197,33,18118
197,42,17626
197,44,55471
197,45,24789
197,48,9332
197,49,9090
197,51,6678
197,52,20484
197,53,6832
197,54,24345
197,55,10137
197,56,27653
197,61,38358
197,62,84270
197,71,9753
197,72,57257
197,81,17521
198,11,1635
198,21,121
198,22,5233
198,23,75298
198,31,12096
198,32,14476
198,33,18942
198,42,47114
198,44,96320
198,45,40011
198,48,26858
198,49,25223
198,51,16968
198,52,50922
198,53,21638
198,54,113073
198,55,13048
198,56,88667
198,61,112695
198,62,191251
198,71,25904
198,72,111398
198,81,43205
199,11,783
199,21,0
199,22,1571
199,23,69784
199,31,3654
199,32,11178
199,33,10894
199,42,21906
199,44,83188
199,45,31139
199,48,10533
199,49,13212
199,51,16032
199,52,28858
199,53,16565
199,54,112000
199,55,9645
199,56,57853
199,61,55253
199,62,117114
199,71,15384
199,72,90357
199,81,38507
200,11,1955
200,21,373
200,22,944
200,23,11594
200,31,4171
200,32,3578
200,33,4675
200,42,7275
200,44,24660
200,45,11447
200,48,5294
200,49,5850
200,51,1394
200,52,8838
200,53,3056
200,54,6887
200,55,2004
200,56,10306
200,61,16725
200,62,29422
200,71,4944
200,72,30055
200,81,7975
201,11,4914
201,21,584
201,22,9630
201,23,130035
201,31,34372
201,32,45465
201,33,131734
201,42,102620
201,44,214819
201,45,81500
201,48,49804
201,49,34905
201,51,86236
201,52,150688
201,53,37774
201,54,290173
201,55,62198
201,56,157111
201,61,225556
201,62,539806
201,71,51940
201,72,257850
201,81,100926
202,11,1625
202,21,73
202,22,2192
202,23,22989
202,31,3414
202,32,10456
202,33,16026
202,42,11819
202,44,42995
202,45,15272
202,48,8512
202,49,5924
202,51,5659
202,52,13051
202,53,4465
202,54,15612
202,55,4560
202,56,18078
202,61,38744
202,62,91535
202,71,10506
202,72,50253
202,81,16178
203,11,2994
203,21,854
203,22,5731
203,23,79814
203,31,13339
203,32,42497
203,33,223464
203,42,89860
203,44,166846
203,45,82117
203,48,49833
203,49,27252
203,51,33900
203,52,80769
203,53,33662
203,54,216184
203,55,48004
203,56,145390
203,61,80780
203,62,322596
203,71,29660
203,72,201222
203,81,67400
204,11,9159
204,21,0
204,22,909
204,23,27417
204,31,16212
204,32,29380
204,33,91299
204,42,31989
204,44,41645
204,45,23723
204,48,11578
204,49,5792
204,51,5411
204,52,20186
204,53,4519
204,54,22771
204,55,6327
204,56,63451
204,61,19068
204,62,76697
204,71,6862
204,72,50664
204,81,20164
205,11,15360
205,21,454
205,22,1321
205,23,47578
205,31,14562
205,32,30579
205,33,90505
205,42,32355
205,44,91872
205,45,53444
205,48,15336
205,49,11233
205,51,8720
205,52,37083
205,53,9733
205,54,34410
205,55,6113
205,56,46283
205,61,33930
205,62,104651
205,71,12309
205,72,113958
205,81,43362
206,11,5852
206,21,597
206,22,5202
206,23,84020
206,31,22090
206,32,47388
206,33,125109
206,42,89676
206,44,132986
206,45,68623
206,48,46995
206,49,23176
206,51,36530
206,52,110241
206,53,26864
206,54,129771
206,55,72839
206,56,105259
206,61,106279
206,62,281247
206,71,34463
206,72,157700
206,81,65155
207,11,14459
207,21,3418
207,22,1826
207,23,32534
207,31,20721
207,32,10246
207,33,28980
207,42,21323
207,44,63287
207,45,27307
207,48,14117
207,49,5333
207,51,5255
207,52,19529
207,53,4366
207,54,15050
207,55,3085
207,56,14922
207,61,20588
207,62,113167
207,71,8054
207,72,63476
207,81,22790
208,11,8728
208,21,1481
208,22,7075
208,23,35779
208,31,13283
208,32,20081
208,33,43071
208,42,25571
208,44,88825
208,45,48308
208,48,22166
208,49,16345
208,51,8033
208,52,28456
208,53,9977
208,54,27676
208,55,9294
208,56,47841
208,61,40793
208,62,109939
208,71,6277
208,72,119931
208,81,19822
209,11,967
209,21,169
209,22,2166
209,23,28224
209,31,4046
209,32,11455
209,33,27322
209,42,22569
209,44,43717
209,45,19761
209,48,15257
209,49,8188
209,51,10744
209,52,23021
209,53,7547
209,54,49022
209,55,10567
209,56,27654
209,61,36874
209,62,76281
209,71,11079
209,72,58010
209,81,16349
210,11,729
210,21,775
210,22,3403
210,23,53922
210,31,11980
210,32,27479
210,33,40575
210,42,47342
210,44,77079
210,45,38109
210,48,22440
210,49,15330
210,51,25817
210,52,55304
210,53,16639
210,54,65970
210,55,39671
210,56,68760
210,61,78960
210,62,180645
210,71,18820
210,72,104900
210,81,33723
211,11,6339
211,21,699
211,22,3338
211,23,36554
211,31,20325
211,32,14532
211,33,31905
211,42,32389
211,44,79104
211,45,40990
211,48,24110
211,49,11140
211,51,9473
211,52,29466
211,53,7994
211,54,26948
211,55,11933
211,56,31292
211,61,41487
211,62,109907
211,71,10776
211,72,91709
211,81,23364
212,11,4432
212,21,2043
212,22,1616
212,23,26383
212,31,3349
212,32,5171
212,33,6667
212,42,15136
212,44,37448
212,45,18078
212,48,7851
212,49,4175
212,51,4413
212,52,13218
212,53,4695
212,54,20433
212,55,1516
212,56,13496
212,61,20324
212,62,48445
212,71,10515
212,72,51529
212,81,17279
213,11,11833
213,21,171
213,22,1721
213,23,48078
213,31,20645
213,32,13768
213,33,26383
213,42,32217
213,44,72526
213,45,31121
213,48,28940
213,49,11510
213,51,15242
213,52,52928
213,53,8493
213,54,41810
213,55,19547
213,56,44341
213,61,40595
213,62,108515
213,71,11852
213,72,71897
213,81,23811
214,11,1196
214,21,1416
214,22,2811
214,23,59378
214,31,4416
214,32,8480
214,33,9633
214,42,22720
214,44,75637
214,45,34060
214,48,30627
214,49,13180
214,51,11332
214,52,26743
214,53,20904
214,54,41909
214,55,20900
214,56,77960
214,61,9752
214,62,90171
214,71,22177
214,72,268993
214,81,25134
215,11,2130
215,21,6494
215,22,1228
215,23,23015
215,31,2962
215,32,4480
215,33,11173
215,42,12015
215,44,22173
215,45,12447
215,48,7182
215,49,14601
215,51,2612
215,52,7585
215,53,5105
215,54,13637
215,55,3719
215,56,18351
215,61,2517
215,62,31026
215,71,7218
215,72,48605
215,81,8216
216,11,1947
216,21,102
216,22,2094
216,23,26143
216,31,5737
216,32,13927
216,33,45027
216,42,22323
216,44,65123
216,45,30160
216,48,8382
216,49,8196
216,51,11724
216,52,22424
216,53,5124
216,54,33299
216,55,8434
216,56,31471
216,61,20231
216,62,83663
216,71,11561
216,72,57961
216,81,20156
217,11,2801
217,21,0
217,22,9443
217,23,113777
217,31,32615
217,32,74663
217,33,73755
217,42,161237
217,44,253607
217,45,96104
217,48,93283
217,49,78618
217,51,57503
217,52,134261
217,53,41752
217,54,239497
217,55,71765
217,56,202341
217,61,139950
217,62,409522
217,71,51952
217,72,215847
217,81,109118
218,11,5088
218,21,161
218,22,2264
218,23,25540
218,31,11209
218,32,15847
218,33,19148
218,42,30680
218,44,54602
218,45,22074
218,48,11286
218,49,16380
218,51,5872
218,52,21099
218,53,6087
218,54,28845
218,55,6848
218,56,41127
218,61,12143
218,62,87185
218,71,8817
218,72,44077
218,81,18335
219,11,2270
219,21,0
219,22,1400
219,23,8695
219,31,1013
219,32,1736
219,33,1390
219,42,3936
219,44,21051
219,45,7501
219,48,2266
219,49,1357
219,51,1037
219,52,3534
219,53,2453
219,54,6513
219,55,1155
219,56,6620
219,61,4293
219,62,24760
219,71,4243
219,72,46342
219,81,6669
220,11,10386
220,21,16666
220,22,5381
220,23,44206
220,31,6358
220,32,4609
220,33,10779
220,42,18572
220,44,57440
220,45,31779
220,48,12699
220,49,5963
220,51,9712
220,52,20649
220,53,9111
220,54,41925
220,55,5091
220,56,35806
220,61,17263
220,62,102906
220,71,12025
220,72,85833
220,81,19561
221,11,2264
221,21,453
221,22,841
221,23,22855
221,31,3941
221,32,9122
221,33,10746
221,42,14664
221,44,44259
221,45,17996
221,48,8832
221,49,7529
221,51,8715
221,52,21860
221,53,5126
221,54,32241
221,55,7803
221,56,21644
221,61,35926
221,62,65613
221,71,7778
221,72,45805
221,81,20199
222,11,1651
222,21,162
222,22,1927
222,23,20872
222,31,6713
222,32,16514
222,33,28960
222,42,20320
222,44,46626
222,45,18478
222,48,13392
222,49,6354
222,51,7612
222,52,29134
222,53,7789
222,54,26969
222,55,12891
222,56,29106
222,61,13717
222,62,86164
222,71,8969
222,72,54733
222,81,21263
223,11,6152
223,21,380
223,22,17268
223,23,276808
223,31,50764
223,32,47496
223,33,83569
223,42,228735
223,44,453520
223,45,168256
223,48,144355
223,49,67562
223,51,222173
223,52,403069
223,53,159278
223,54,525730
223,55,97542
223,56,356188
223,61,430988
223,62,1094237
223,71,130742
223,72,537897
223,81,270522
224,11,5406
224,21,137
224,22,1422
224,23,20409
224,31,8462
224,32,14094
224,33,33038
224,42,16913
224,44,42002
224,45,16910
224,48,8154
224,49,5532
224,51,7524
224,52,13914
224,53,6272
224,54,27290
224,55,10600
224,56,27773
224,61,39053
224,62,84724
224,71,7531
224,72,40056
224,81,18530
225,11,9337
225,21,730
225,22,5668
225,23,33803
225,31,14618
225,32,15691
225,33,43534
225,42,29235
225,44,84995
225,45,36268
225,48,16572
225,49,12658
225,51,10127
225,52,27547
225,53,8553
225,54,34361
225,55,9641
225,56,32370
225,61,76932
225,62,120856
225,71,13561
225,72,88735
225,81,34166
226,11,3265
226,21,186
226,22,3088
226,23,58520
226,31,15690
226,32,27885
226,33,46069
226,42,55422
226,44,82859
226,45,36102
226,48,33551
226,49,14290
226,51,25649
226,52,66936
226,53,16152
226,54,63918
226,55,32005
226,56,84487
226,61,57069
226,62,99536
226,71,23586
226,72,100565
226,81,26860
227,11,939
227,21,0
227,22,973
227,23,30641
227,31,18692
227,32,26985
227,33,45047
227,42,31348
227,44,53248
227,45,27280
227,48,15760
227,49,14265
227,51,6696
227,52,24072
227,53,6274
227,54,22863
227,55,14584
227,56,51878
227,61,30814
227,62,79437
227,71,8333
227,72,64864
227,81,16245
228,11,1986
228,21,0
228,22,3040
228,23,46925
228,31,4858
228,32,14834
228,33,34931
228,42,35249
228,44,67858
228,45,31328
228,48,8617
228,49,8495
228,51,25918
228,52,30733
228,53,12732
228,54,82830
228,55,12037
228,56,61989
228,61,68554
228,62,87088
228,71,14596
228,72,85568
228,81,26326
229,11,18089
229,21,225
229,22,4988
229,23,62824
229,31,33379
229,32,36134
229,33,52679
229,42,39747
229,44,131713
229,45,63665
229,48,17964
229,49,14388
229,51,10254
229,52,27199
229,53,17393
229,54,40953
229,55,11056
229,56,58401
229,61,56512
229,62,148333
229,71,16045
229,72,164862
229,81,35394
230,11,3641
230,21,14607
230,22,2916
230,23,25566
230,31,3445
230,32,3962
230,33,6003
230,42,21672
230,44,31346
230,45,12090
230,48,13594
230,49,3647
230,51,4448
230,52,16747
230,53,4328
230,54,15510
230,55,4980
230,56,11830
230,61,12562
230,62,40513
230,71,3760
230,72,33717
230,81,11941
231,11,691
231,21,22
231,22,1890
231,23,37652
231,31,11884
231,32,25298
231,33,52478
231,42,42092
231,44,54780
231,45,31855
231,48,14714
231,49,12336
231,51,11467
231,52,44882
231,53,10147
231,54,49029
231,55,34137
231,56,50342
231,61,42378
231,62,121246
231,71,19353
231,72,78443
231,81,25279
232,11,1857
232,21,687
232,22,3905
232,23,49171
232,31,10215
232,32,47768
232,33,103719
232,42,63320
232,44,98258
232,45,42086
232,48,25537
232,49,17290
232,51,20983
232,52,53901
232,53,18906
232,54,70539
232,55,46370
232,56,83767
232,61,96939
232,62,220869
232,71,26297
232,72,118325
232,81,40488
233,11,2737
233,21,244
233,22,5939
233,23,39085
233,31,11225
233,32,20508
233,33,36625
233,42,37627
233,44,71640
233,45,43647
233,48,28541
233,49,28480
233,51,17573
233,52,61422
233,53,14540
233,54,56786
233,55,36049
233,56,71369
233,61,58383
233,62,137997
233,71,15383
233,72,97685
233,81,31067
234,11,1640
234,21,0
234,22,733
234,23,14698
234,31,5015
234,32,11392
234,33,35336
234,42,15044
234,44,31994
234,45,16827
234,48,9445
234,49,6920
234,51,8614
234,52,16132
234,53,3368
234,54,22212
234,55,5817
234,56,21791
234,61,33669
234,62,69390
234,71,5435
234,72,42133
234,81,12889
235,11,6971
235,21,5404
235,22,6462
235,23,66520
235,31,27961
235,32,59532
235,33,140674
235,42,49422
235,44,115317
235,45,58133
235,48,29345
235,49,22100
235,51,9194
235,52,31982
235,53,10358
235,54,33442
235,55,14435
235,56,65797
235,61,98171
235,62,191839
235,71,16458
235,72,138166
235,81,43976
236,11,691
236,21,18702
236,22,2748
236,23,29944
236,31,4484
236,32,6775
236,33,21564
236,42,24772
236,44,44714
236,45,23736
236,48,11098
236,49,9255
236,51,7400
236,52,24130
236,53,8712
236,54,33821
236,55,9630
236,56,39542
236,61,24288
236,62,78053
236,71,9377
236,72,65669
236,81,14648
237,11,487
237,21,6381
237,22,4703
237,23,23373
237,31,2967
237,32,5903
237,33,34615
237,42,16997
237,44,33005
237,45,16244
237,48,8604
237,49,6513
237,51,7276
237,52,16680
237,53,6373
237,54,20023
237,55,5519
237,56,34962
237,61,24875
237,62,58665
237,71,6408
237,72,40947
237,81,11390
238,11,7053
238,21,13705
238,22,4363
238,23,19629
238,31,2293
238,32,4896
238,33,10768
238,42,10679
238,44,35397
238,45,18583
238,48,7961
238,49,4128
238,51,2048
238,52,13202
238,53,3732
238,54,8944
238,55,1054
238,56,13041
238,61,13951
238,62,42712
238,71,4930
238,72,40839
238,81,8056
239,11,12728
239,21,208
239,22,3604
239,23,53185
239,31,16095
239,32,17787
239,33,74065
239,42,48879
239,44,65130
239,45,35079
239,48,24063
239,49,13046
239,51,22932
239,52,35936
239,53,15841
239,54,66522
239,55,36615
239,56,58348
239,61,76572
239,62,124930
239,71,16396
239,72,90912
239,81,41890
240,11,39008
240,21,157
240,22,3300
240,23,43190
240,31,21424
240,32,23912
240,33,22918
240,42,21407
240,44,70169
240,45,38291
240,48,15805
240,49,8075
240,51,9534
240,52,16238
240,53,9742
240,54,27130
240,55,8363
240,56,38289
240,61,52731
240,62,88111
240,71,11636
240,72,87853
240,81,34639
241,11,8873
241,21,179
241,22,7881
241,23,78939
241,31,24449
241,32,48428
241,33,73672
241,42,72864
241,44,147067
241,45,64304
241,48,40479
241,49,31928
241,51,33331
241,52,98480
241,53,26745
241,54,164330
241,55,51536
241,56,111359
241,61,159709
241,62,391763
241,71,38460
241,72,160592
241,81,73698
242,11,890
242,21,7094
242,22,7819
242,23,54775
242,31,8016
242,32,22136
242,33,56015
242,42,37134
242,44,83336
242,45,43497
242,48,27890
242,49,16228
242,51,16581
242,52,56582
242,53,13032
242,54,77276
242,55,37757
242,56,54088
242,61,75533
242,62,192397
242,71,21190
242,72,100466
242,81,39868
243,11,12906
243,21,10214
243,22,12163
243,23,95812
243,31,55591
243,32,88747
243,33,129599
243,42,76792
243,44,196475
243,45,87839
243,48,63678
243,49,84924
243,51,22595
243,52,71020
243,53,15790
243,54,76967
243,55,40224
243,56,114760
243,61,94153
243,62,362718
243,71,35845
243,72,208123
243,81,78934
244,11,758
244,21,117
244,22,1266
244,23,18534
244,31,6369
244,32,9240
244,33,18472
244,42,13925
244,44,35000
244,45,13208
244,48,6612
244,49,4130
244,51,5730
244,52,25758
244,53,5266
244,54,23156
244,55,13307
244,56,26338
244,61,34952
244,62,72440
244,71,9433
244,72,48635
244,81,17011
245,11,321
245,21,0
245,22,2815
245,23,18631
245,31,1096
245,32,4758
245,33,18956
245,42,8526
245,44,29086
245,45,11315
245,48,9466
245,49,4599
245,51,4566
245,52,7744
245,53,5898
245,54,22969
245,55,2342
245,56,24846
245,61,3894
245,62,34698
245,71,4878
245,72,42619
245,81,8811
246,11,625
246,21,0
246,22,1891
246,23,25268
246,31,14180
246,32,26618
246,33,50103
246,42,24182
246,44,45201
246,45,21073
246,48,10699
246,49,10774
246,51,8182
246,52,15899
246,53,6086
246,54,23267
246,55,7089
246,56,51961
246,61,24672
246,62,58716
246,71,6416
246,72,53577
246,81,13150
247,11,7910
247,21,102
247,22,6802
247,23,49862
247,31,10291
247,32,26550
247,33,32561
247,42,30444
247,44,91582
247,45,45792
247,48,10912
247,49,14144
247,51,10765
247,52,39975
247,53,14144
247,54,39561
247,55,9171
247,56,59098
247,61,36208
247,62,106958
247,71,16935
247,72,125552
247,81,28014
248,11,4774
248,21,68
248,22,1245
248,23,21063
248,31,7207
248,32,5285
248,33,15410
248,42,18515
248,44,34314
248,45,13583
248,48,7026
248,49,3766
248,51,3840
248,52,23599
248,53,2742
248,54,12892
248,55,3691
248,56,10846
248,61,19092
248,62,51378
248,71,5983
248,72,39156
248,81,10346
249,11,398
249,21,0
249,22,242
249,23,18800
249,31,5231
249,32,11731
249,33,17557
249,42,29214
249,44,35412
249,45,18744
249,48,20402
249,49,36852
249,51,4927
249,52,15506
249,53,8014
249,54,21821
249,55,6439
249,56,51639
249,61,36571
249,62,73749
249,71,5285
249,72,45123
249,81,13603
250,11,672
250,21,185
250,22,2152
250,23,41162
250,31,10469
250,32,15461
250,33,45738
250,42,37424
250,44,67921
250,45,30731
250,48,22433
250,49,18083
250,51,20907
250,52,42850
250,53,16610
250,54,59212
250,55,20407
250,56,72722
250,61,24095
250,62,116645
250,71,13830
250,72,96674
250,81,27782
251,11,3480
251,21,276
251,22,10214
251,23,54171
251,31,14917
251,32,41128
251,33,87245
251,42,43612
251,44,114269
251,45,56142
251,48,33364
251,49,16774
251,51,12314
251,52,43814
251,53,11195
251,54,44935
251,55,14617
251,56,80314
251,61,20286
251,62,143940
251,71,14515
251,72,145797
251,81,32211
252,11,987
252,21,3452
252,22,7156
252,23,57213
252,31,4915
252,32,10089
252,33,40172
252,42,47102
252,44,73686
252,45,30121
252,48,10094
252,49,7848
252,51,28668
252,52,39083
252,53,18413
252,54,96454
252,55,6437
252,56,62189
252,61,50403
252,62,101493
252,71,13722
252,72,111405
252,81,34233
253,11,189
253,21,723
253,22,1429
253,23,17794
253,31,548
253,32,12763
253,33,5922
253,42,4969
253,44,13495
253,45,5994
253,48,4170
253,49,1521
253,51,1143
253,52,3331
253,53,2175
253,54,6420
253,55,869
253,56,6768
253,61,11367
253,62,19930
253,71,930
253,72,14811
253,81,4957
254,11,813
254,21,3578
254,22,1583
254,23,22618
254,31,1487
254,32,4050
254,33,5370
254,42,5792
254,44,15376
254,45,7076
254,48,3977
254,49,1454
254,51,1775
254,52,4452
254,53,3036
254,54,7524
254,55,910
254,56,8316
254,61,15139
254,62,30808
254,71,2342
254,72,25017
254,81,5143
255,11,3941
255,21,23334
255,22,12213
255,23,194386
255,31,31123
255,32,67214
255,33,169629
255,42,185658
255,44,253992
255,45,130768
255,48,90358
255,49,75961
255,51,81541
255,52,210346
255,53,72478
255,54,242378
255,55,51412
255,56,270242
255,61,126652
255,62,396495
255,71,52508
255,72,334664
255,81,93992
256,11,679
256,21,33
256,22,1481
256,23,15182
256,31,4084
256,32,5119
256,33,7360
256,42,10798
256,44,25307
256,45,14995
256,48,11044
256,49,3307
256,51,4484
256,52,7241
256,53,4973
256,54,8016
256,55,1248
256,56,23152
256,61,2207
256,62,45648
256,71,2404
256,72,32835
256,81,6700
257,11,3487
257,21,74633
257,22,19128
257,23,209462
257,31,16775
257,32,72234
257,33,127499
257,42,154102
257,44,220512
257,45,87403
257,48,98614
257,49,33007
257,51,32012
257,52,95710
257,53,56769
257,54,210812
257,55,41262
257,56,207113
257,61,95524
257,62,325675
257,71,35637
257,72,284392
257,81,86228
258,11,168
258,21,1852
258,22,179
258,23,1957
258,31,185
258,32,209
258,33,189
258,42,2688
258,44,8934
258,45,3594
258,48,12812
258,49,1892
258,51,745
258,52,2536
258,53,671
258,54,2450
258,55,38
258,56,6834
258,61,12595
258,62,15623
258,71,741
258,72,10382
258,81,1787
259,11,1662
259,21,6632
259,22,6368
259,23,51281
259,31,9931
259,32,9519
259,33,23571
259,42,33342
259,44,77850
259,45,36770
259,48,15580
259,49,11080
259,51,19830
259,52,64855
259,53,16945
259,54,48930
259,55,11651
259,56,67895
259,61,30082
259,62,149967
259,71,16130
259,72,116919
259,81,28751
260,11,39529
260,21,72270
260,22,15644
260,23,121698
260,31,21235
260,32,33523
260,33,57812
260,42,88616
260,44,199574
260,45,96734
260,48,47674
260,49,20898
260,51,18931
260,52,67366
260,53,26015
260,54,59694
260,55,8636
260,56,84612
260,61,119017
260,62,358277
260,71,17727
260,72,239281
260,81,59626
261,11,1281
261,21,2478
261,22,3157
261,23,60664
261,31,10755
261,32,19398
261,33,53857
261,42,39811
261,44,68277
261,45,40358
261,48,29367
261,49,15095
261,51,22067
261,52,53754
261,53,14486
261,54,68494
261,55,16217
261,56,68555
261,61,47914
261,62,91776
261,71,19432
261,72,77573
261,81,25445
262,11,2893
262,21,3971
262,22,1437
262,23,36853
262,31,7922
262,32,10014
262,33,16849
262,42,10627
262,44,34039
262,45,23974
262,48,7361
262,49,4806
262,51,13796
262,52,9290
262,53,4864
262,54,26934
262,55,1855
262,56,20443
262,61,31521
262,62,42101
262,71,6697
262,72,40713
262,81,9247
263,11,3076
263,21,452
263,22,826
263,23,15082
263,31,6087
263,32,5551
263,33,10494
263,42,8656
263,44,27986
263,45,9470
263,48,3805
263,49,3018
263,51,4124
263,52,8368
263,53,2084
263,54,13351
263,55,1653
263,56,10851
263,61,16108
263,62,30547
263,71,3801
263,72,32633
263,81,8564
264,11,1213
264,21,97
264,22,1718
264,23,37489
264,31,6150
264,32,11444
264,33,9501
264,42,24282
264,44,45618
264,45,21129
264,48,9594
264,49,11163
264,51,6220
264,52,29253
264,53,7017
264,54,39484
264,55,21023
264,56,42608
264,61,8418
264,62,71114
264,71,10507
264,72,52137
264,81,22205
265,11,564
265,21,37
265,22,1498
265,23,35510
265,31,3953
265,32,3825
265,33,26673
265,42,16516
265,44,57526
265,45,32328
265,48,15739
265,49,8962
265,51,7695
265,52,20003
265,53,10244
265,54,49304
265,55,9905
265,56,37271
265,61,11752
265,62,76447
265,71,11216
265,72,77330
265,81,23004
266,11,1480
266,21,83
266,22,1911
266,23,71522
266,31,5363
266,32,7807
266,33,11836
266,42,28167
266,44,103317
266,45,47009
266,48,30383
266,49,13105
266,51,35850
266,52,45079
266,53,18868
266,54,262841
266,55,24997
266,56,83916
266,61,39317
266,62,116092
266,71,23153
266,72,128930
266,81,63605
267,11,7176
267,21,2369
267,22,794
267,23,37835
267,31,13372
267,32,15256
267,33,24482
267,42,22298
267,44,67108
267,45,34608
267,48,12697
267,49,9982
267,51,5257
267,52,19619
267,53,7832
267,54,34515
267,55,10929
267,56,27090
267,61,10319
267,62,75235
267,71,6884
267,72,79714
267,81,28935
268,11,10669
268,21,441
268,22,8580
268,23,128941
268,31,21622
268,32,25378
268,33,152176
268,42,90075
268,44,138001
268,45,115058
268,48,61708
268,49,25139
268,51,114043
268,52,65471
268,53,38467
268,54,156583
268,55,34992
268,56,115798
268,61,144944
268,62,252563
268,71,39704
268,72,186269
268,81,71920
269,11,93679
269,21,478
269,22,5395
269,23,57387
269,31,25204
269,32,23809
269,33,27554
269,42,37164
269,44,74812
269,45,41734
269,48,17314
269,49,10494
269,51,10634
269,52,24373
269,53,10883
269,54,38794
269,55,8126
269,56,45453
269,61,37975
269,62,123764
269,71,11723
269,72,87918
269,81,25508
270,11,1104
270,21,14345
270,22,4377
270,23,24203
270,31,1053
270,32,9923
270,33,9404
270,42,15443
270,44,54686
270,45,25564
270,48,8872
270,49,5964
270,51,5789
270,52,15132
270,53,5153
270,54,22327
270,55,5418
270,56,22770
270,61,29942
270,62,98561
270,71,5303
270,72,61573
270,81,19029
271,11,1065
271,21,353
271,22,2296
271,23,33238
271,31,14524
271,32,32548
271,33,86611
271,42,39210
271,44,59650
271,45,29958
271,48,17685
271,49,11642
271,51,13901
271,52,40264
271,53,10653
271,54,41870
271,55,27931
271,56,59791
271,61,31918
271,62,146126
271,71,14032
271,72,72480
271,81,30024
272,11,24894
272,21,1969
272,22,3719
272,23,79662
272,31,56858
272,32,88100
272,33,127167
272,42,72226
272,44,138547
272,45,68659
272,48,43768
272,49,23863
272,51,26180
272,52,71803
272,53,12377
272,54,56782
272,55,38462
272,56,72951
272,61,81133
272,62,202073
272,71,22872
272,72,165353
272,81,52057
273,11,2180
273,21,16247
273,22,1402
273,23,18854
273,31,584
273,32,2073
273,33,1643
273,42,7335
273,44,19446
273,45,7934
273,48,5491
273,49,3568
273,51,2907
273,52,6303
273,53,2983
273,54,8566
273,55,635
273,56,7277
273,61,6515
273,62,23393
273,71,3749
273,72,32568
273,81,6957
