Production_zone,Consumption_zone,poe2,poe
151,154,3644,3636
151,204,3648,3644
151,206,3644,3636
151,207,3644,3636
151,230,3644,3636
151,271,3644,3634
151,272,3644,3636
151,310,3644,3636
152,154,3644,3636
152,204,3648,3644
152,206,3644,3636
152,207,3644,3636
152,230,3644,3636
152,271,3644,3634
152,272,3644,3636
152,310,3644,3636
153,154,3644,3636
153,204,3648,3644
153,206,3644,3636
153,207,3644,3636
153,230,3644,3636
153,271,3644,3634
153,272,3644,3636
153,310,3644,3636
154,151,3644,3636
154,152,3644,3636
154,153,3644,3636
154,170,3647,3636
154,171,3644,3636
154,172,3644,3636
154,173,3644,3636
154,174,3644,3636
154,175,3644,3636
154,176,3644,3636
154,177,3644,3636
154,178,3644,3636
154,183,3641,3636
154,184,3641,3636
154,185,3644,3636
154,186,3644,3636
154,187,3644,3636
154,191,3644,3636
154,192,3644,3636
154,198,3647,3636
154,199,3647,3636
154,204,3648,3636
154,226,3644,3636
154,227,3644,3636
154,228,3644,3636
154,229,3644,3636
154,231,3644,3636
154,232,3647,3636
154,233,3644,3636
154,234,3644,3636
154,235,3644,3636
154,242,3647,3636
154,243,3647,3636
154,245,3644,3636
154,246,3644,3636
154,247,3644,3636
154,250,3644,3636
154,251,3644,3636
154,264,3647,3636
154,265,3647,3636
154,266,3647,3636
154,267,3644,3636
154,270,3644,3636
155,185,3644,3643
155,204,3648,3642
155,271,3642,3634
155,272,3641,3636
156,185,3644,3643
156,204,3648,3642
156,271,3642,3634
156,272,3641,3636
157,185,3644,3643
157,204,3648,3642
157,271,3642,3634
157,272,3641,3636
158,185,3644,3643
158,204,3648,3643
158,206,3641,3636
158,207,3641,3636
158,271,3643,3634
158,272,3641,3636
159,166,3647,3640
159,185,3644,3640
159,197,3647,3640
159,201,3647,3640
159,202,3647,3640
159,203,3647,3640
159,204,3648,3640
159,205,3648,3640
159,216,3647,3640
159,221,3647,3640
159,222,3647,3640
159,224,3647,3640
159,225,3647,3640
159,232,3647,3640
159,263,3647,3640
159,271,3639,3634
160,166,3647,3640
160,167,3647,3640
160,168,3647,3640
160,169,3647,3640
160,185,3644,3640
160,197,3647,3640
160,198,3647,3640
160,200,3647,3640
160,201,3647,3640
160,202,3647,3640
160,203,3647,3640
160,204,3648,3640
160,205,3648,3640
160,216,3647,3640
160,217,3647,3640
160,218,3647,3640
160,219,3647,3640
160,221,3647,3640
160,222,3647,3640
160,223,3647,3640
160,224,3647,3640
160,225,3647,3640
160,232,3647,3640
160,241,3647,3640
160,242,3647,3640
160,243,3647,3640
160,244,3647,3640
160,263,3647,3640
160,271,3639,3634
161,166,3647,3640
161,185,3644,3640
161,197,3647,3640
161,201,3647,3640
161,202,3647,3640
161,203,3647,3640
161,204,3648,3640
161,205,3648,3640
161,216,3647,3640
161,221,3647,3640
161,222,3647,3640
161,224,3647,3640
161,225,3647,3640
161,232,3647,3640
161,263,3647,3640
161,271,3639,3634
162,166,3647,3640
162,167,3647,3640
162,168,3647,3640
162,169,3647,3640
162,185,3644,3640
162,197,3647,3640
162,198,3647,3640
162,200,3647,3640
162,201,3647,3640
162,202,3647,3640
162,203,3647,3640
162,204,3648,3640
162,205,3648,3640
162,216,3647,3640
162,217,3647,3640
162,218,3647,3640
162,219,3647,3640
162,221,3647,3640
162,222,3647,3640
162,223,3647,3640
162,224,3647,3640
162,225,3647,3640
162,232,3647,3640
162,241,3647,3640
162,242,3647,3640
162,243,3647,3640
162,244,3647,3640
162,263,3647,3640
162,271,3639,3634
163,166,3647,3640
163,185,3644,3640
163,197,3647,3640
163,201,3647,3640
163,202,3647,3640
163,203,3647,3640
163,204,3648,3640
163,205,3648,3640
163,216,3647,3640
163,221,3647,3640
163,222,3647,3640
163,224,3647,3640
163,225,3647,3640
163,232,3647,3640
163,263,3647,3640
163,271,3639,3634
164,166,3647,3640
164,167,3647,3640
164,168,3647,3640
164,185,3644,3640
164,197,3647,3640
164,201,3647,3640
164,202,3647,3640
164,203,3647,3640
164,204,3648,3640
164,205,3648,3640
164,216,3647,3640
164,217,3647,3640
164,218,3647,3640
164,219,3647,3640
164,221,3647,3640
164,222,3647,3640
164,223,3647,3640
164,224,3647,3640
164,225,3647,3640
164,232,3647,3640
164,241,3647,3640
164,242,3647,3640
164,243,3647,3640
164,244,3647,3640
164,263,3647,3640
164,271,3639,3634
165,166,3647,3640
165,167,3647,3640
165,168,3647,3640
165,185,3644,3640
165,197,3647,3640
165,201,3647,3640
165,202,3647,3640
165,203,3647,3640
165,204,3648,3640
165,205,3648,3640
165,216,3647,3640
165,217,3647,3640
165,218,3647,3640
165,219,3647,3640
165,221,3647,3640
165,222,3647,3640
165,223,3647,3640
165,224,3647,3640
165,225,3647,3640
165,232,3647,3640
165,241,3647,3640
165,242,3647,3640
165,243,3647,3640
165,244,3647,3640
165,263,3647,3640
165,271,3639,3634
166,159,3647,3640
166,160,3647,3640
166,161,3647,3640
166,162,3647,3640
166,163,3647,3640
166,164,3647,3640
166,165,3647,3640
166,181,3647,3640
166,184,3647,3642
166,185,3647,3644
166,188,3647,3640
166,206,3647,3636
166,207,3647,3636
166,212,3647,3636
166,213,3647,3640
166,214,3647,3640
166,215,3647,3640
166,230,3647,3636
166,239,3647,3640
166,240,3647,3640
166,248,3647,3636
166,261,3647,3640
166,262,3647,3640
166,268,3647,3636
166,269,3647,3636
166,271,3647,3634
166,272,3647,3636
166,273,3647,3640
167,160,3647,3640
167,162,3647,3640
167,164,3647,3640
167,165,3647,3640
167,181,3647,3640
167,185,3647,3644
167,188,3647,3640
167,206,3647,3636
167,207,3647,3636
167,212,3647,3636
167,213,3647,3640
167,214,3647,3640
167,215,3647,3640
167,230,3647,3636
167,239,3647,3640
167,240,3647,3640
167,248,3647,3636
167,261,3647,3640
167,262,3647,3640
167,268,3647,3636
167,269,3647,3636
167,271,3647,3634
167,272,3647,3636
167,273,3647,3640
168,160,3647,3640
168,162,3647,3640
168,164,3647,3640
168,165,3647,3640
168,181,3647,3640
168,185,3647,3644
168,188,3647,3640
168,206,3647,3636
168,207,3647,3636
168,212,3647,3636
168,213,3647,3640
168,214,3647,3640
168,215,3647,3640
168,230,3647,3636
168,239,3647,3640
168,240,3647,3640
168,248,3647,3636
168,261,3647,3640
168,262,3647,3640
168,268,3647,3636
168,269,3647,3636
168,271,3647,3634
168,272,3647,3636
168,273,3647,3640
169,160,3647,3640
169,162,3647,3640
169,181,3647,3640
169,188,3647,3640
169,206,3647,3636
169,207,3647,3636
169,212,3647,3636
169,213,3647,3640
169,215,3647,3640
169,230,3647,3636
169,239,3647,3640
169,240,3647,3640
169,248,3647,3636
169,261,3647,3640
169,268,3647,3636
169,269,3647,3636
169,271,3647,3634
169,272,3647,3636
169,273,3647,3640
170,154,3647,3636
170,206,3647,3636
170,207,3647,3636
170,212,3647,3636
170,230,3647,3636
170,248,3647,3636
170,268,3647,3636
170,269,3647,3636
170,271,3647,3634
170,272,3647,3636
170,310,3647,3636
171,154,3644,3636
171,204,3648,3644
171,206,3644,3636
171,207,3644,3636
171,230,3644,3636
171,271,3644,3634
171,272,3644,3636
171,310,3644,3636
172,154,3644,3636
172,204,3648,3644
172,206,3644,3636
172,207,3644,3636
172,230,3644,3636
172,271,3644,3634
172,272,3644,3636
172,310,3644,3636
173,154,3644,3636
173,204,3648,3644
173,206,3644,3636
173,207,3644,3636
173,230,3644,3636
173,271,3644,3634
173,272,3644,3636
173,310,3644,3636
174,154,3644,3636
174,204,3648,3644
174,206,3644,3636
174,207,3644,3636
174,230,3644,3636
174,271,3644,3634
174,272,3644,3636
174,310,3644,3636
175,154,3644,3636
175,204,3648,3644
175,206,3644,3636
175,207,3644,3636
175,230,3644,3636
175,271,3644,3634
175,272,3644,3636
175,310,3644,3636
176,154,3644,3636
176,204,3648,3644
176,206,3644,3636
176,207,3644,3636
176,230,3644,3636
176,271,3644,3634
176,272,3644,3636
176,310,3644,3636
177,154,3644,3636
177,204,3648,3644
177,206,3644,3636
177,207,3644,3636
177,230,3644,3636
177,271,3644,3634
177,272,3644,3636
177,310,3644,3636
178,154,3644,3636
178,204,3648,3644
178,206,3644,3636
178,207,3644,3636
178,230,3644,3636
178,271,3644,3634
178,272,3644,3636
178,310,3644,3636
181,166,3647,3640
181,167,3647,3640
181,168,3647,3640
181,169,3647,3640
181,185,3644,3640
181,197,3647,3640
181,198,3647,3640
181,200,3647,3640
181,201,3647,3640
181,202,3647,3640
181,203,3647,3640
181,204,3648,3640
181,205,3648,3640
181,216,3647,3640
181,217,3647,3640
181,218,3647,3640
181,219,3647,3640
181,221,3647,3640
181,222,3647,3640
181,223,3647,3640
181,224,3647,3640
181,225,3647,3640
181,232,3647,3640
181,241,3647,3640
181,242,3647,3640
181,243,3647,3640
181,244,3647,3640
181,263,3647,3640
181,271,3639,3634
183,154,3641,3636
183,185,3644,3643
183,204,3648,3642
183,206,3641,3636
183,207,3641,3636
183,230,3641,3636
183,271,3642,3634
183,272,3641,3636
183,310,3641,3636
184,154,3641,3636
184,166,3647,3642
184,185,3644,3642
184,197,3647,3642
184,201,3647,3642
184,202,3647,3642
184,203,3647,3642
184,204,3648,3642
184,205,3648,3642
184,206,3641,3636
184,207,3641,3636
184,212,3641,3636
184,216,3647,3642
184,221,3647,3642
184,222,3647,3642
184,223,3647,3642
184,224,3647,3642
184,225,3647,3642
184,230,3641,3636
184,232,3647,3642
184,243,3647,3642
184,263,3647,3642
184,268,3641,3636
184,269,3641,3636
184,271,3642,3634
184,272,3641,3636
184,310,3641,3636
185,154,3644,3636
185,155,3644,3643
185,156,3644,3643
185,157,3644,3643
185,158,3644,3643
185,159,3644,3640
185,160,3644,3640
185,161,3644,3640
185,162,3644,3640
185,163,3644,3640
185,164,3644,3640
185,165,3644,3640
185,166,3647,3644
185,167,3647,3644
185,168,3647,3644
185,181,3644,3640
185,183,3644,3643
185,184,3644,3642
185,188,3644,3640
185,189,3644,3643
185,190,3644,3643
185,193,3644,3643
185,194,3644,3643
185,195,3644,3643
185,196,3644,3643
185,197,3647,3644
185,201,3647,3644
185,202,3647,3644
185,203,3647,3644
185,204,3648,3644
185,205,3648,3644
185,206,3644,3636
185,207,3644,3636
185,208,3644,3643
185,209,3644,3643
185,210,3644,3643
185,211,3644,3643
185,212,3644,3636
185,213,3644,3640
185,214,3644,3640
185,215,3644,3640
185,216,3647,3644
185,217,3647,3644
185,218,3647,3644
185,219,3647,3644
185,220,3644,3643
185,221,3647,3644
185,222,3647,3644
185,223,3647,3644
185,224,3647,3644
185,225,3647,3644
185,230,3644,3636
185,232,3647,3644
185,236,3644,3643
185,237,3644,3643
185,238,3644,3643
185,239,3644,3640
185,240,3644,3640
185,241,3647,3644
185,242,3647,3644
185,243,3647,3644
185,244,3647,3644
185,248,3644,3636
185,249,3644,3643
185,252,3644,3643
185,253,3644,3643
185,254,3644,3643
185,255,3644,3643
185,256,3644,3643
185,257,3644,3643
185,258,3644,3643
185,259,3644,3643
185,260,3644,3643
185,261,3644,3640
185,262,3644,3640
185,263,3647,3644
185,268,3644,3636
185,269,3644,3636
185,271,3644,3634
185,272,3644,3636
185,273,3644,3640
185,310,3644,3636
185,399,3644,3643
186,154,3644,3636
186,204,3648,3644
186,206,3644,3636
186,207,3644,3636
186,212,3644,3636
186,230,3644,3636
186,248,3644,3636
186,268,3644,3636
186,269,3644,3636
186,271,3644,3634
186,272,3644,3636
186,310,3644,3636
187,154,3644,3636
187,204,3648,3644
187,206,3644,3636
187,207,3644,3636
187,212,3644,3636
187,230,3644,3636
187,248,3644,3636
187,268,3644,3636
187,269,3644,3636
187,271,3644,3634
187,272,3644,3636
187,310,3644,3636
188,166,3647,3640
188,167,3647,3640
188,168,3647,3640
188,169,3647,3640
188,185,3644,3640
188,197,3647,3640
188,198,3647,3640
188,200,3647,3640
188,201,3647,3640
188,202,3647,3640
188,203,3647,3640
188,204,3648,3640
188,205,3648,3640
188,216,3647,3640
188,217,3647,3640
188,218,3647,3640
188,219,3647,3640
188,221,3647,3640
188,222,3647,3640
188,223,3647,3640
188,224,3647,3640
188,225,3647,3640
188,232,3647,3640
188,241,3647,3640
188,242,3647,3640
188,243,3647,3640
188,244,3647,3640
188,263,3647,3640
188,271,3639,3634
189,185,3644,3643
189,204,3648,3640
189,271,3639,3634
190,185,3644,3643
190,204,3648,3640
190,271,3639,3634
191,154,3644,3636
191,204,3648,3644
191,206,3644,3636
191,207,3644,3636
191,212,3644,3636
191,230,3644,3636
191,248,3644,3636
191,268,3644,3636
191,269,3644,3636
191,271,3644,3634
191,272,3644,3636
191,310,3644,3636
192,154,3644,3636
192,204,3648,3644
192,206,3644,3636
192,207,3644,3636
192,212,3644,3636
192,230,3644,3636
192,248,3644,3636
192,268,3644,3636
192,269,3644,3636
192,271,3644,3634
192,272,3644,3636
192,310,3644,3636
193,185,3644,3643
193,204,3648,3643
193,206,3641,3636
193,207,3641,3636
193,271,3643,3634
193,272,3641,3636
194,185,3644,3643
194,204,3648,3643
194,206,3641,3636
194,207,3641,3636
194,271,3643,3634
194,272,3641,3636
195,185,3644,3643
195,204,3648,3643
195,206,3641,3636
195,207,3641,3636
195,271,3643,3634
195,272,3641,3636
196,185,3644,3643
196,204,3648,3643
196,271,3643,3634
196,272,3641,3636
197,159,3647,3640
197,160,3647,3640
197,161,3647,3640
197,162,3647,3640
197,163,3647,3640
197,164,3647,3640
197,165,3647,3640
197,181,3647,3640
197,184,3647,3642
197,185,3647,3644
197,188,3647,3640
197,206,3647,3636
197,207,3647,3636
197,212,3647,3636
197,213,3647,3640
197,214,3647,3640
197,215,3647,3640
197,230,3647,3636
197,239,3647,3640
197,240,3647,3640
197,248,3647,3636
197,261,3647,3640
197,262,3647,3640
197,268,3647,3636
197,269,3647,3636
197,271,3647,3634
197,272,3647,3636
197,273,3647,3640
198,154,3647,3636
198,160,3647,3640
198,162,3647,3640
198,181,3647,3640
198,188,3647,3640
198,206,3647,3636
198,207,3647,3636
198,212,3647,3636
198,213,3647,3640
198,215,3647,3640
198,230,3647,3636
198,239,3647,3640
198,240,3647,3640
198,248,3647,3636
198,261,3647,3640
198,268,3647,3636
198,269,3647,3636
198,271,3647,3634
198,272,3647,3636
198,273,3647,3640
198,310,3647,3636
199,154,3647,3636
199,206,3647,3636
199,207,3647,3636
199,212,3647,3636
199,230,3647,3636
199,248,3647,3636
199,268,3647,3636
199,269,3647,3636
199,271,3647,3634
199,272,3647,3636
199,310,3647,3636
200,160,3647,3640
200,162,3647,3640
200,181,3647,3640
200,188,3647,3640
200,206,3647,3636
200,207,3647,3636
200,212,3647,3636
200,213,3647,3640
200,215,3647,3640
200,230,3647,3636
200,239,3647,3640
200,240,3647,3640
200,248,3647,3636
200,261,3647,3640
200,268,3647,3636
200,269,3647,3636
200,271,3647,3634
200,272,3647,3636
200,273,3647,3640
201,159,3647,3640
201,160,3647,3640
201,161,3647,3640
201,162,3647,3640
201,163,3647,3640
201,164,3647,3640
201,165,3647,3640
201,181,3647,3640
201,184,3647,3642
201,185,3647,3644
201,188,3647,3640
201,206,3647,3636
201,207,3647,3636
201,212,3647,3636
201,213,3647,3640
201,214,3647,3640
201,215,3647,3640
201,230,3647,3636
201,239,3647,3640
201,240,3647,3640
201,248,3647,3636
201,261,3647,3640
201,262,3647,3640
201,268,3647,3636
201,269,3647,3636
201,271,3647,3634
201,272,3647,3636
201,273,3647,3640
202,159,3647,3640
202,160,3647,3640
202,161,3647,3640
202,162,3647,3640
202,163,3647,3640
202,164,3647,3640
202,165,3647,3640
202,181,3647,3640
202,184,3647,3642
202,185,3647,3644
202,188,3647,3640
202,206,3647,3636
202,207,3647,3636
202,212,3647,3636
202,213,3647,3640
202,214,3647,3640
202,215,3647,3640
202,230,3647,3636
202,239,3647,3640
202,240,3647,3640
202,248,3647,3636
202,261,3647,3640
202,262,3647,3640
202,268,3647,3636
202,269,3647,3636
202,271,3647,3634
202,272,3647,3636
202,273,3647,3640
203,159,3647,3640
203,160,3647,3640
203,161,3647,3640
203,162,3647,3640
203,163,3647,3640
203,164,3647,3640
203,165,3647,3640
203,181,3647,3640
203,184,3647,3642
203,185,3647,3644
203,188,3647,3640
203,206,3647,3636
203,207,3647,3636
203,212,3647,3636
203,213,3647,3640
203,214,3647,3640
203,215,3647,3640
203,230,3647,3636
203,239,3647,3640
203,240,3647,3640
203,248,3647,3636
203,261,3647,3640
203,262,3647,3640
203,268,3647,3636
203,269,3647,3636
203,271,3647,3634
203,272,3647,3636
203,273,3647,3640
204,151,3648,3644
204,152,3648,3644
204,153,3648,3644
204,154,3648,3636
204,155,3648,3642
204,156,3648,3642
204,157,3648,3642
204,158,3648,3643
204,159,3648,3640
204,160,3648,3640
204,161,3648,3640
204,162,3648,3640
204,163,3648,3640
204,164,3648,3640
204,165,3648,3640
204,171,3648,3644
204,172,3648,3644
204,173,3648,3644
204,174,3648,3644
204,175,3648,3644
204,176,3648,3644
204,177,3648,3644
204,178,3648,3644
204,181,3648,3640
204,183,3648,3642
204,184,3648,3642
204,185,3648,3644
204,186,3648,3644
204,187,3648,3644
204,188,3648,3640
204,189,3648,3640
204,190,3648,3640
204,191,3648,3644
204,192,3648,3644
204,193,3648,3643
204,194,3648,3643
204,195,3648,3643
204,196,3648,3643
204,206,3648,3636
204,207,3648,3636
204,208,3648,3643
204,209,3648,3640
204,210,3648,3642
204,211,3648,3642
204,212,3648,3636
204,213,3648,3640
204,214,3648,3640
204,215,3648,3640
204,220,3648,3642
204,230,3648,3636
204,231,3648,3644
204,236,3648,3642
204,237,3648,3642
204,238,3648,3642
204,239,3648,3640
204,240,3648,3640
204,245,3648,3644
204,246,3648,3644
204,247,3648,3644
204,248,3648,3636
204,249,3648,3643
204,250,3648,3644
204,251,3648,3644
204,252,3648,3642
204,253,3648,3643
204,254,3648,3642
204,255,3648,3642
204,256,3648,3642
204,257,3648,3643
204,258,3648,3642
204,259,3648,3642
204,260,3648,3642
204,261,3648,3640
204,262,3648,3640
204,268,3648,3636
204,269,3648,3636
204,271,3648,3634
204,272,3648,3636
204,273,3648,3640
204,310,3648,3636
204,399,3648,3642
205,159,3648,3640
205,160,3648,3640
205,161,3648,3640
205,162,3648,3640
205,163,3648,3640
205,164,3648,3640
205,165,3648,3640
205,181,3648,3640
205,184,3648,3642
205,185,3648,3644
205,188,3648,3640
205,206,3648,3636
205,207,3648,3636
205,212,3648,3636
205,213,3648,3640
205,214,3648,3640
205,215,3648,3640
205,230,3648,3636
205,239,3648,3640
205,240,3648,3640
205,248,3648,3636
205,261,3648,3640
205,262,3648,3640
205,268,3648,3636
205,269,3648,3636
205,271,3648,3634
205,272,3648,3636
205,273,3648,3640
206,151,3644,3636
206,152,3644,3636
206,153,3644,3636
206,158,3641,3636
206,166,3647,3636
206,167,3647,3636
206,168,3647,3636
206,169,3647,3636
206,170,3647,3636
206,171,3644,3636
206,172,3644,3636
206,173,3644,3636
206,174,3644,3636
206,175,3644,3636
206,176,3644,3636
206,177,3644,3636
206,178,3644,3636
206,183,3641,3636
206,184,3641,3636
206,185,3644,3636
206,186,3644,3636
206,187,3644,3636
206,191,3644,3636
206,192,3644,3636
206,193,3641,3636
206,194,3641,3636
206,195,3641,3636
206,197,3647,3636
206,198,3647,3636
206,199,3647,3636
206,200,3647,3636
206,201,3647,3636
206,202,3647,3636
206,203,3647,3636
206,204,3648,3636
206,205,3648,3636
206,208,3641,3636
206,210,3641,3636
206,216,3647,3636
206,217,3647,3636
206,218,3647,3636
206,219,3647,3636
206,221,3647,3636
206,222,3647,3636
206,223,3647,3636
206,224,3647,3636
206,225,3647,3636
206,226,3644,3636
206,227,3644,3636
206,228,3644,3636
206,229,3644,3636
206,231,3644,3636
206,232,3647,3636
206,233,3644,3636
206,234,3644,3636
206,235,3644,3636
206,241,3647,3636
206,242,3647,3636
206,243,3647,3636
206,244,3647,3636
206,245,3644,3636
206,246,3644,3636
206,247,3644,3636
206,249,3641,3636
206,250,3644,3636
206,251,3644,3636
206,263,3647,3636
206,264,3647,3636
206,265,3647,3636
206,266,3647,3636
206,267,3644,3636
206,270,3644,3636
207,151,3644,3636
207,152,3644,3636
207,153,3644,3636
207,158,3641,3636
207,166,3647,3636
207,167,3647,3636
207,168,3647,3636
207,169,3647,3636
207,170,3647,3636
207,171,3644,3636
207,172,3644,3636
207,173,3644,3636
207,174,3644,3636
207,175,3644,3636
207,176,3644,3636
207,177,3644,3636
207,178,3644,3636
207,183,3641,3636
207,184,3641,3636
207,185,3644,3636
207,186,3644,3636
207,187,3644,3636
207,191,3644,3636
207,192,3644,3636
207,193,3641,3636
207,194,3641,3636
207,195,3641,3636
207,197,3647,3636
207,198,3647,3636
207,199,3647,3636
207,200,3647,3636
207,201,3647,3636
207,202,3647,3636
207,203,3647,3636
207,204,3648,3636
207,205,3648,3636
207,208,3641,3636
207,210,3641,3636
207,216,3647,3636
207,217,3647,3636
207,218,3647,3636
207,219,3647,3636
207,221,3647,3636
207,222,3647,3636
207,223,3647,3636
207,224,3647,3636
207,225,3647,3636
207,226,3644,3636
207,227,3644,3636
207,228,3644,3636
207,229,3644,3636
207,231,3644,3636
207,232,3647,3636
207,233,3644,3636
207,234,3644,3636
207,235,3644,3636
207,241,3647,3636
207,242,3647,3636
207,243,3647,3636
207,244,3647,3636
207,245,3644,3636
207,246,3644,3636
207,247,3644,3636
207,249,3641,3636
207,250,3644,3636
207,251,3644,3636
207,263,3647,3636
207,264,3647,3636
207,265,3647,3636
207,266,3647,3636
207,267,3644,3636
207,270,3644,3636
208,185,3644,3643
208,204,3648,3643
208,206,3641,3636
208,207,3641,3636
208,271,3643,3634
208,272,3641,3636
209,185,3644,3643
209,204,3648,3640
209,271,3639,3634
210,185,3644,3643
210,204,3648,3642
210,206,3641,3636
210,207,3641,3636
210,271,3642,3634
210,272,3641,3636
211,185,3644,3643
211,204,3648,3642
211,271,3642,3634
211,272,3641,3636
212,166,3647,3636
212,167,3647,3636
212,168,3647,3636
212,169,3647,3636
212,170,3647,3636
212,184,3641,3636
212,185,3644,3636
212,186,3644,3636
212,187,3644,3636
212,191,3644,3636
212,192,3644,3636
212,197,3647,3636
212,198,3647,3636
212,199,3647,3636
212,200,3647,3636
212,201,3647,3636
212,202,3647,3636
212,203,3647,3636
212,204,3648,3636
212,205,3648,3636
212,217,3647,3636
212,218,3647,3636
212,219,3647,3636
212,221,3647,3636
212,222,3647,3636
212,223,3647,3636
212,224,3647,3636
212,225,3647,3636
212,226,3644,3636
212,227,3644,3636
212,228,3644,3636
212,229,3644,3636
212,231,3644,3636
212,232,3647,3636
212,233,3644,3636
212,234,3644,3636
212,235,3644,3636
212,241,3647,3636
212,242,3647,3636
212,243,3647,3636
212,244,3647,3636
212,245,3644,3636
212,246,3644,3636
212,247,3644,3636
212,264,3647,3636
212,265,3647,3636
212,266,3647,3636
212,267,3644,3636
212,270,3644,3636
213,166,3647,3640
213,167,3647,3640
213,168,3647,3640
213,169,3647,3640
213,185,3644,3640
213,197,3647,3640
213,198,3647,3640
213,200,3647,3640
213,201,3647,3640
213,202,3647,3640
213,203,3647,3640
213,204,3648,3640
213,205,3648,3640
213,216,3647,3640
213,217,3647,3640
213,218,3647,3640
213,219,3647,3640
213,221,3647,3640
213,222,3647,3640
213,223,3647,3640
213,224,3647,3640
213,225,3647,3640
213,232,3647,3640
213,241,3647,3640
213,242,3647,3640
213,243,3647,3640
213,244,3647,3640
213,263,3647,3640
213,271,3639,3634
214,166,3647,3640
214,167,3647,3640
214,168,3647,3640
214,185,3644,3640
214,197,3647,3640
214,201,3647,3640
214,202,3647,3640
214,203,3647,3640
214,204,3648,3640
214,205,3648,3640
214,216,3647,3640
214,217,3647,3640
214,218,3647,3640
214,219,3647,3640
214,221,3647,3640
214,222,3647,3640
214,223,3647,3640
214,224,3647,3640
214,225,3647,3640
214,232,3647,3640
214,241,3647,3640
214,242,3647,3640
214,243,3647,3640
214,244,3647,3640
214,263,3647,3640
214,271,3639,3634
215,166,3647,3640
215,167,3647,3640
215,168,3647,3640
215,169,3647,3640
215,185,3644,3640
215,197,3647,3640
215,198,3647,3640
215,200,3647,3640
215,201,3647,3640
215,202,3647,3640
215,203,3647,3640
215,204,3648,3640
215,205,3648,3640
215,216,3647,3640
215,217,3647,3640
215,218,3647,3640
215,219,3647,3640
215,221,3647,3640
215,222,3647,3640
215,223,3647,3640
215,224,3647,3640
215,225,3647,3640
215,232,3647,3640
215,241,3647,3640
215,242,3647,3640
215,243,3647,3640
215,244,3647,3640
215,263,3647,3640
215,271,3639,3634
216,159,3647,3640
216,160,3647,3640
216,161,3647,3640
216,162,3647,3640
216,163,3647,3640
216,164,3647,3640
216,165,3647,3640
216,181,3647,3640
216,184,3647,3642
216,185,3647,3644
216,188,3647,3640
216,206,3647,3636
216,207,3647,3636
216,213,3647,3640
216,214,3647,3640
216,215,3647,3640
216,248,3647,3636
216,261,3647,3640
216,262,3647,3640
216,271,3647,3634
216,272,3647,3636
216,273,3647,3640
217,160,3647,3640
217,162,3647,3640
217,164,3647,3640
217,165,3647,3640
217,181,3647,3640
217,185,3647,3644
217,188,3647,3640
217,206,3647,3636
217,207,3647,3636
217,212,3647,3636
217,213,3647,3640
217,214,3647,3640
217,215,3647,3640
217,230,3647,3636
217,239,3647,3640
217,240,3647,3640
217,248,3647,3636
217,261,3647,3640
217,262,3647,3640
217,268,3647,3636
217,269,3647,3636
217,271,3647,3634
217,272,3647,3636
217,273,3647,3640
218,160,3647,3640
218,162,3647,3640
218,164,3647,3640
218,165,3647,3640
218,181,3647,3640
218,185,3647,3644
218,188,3647,3640
218,206,3647,3636
218,207,3647,3636
218,212,3647,3636
218,213,3647,3640
218,214,3647,3640
218,215,3647,3640
218,230,3647,3636
218,239,3647,3640
218,240,3647,3640
218,248,3647,3636
218,261,3647,3640
218,262,3647,3640
218,268,3647,3636
218,269,3647,3636
218,271,3647,3634
218,272,3647,3636
218,273,3647,3640
219,160,3647,3640
219,162,3647,3640
219,164,3647,3640
219,165,3647,3640
219,181,3647,3640
219,185,3647,3644
219,188,3647,3640
219,206,3647,3636
219,207,3647,3636
219,212,3647,3636
219,213,3647,3640
219,214,3647,3640
219,215,3647,3640
219,230,3647,3636
219,239,3647,3640
219,240,3647,3640
219,248,3647,3636
219,261,3647,3640
219,262,3647,3640
219,268,3647,3636
219,269,3647,3636
219,271,3647,3634
219,272,3647,3636
219,273,3647,3640
220,185,3644,3643
220,204,3648,3642
220,271,3642,3634
220,272,3641,3636
221,159,3647,3640
221,160,3647,3640
221,161,3647,3640
221,162,3647,3640
221,163,3647,3640
221,164,3647,3640
221,165,3647,3640
221,181,3647,3640
221,184,3647,3642
221,185,3647,3644
221,188,3647,3640
221,206,3647,3636
221,207,3647,3636
221,212,3647,3636
221,213,3647,3640
221,214,3647,3640
221,215,3647,3640
221,230,3647,3636
221,239,3647,3640
221,240,3647,3640
221,248,3647,3636
221,261,3647,3640
221,262,3647,3640
221,268,3647,3636
221,269,3647,3636
221,271,3647,3634
221,272,3647,3636
221,273,3647,3640
222,159,3647,3640
222,160,3647,3640
222,161,3647,3640
222,162,3647,3640
222,163,3647,3640
222,164,3647,3640
222,165,3647,3640
222,181,3647,3640
222,184,3647,3642
222,185,3647,3644
222,188,3647,3640
222,206,3647,3636
222,207,3647,3636
222,212,3647,3636
222,213,3647,3640
222,214,3647,3640
222,215,3647,3640
222,230,3647,3636
222,239,3647,3640
222,240,3647,3640
222,248,3647,3636
222,261,3647,3640
222,262,3647,3640
222,268,3647,3636
222,269,3647,3636
222,271,3647,3634
222,272,3647,3636
222,273,3647,3640
223,160,3647,3640
223,162,3647,3640
223,164,3647,3640
223,165,3647,3640
223,181,3647,3640
223,184,3647,3642
223,185,3647,3644
223,188,3647,3640
223,206,3647,3636
223,207,3647,3636
223,212,3647,3636
223,213,3647,3640
223,214,3647,3640
223,215,3647,3640
223,230,3647,3636
223,239,3647,3640
223,240,3647,3640
223,248,3647,3636
223,261,3647,3640
223,262,3647,3640
223,268,3647,3636
223,269,3647,3636
223,271,3647,3634
223,272,3647,3636
223,273,3647,3640
224,159,3647,3640
224,160,3647,3640
224,161,3647,3640
224,162,3647,3640
224,163,3647,3640
224,164,3647,3640
224,165,3647,3640
224,181,3647,3640
224,184,3647,3642
224,185,3647,3644
224,188,3647,3640
224,206,3647,3636
224,207,3647,3636
224,212,3647,3636
224,213,3647,3640
224,214,3647,3640
224,215,3647,3640
224,230,3647,3636
224,239,3647,3640
224,240,3647,3640
224,248,3647,3636
224,261,3647,3640
224,262,3647,3640
224,268,3647,3636
224,269,3647,3636
224,271,3647,3634
224,272,3647,3636
224,273,3647,3640
225,159,3647,3640
225,160,3647,3640
225,161,3647,3640
225,162,3647,3640
225,163,3647,3640
225,164,3647,3640
225,165,3647,3640
225,181,3647,3640
225,184,3647,3642
225,185,3647,3644
225,188,3647,3640
225,206,3647,3636
225,207,3647,3636
225,212,3647,3636
225,213,3647,3640
225,214,3647,3640
225,215,3647,3640
225,230,3647,3636
225,239,3647,3640
225,240,3647,3640
225,248,3647,3636
225,261,3647,3640
225,262,3647,3640
225,268,3647,3636
225,269,3647,3636
225,271,3647,3634
225,272,3647,3636
225,273,3647,3640
226,154,3644,3636
226,206,3644,3636
226,207,3644,3636
226,212,3644,3636
226,230,3644,3636
226,268,3644,3636
226,269,3644,3636
226,271,3644,3634
226,272,3644,3636
226,310,3644,3636
227,154,3644,3636
227,206,3644,3636
227,207,3644,3636
227,212,3644,3636
227,230,3644,3636
227,268,3644,3636
227,269,3644,3636
227,271,3644,3634
227,272,3644,3636
227,310,3644,3636
228,154,3644,3636
228,206,3644,3636
228,207,3644,3636
228,212,3644,3636
228,230,3644,3636
228,268,3644,3636
228,269,3644,3636
228,271,3644,3634
228,272,3644,3636
228,310,3644,3636
229,154,3644,3636
229,206,3644,3636
229,207,3644,3636
229,212,3644,3636
229,230,3644,3636
229,268,3644,3636
229,269,3644,3636
229,271,3644,3634
229,272,3644,3636
229,310,3644,3636
230,151,3644,3636
230,152,3644,3636
230,153,3644,3636
230,166,3647,3636
230,167,3647,3636
230,168,3647,3636
230,169,3647,3636
230,170,3647,3636
230,171,3644,3636
230,172,3644,3636
230,173,3644,3636
230,174,3644,3636
230,175,3644,3636
230,176,3644,3636
230,177,3644,3636
230,178,3644,3636
230,183,3641,3636
230,184,3641,3636
230,185,3644,3636
230,186,3644,3636
230,187,3644,3636
230,191,3644,3636
230,192,3644,3636
230,197,3647,3636
230,198,3647,3636
230,199,3647,3636
230,200,3647,3636
230,201,3647,3636
230,202,3647,3636
230,203,3647,3636
230,204,3648,3636
230,205,3648,3636
230,217,3647,3636
230,218,3647,3636
230,219,3647,3636
230,221,3647,3636
230,222,3647,3636
230,223,3647,3636
230,224,3647,3636
230,225,3647,3636
230,226,3644,3636
230,227,3644,3636
230,228,3644,3636
230,229,3644,3636
230,231,3644,3636
230,232,3647,3636
230,233,3644,3636
230,234,3644,3636
230,235,3644,3636
230,241,3647,3636
230,242,3647,3636
230,243,3647,3636
230,244,3647,3636
230,245,3644,3636
230,246,3644,3636
230,247,3644,3636
230,250,3644,3636
230,251,3644,3636
230,264,3647,3636
230,265,3647,3636
230,266,3647,3636
230,267,3644,3636
230,270,3644,3636
231,154,3644,3636
231,204,3648,3644
231,206,3644,3636
231,207,3644,3636
231,212,3644,3636
231,230,3644,3636
231,248,3644,3636
231,268,3644,3636
231,269,3644,3636
231,271,3644,3634
231,272,3644,3636
231,310,3644,3636
232,154,3647,3636
232,159,3647,3640
232,160,3647,3640
232,161,3647,3640
232,162,3647,3640
232,163,3647,3640
232,164,3647,3640
232,165,3647,3640
232,181,3647,3640
232,184,3647,3642
232,185,3647,3644
232,188,3647,3640
232,206,3647,3636
232,207,3647,3636
232,212,3647,3636
232,213,3647,3640
232,214,3647,3640
232,215,3647,3640
232,230,3647,3636
232,239,3647,3640
232,240,3647,3640
232,248,3647,3636
232,261,3647,3640
232,262,3647,3640
232,268,3647,3636
232,269,3647,3636
232,271,3647,3634
232,272,3647,3636
232,273,3647,3640
232,310,3647,3636
233,154,3644,3636
233,206,3644,3636
233,207,3644,3636
233,212,3644,3636
233,230,3644,3636
233,248,3644,3636
233,268,3644,3636
233,269,3644,3636
233,271,3644,3634
233,272,3644,3636
233,310,3644,3636
234,154,3644,3636
234,206,3644,3636
234,207,3644,3636
234,212,3644,3636
234,230,3644,3636
234,248,3644,3636
234,268,3644,3636
234,269,3644,3636
234,271,3644,3634
234,272,3644,3636
234,310,3644,3636
235,154,3644,3636
235,206,3644,3636
235,207,3644,3636
235,212,3644,3636
235,230,3644,3636
235,248,3644,3636
235,268,3644,3636
235,269,3644,3636
235,271,3644,3634
235,272,3644,3636
235,310,3644,3636
236,185,3644,3643
236,204,3648,3642
236,271,3642,3634
236,272,3641,3636
237,185,3644,3643
237,204,3648,3642
237,271,3642,3634
237,272,3641,3636
238,185,3644,3643
238,204,3648,3642
238,271,3642,3634
238,272,3641,3636
239,166,3647,3640
239,167,3647,3640
239,168,3647,3640
239,169,3647,3640
239,185,3644,3640
239,197,3647,3640
239,198,3647,3640
239,200,3647,3640
239,201,3647,3640
239,202,3647,3640
239,203,3647,3640
239,204,3648,3640
239,205,3648,3640
239,217,3647,3640
239,218,3647,3640
239,219,3647,3640
239,221,3647,3640
239,222,3647,3640
239,223,3647,3640
239,224,3647,3640
239,225,3647,3640
239,232,3647,3640
239,241,3647,3640
239,242,3647,3640
239,243,3647,3640
239,244,3647,3640
240,166,3647,3640
240,167,3647,3640
240,168,3647,3640
240,169,3647,3640
240,185,3644,3640
240,197,3647,3640
240,198,3647,3640
240,200,3647,3640
240,201,3647,3640
240,202,3647,3640
240,203,3647,3640
240,204,3648,3640
240,205,3648,3640
240,217,3647,3640
240,218,3647,3640
240,219,3647,3640
240,221,3647,3640
240,222,3647,3640
240,223,3647,3640
240,224,3647,3640
240,225,3647,3640
240,232,3647,3640
240,241,3647,3640
240,242,3647,3640
240,243,3647,3640
240,244,3647,3640
241,160,3647,3640
241,162,3647,3640
241,164,3647,3640
241,165,3647,3640
241,181,3647,3640
241,185,3647,3644
241,188,3647,3640
241,206,3647,3636
241,207,3647,3636
241,212,3647,3636
241,213,3647,3640
241,214,3647,3640
241,215,3647,3640
241,230,3647,3636
241,239,3647,3640
241,240,3647,3640
241,248,3647,3636
241,261,3647,3640
241,262,3647,3640
241,268,3647,3636
241,269,3647,3636
241,271,3647,3634
241,272,3647,3636
241,273,3647,3640
242,154,3647,3636
242,160,3647,3640
242,162,3647,3640
242,164,3647,3640
242,165,3647,3640
242,181,3647,3640
242,185,3647,3644
242,188,3647,3640
242,206,3647,3636
242,207,3647,3636
242,212,3647,3636
242,213,3647,3640
242,214,3647,3640
242,215,3647,3640
242,230,3647,3636
242,239,3647,3640
242,240,3647,3640
242,248,3647,3636
242,261,3647,3640
242,262,3647,3640
242,268,3647,3636
242,269,3647,3636
242,271,3647,3634
242,272,3647,3636
242,273,3647,3640
242,310,3647,3636
243,154,3647,3636
243,160,3647,3640
243,162,3647,3640
243,164,3647,3640
243,165,3647,3640
243,181,3647,3640
243,184,3647,3642
243,185,3647,3644
243,188,3647,3640
243,206,3647,3636
243,207,3647,3636
243,212,3647,3636
243,213,3647,3640
243,214,3647,3640
243,215,3647,3640
243,230,3647,3636
243,239,3647,3640
243,240,3647,3640
243,248,3647,3636
243,261,3647,3640
243,262,3647,3640
243,268,3647,3636
243,269,3647,3636
243,271,3647,3634
243,272,3647,3636
243,273,3647,3640
243,310,3647,3636
244,160,3647,3640
244,162,3647,3640
244,164,3647,3640
244,165,3647,3640
244,181,3647,3640
244,185,3647,3644
244,188,3647,3640
244,206,3647,3636
244,207,3647,3636
244,212,3647,3636
244,213,3647,3640
244,214,3647,3640
244,215,3647,3640
244,230,3647,3636
244,239,3647,3640
244,240,3647,3640
244,248,3647,3636
244,261,3647,3640
244,262,3647,3640
244,268,3647,3636
244,269,3647,3636
244,271,3647,3634
244,272,3647,3636
244,273,3647,3640
245,154,3644,3636
245,204,3648,3644
245,206,3644,3636
245,207,3644,3636
245,212,3644,3636
245,230,3644,3636
245,268,3644,3636
245,269,3644,3636
245,271,3644,3634
245,272,3644,3636
245,310,3644,3636
246,154,3644,3636
246,204,3648,3644
246,206,3644,3636
246,207,3644,3636
246,212,3644,3636
246,230,3644,3636
246,268,3644,3636
246,269,3644,3636
246,271,3644,3634
246,272,3644,3636
246,310,3644,3636
247,154,3644,3636
247,204,3648,3644
247,206,3644,3636
247,207,3644,3636
247,212,3644,3636
247,230,3644,3636
247,268,3644,3636
247,269,3644,3636
247,271,3644,3634
247,272,3644,3636
247,310,3644,3636
248,166,3647,3636
248,167,3647,3636
248,168,3647,3636
248,169,3647,3636
248,170,3647,3636
248,185,3644,3636
248,186,3644,3636
248,187,3644,3636
248,191,3644,3636
248,192,3644,3636
248,197,3647,3636
248,198,3647,3636
248,199,3647,3636
248,200,3647,3636
248,201,3647,3636
248,202,3647,3636
248,203,3647,3636
248,204,3648,3636
248,205,3648,3636
248,216,3647,3636
248,217,3647,3636
248,218,3647,3636
248,219,3647,3636
248,221,3647,3636
248,222,3647,3636
248,223,3647,3636
248,224,3647,3636
248,225,3647,3636
248,231,3644,3636
248,232,3647,3636
248,233,3644,3636
248,234,3644,3636
248,235,3644,3636
248,241,3647,3636
248,242,3647,3636
248,243,3647,3636
248,244,3647,3636
248,263,3647,3636
248,264,3647,3636
248,265,3647,3636
248,266,3647,3636
248,267,3644,3636
248,270,3644,3636
249,185,3644,3643
249,204,3648,3643
249,206,3641,3636
249,207,3641,3636
249,271,3643,3634
249,272,3641,3636
250,154,3644,3636
250,204,3648,3644
250,206,3644,3636
250,207,3644,3636
250,230,3644,3636
250,271,3644,3634
250,272,3644,3636
250,310,3644,3636
251,154,3644,3636
251,204,3648,3644
251,206,3644,3636
251,207,3644,3636
251,230,3644,3636
251,271,3644,3634
251,272,3644,3636
251,310,3644,3636
252,185,3644,3643
252,204,3648,3642
252,271,3642,3634
252,272,3641,3636
253,185,3644,3643
253,204,3648,3643
253,271,3643,3634
253,272,3641,3636
254,185,3644,3643
254,204,3648,3642
254,271,3642,3634
254,272,3641,3636
255,185,3644,3643
255,204,3648,3642
255,271,3642,3634
255,272,3641,3636
256,185,3644,3643
256,204,3648,3642
256,271,3642,3634
256,272,3641,3636
257,185,3644,3643
257,204,3648,3643
257,271,3643,3634
257,272,3641,3636
258,185,3644,3643
258,204,3648,3642
258,271,3642,3634
258,272,3641,3636
259,185,3644,3643
259,204,3648,3642
259,271,3642,3634
259,272,3641,3636
260,185,3644,3643
260,204,3648,3642
260,271,3642,3634
260,272,3641,3636
261,166,3647,3640
261,167,3647,3640
261,168,3647,3640
261,169,3647,3640
261,185,3644,3640
261,197,3647,3640
261,198,3647,3640
261,200,3647,3640
261,201,3647,3640
261,202,3647,3640
261,203,3647,3640
261,204,3648,3640
261,205,3648,3640
261,216,3647,3640
261,217,3647,3640
261,218,3647,3640
261,219,3647,3640
261,221,3647,3640
261,222,3647,3640
261,223,3647,3640
261,224,3647,3640
261,225,3647,3640
261,232,3647,3640
261,241,3647,3640
261,242,3647,3640
261,243,3647,3640
261,244,3647,3640
261,263,3647,3640
261,271,3639,3634
262,166,3647,3640
262,167,3647,3640
262,168,3647,3640
262,185,3644,3640
262,197,3647,3640
262,201,3647,3640
262,202,3647,3640
262,203,3647,3640
262,204,3648,3640
262,205,3648,3640
262,216,3647,3640
262,217,3647,3640
262,218,3647,3640
262,219,3647,3640
262,221,3647,3640
262,222,3647,3640
262,223,3647,3640
262,224,3647,3640
262,225,3647,3640
262,232,3647,3640
262,241,3647,3640
262,242,3647,3640
262,243,3647,3640
262,244,3647,3640
262,263,3647,3640
262,271,3639,3634
263,159,3647,3640
263,160,3647,3640
263,161,3647,3640
263,162,3647,3640
263,163,3647,3640
263,164,3647,3640
263,165,3647,3640
263,181,3647,3640
263,184,3647,3642
263,185,3647,3644
263,188,3647,3640
263,206,3647,3636
263,207,3647,3636
263,213,3647,3640
263,214,3647,3640
263,215,3647,3640
263,248,3647,3636
263,261,3647,3640
263,262,3647,3640
263,271,3647,3634
263,272,3647,3636
263,273,3647,3640
264,154,3647,3636
264,206,3647,3636
264,207,3647,3636
264,212,3647,3636
264,230,3647,3636
264,248,3647,3636
264,268,3647,3636
264,269,3647,3636
264,271,3647,3634
264,272,3647,3636
264,310,3647,3636
265,154,3647,3636
265,206,3647,3636
265,207,3647,3636
265,212,3647,3636
265,230,3647,3636
265,248,3647,3636
265,268,3647,3636
265,269,3647,3636
265,271,3647,3634
265,272,3647,3636
265,310,3647,3636
266,154,3647,3636
266,206,3647,3636
266,207,3647,3636
266,212,3647,3636
266,230,3647,3636
266,248,3647,3636
266,268,3647,3636
266,269,3647,3636
266,271,3647,3634
266,272,3647,3636
266,310,3647,3636
267,154,3644,3636
267,206,3644,3636
267,207,3644,3636
267,212,3644,3636
267,230,3644,3636
267,248,3644,3636
267,268,3644,3636
267,269,3644,3636
267,271,3644,3634
267,272,3644,3636
267,310,3644,3636
268,166,3647,3636
268,167,3647,3636
268,168,3647,3636
268,169,3647,3636
268,170,3647,3636
268,184,3641,3636
268,185,3644,3636
268,186,3644,3636
268,187,3644,3636
268,191,3644,3636
268,192,3644,3636
268,197,3647,3636
268,198,3647,3636
268,199,3647,3636
268,200,3647,3636
268,201,3647,3636
268,202,3647,3636
268,203,3647,3636
268,204,3648,3636
268,205,3648,3636
268,217,3647,3636
268,218,3647,3636
268,219,3647,3636
268,221,3647,3636
268,222,3647,3636
268,223,3647,3636
268,224,3647,3636
268,225,3647,3636
268,226,3644,3636
268,227,3644,3636
268,228,3644,3636
268,229,3644,3636
268,231,3644,3636
268,232,3647,3636
268,233,3644,3636
268,234,3644,3636
268,235,3644,3636
268,241,3647,3636
268,242,3647,3636
268,243,3647,3636
268,244,3647,3636
268,245,3644,3636
268,246,3644,3636
268,247,3644,3636
268,264,3647,3636
268,265,3647,3636
268,266,3647,3636
268,267,3644,3636
268,270,3644,3636
269,166,3647,3636
269,167,3647,3636
269,168,3647,3636
269,169,3647,3636
269,170,3647,3636
269,184,3641,3636
269,185,3644,3636
269,186,3644,3636
269,187,3644,3636
269,191,3644,3636
269,192,3644,3636
269,197,3647,3636
269,198,3647,3636
269,199,3647,3636
269,200,3647,3636
269,201,3647,3636
269,202,3647,3636
269,203,3647,3636
269,204,3648,3636
269,205,3648,3636
269,217,3647,3636
269,218,3647,3636
269,219,3647,3636
269,221,3647,3636
269,222,3647,3636
269,223,3647,3636
269,224,3647,3636
269,225,3647,3636
269,226,3644,3636
269,227,3644,3636
269,228,3644,3636
269,229,3644,3636
269,231,3644,3636
269,232,3647,3636
269,233,3644,3636
269,234,3644,3636
269,235,3644,3636
269,241,3647,3636
269,242,3647,3636
269,243,3647,3636
269,244,3647,3636
269,245,3644,3636
269,246,3644,3636
269,247,3644,3636
269,264,3647,3636
269,265,3647,3636
269,266,3647,3636
269,267,3644,3636
269,270,3644,3636
270,154,3644,3636
270,206,3644,3636
270,207,3644,3636
270,212,3644,3636
270,230,3644,3636
270,248,3644,3636
270,268,3644,3636
270,269,3644,3636
270,271,3644,3634
270,272,3644,3636
270,310,3644,3636
271,151,3644,3634
271,152,3644,3634
271,153,3644,3634
271,155,3642,3634
271,156,3642,3634
271,157,3642,3634
271,158,3643,3634
271,159,3639,3634
271,160,3639,3634
271,161,3639,3634
271,162,3639,3634
271,163,3639,3634
271,164,3639,3634
271,165,3639,3634
271,166,3647,3634
271,167,3647,3634
271,168,3647,3634
271,169,3647,3634
271,170,3647,3634
271,171,3644,3634
271,172,3644,3634
271,173,3644,3634
271,174,3644,3634
271,175,3644,3634
271,176,3644,3634
271,177,3644,3634
271,178,3644,3634
271,181,3639,3634
271,183,3642,3634
271,184,3642,3634
271,185,3644,3634
271,186,3644,3634
271,187,3644,3634
271,188,3639,3634
271,189,3639,3634
271,190,3639,3634
271,191,3644,3634
271,192,3644,3634
271,193,3643,3634
271,194,3643,3634
271,195,3643,3634
271,196,3643,3634
271,197,3647,3634
271,198,3647,3634
271,199,3647,3634
271,200,3647,3634
271,201,3647,3634
271,202,3647,3634
271,203,3647,3634
271,204,3648,3634
271,205,3648,3634
271,208,3643,3634
271,209,3639,3634
271,210,3642,3634
271,211,3642,3634
271,213,3639,3634
271,214,3639,3634
271,215,3639,3634
271,216,3647,3634
271,217,3647,3634
271,218,3647,3634
271,219,3647,3634
271,220,3642,3634
271,221,3647,3634
271,222,3647,3634
271,223,3647,3634
271,224,3647,3634
271,225,3647,3634
271,226,3644,3634
271,227,3644,3634
271,228,3644,3634
271,229,3644,3634
271,231,3644,3634
271,232,3647,3634
271,233,3644,3634
271,234,3644,3634
271,235,3644,3634
271,236,3642,3634
271,237,3642,3634
271,238,3642,3634
271,241,3647,3634
271,242,3647,3634
271,243,3647,3634
271,244,3647,3634
271,245,3644,3634
271,246,3644,3634
271,247,3644,3634
271,249,3643,3634
271,250,3644,3634
271,251,3644,3634
271,252,3642,3634
271,253,3643,3634
271,254,3642,3634
271,255,3642,3634
271,256,3642,3634
271,257,3643,3634
271,258,3642,3634
271,259,3642,3634
271,260,3642,3634
271,261,3639,3634
271,262,3639,3634
271,263,3647,3634
271,264,3647,3634
271,265,3647,3634
271,266,3647,3634
271,267,3644,3634
271,270,3644,3634
271,399,3642,3634
272,151,3644,3636
272,152,3644,3636
272,153,3644,3636
272,155,3641,3636
272,156,3641,3636
272,157,3641,3636
272,158,3641,3636
272,166,3647,3636
272,167,3647,3636
272,168,3647,3636
272,169,3647,3636
272,170,3647,3636
272,171,3644,3636
272,172,3644,3636
272,173,3644,3636
272,174,3644,3636
272,175,3644,3636
272,176,3644,3636
272,177,3644,3636
272,178,3644,3636
272,183,3641,3636
272,184,3641,3636
272,185,3644,3636
272,186,3644,3636
272,187,3644,3636
272,191,3644,3636
272,192,3644,3636
272,193,3641,3636
272,194,3641,3636
272,195,3641,3636
272,196,3641,3636
272,197,3647,3636
272,198,3647,3636
272,199,3647,3636
272,200,3647,3636
272,201,3647,3636
272,202,3647,3636
272,203,3647,3636
272,204,3648,3636
272,205,3648,3636
272,208,3641,3636
272,210,3641,3636
272,211,3641,3636
272,216,3647,3636
272,217,3647,3636
272,218,3647,3636
272,219,3647,3636
272,220,3641,3636
272,221,3647,3636
272,222,3647,3636
272,223,3647,3636
272,224,3647,3636
272,225,3647,3636
272,226,3644,3636
272,227,3644,3636
272,228,3644,3636
272,229,3644,3636
272,231,3644,3636
272,232,3647,3636
272,233,3644,3636
272,234,3644,3636
272,235,3644,3636
272,236,3641,3636
272,237,3641,3636
272,238,3641,3636
272,241,3647,3636
272,242,3647,3636
272,243,3647,3636
272,244,3647,3636
272,245,3644,3636
272,246,3644,3636
272,247,3644,3636
272,249,3641,3636
272,250,3644,3636
272,251,3644,3636
272,252,3641,3636
272,253,3641,3636
272,254,3641,3636
272,255,3641,3636
272,256,3641,3636
272,257,3641,3636
272,258,3641,3636
272,259,3641,3636
272,260,3641,3636
272,263,3647,3636
272,264,3647,3636
272,265,3647,3636
272,266,3647,3636
272,267,3644,3636
272,270,3644,3636
272,399,3641,3636
273,166,3647,3640
273,167,3647,3640
273,168,3647,3640
273,169,3647,3640
273,185,3644,3640
273,197,3647,3640
273,198,3647,3640
273,200,3647,3640
273,201,3647,3640
273,202,3647,3640
273,203,3647,3640
273,204,3648,3640
273,205,3648,3640
273,216,3647,3640
273,217,3647,3640
273,218,3647,3640
273,219,3647,3640
273,221,3647,3640
273,222,3647,3640
273,223,3647,3640
273,224,3647,3640
273,225,3647,3640
273,232,3647,3640
273,241,3647,3640
273,242,3647,3640
273,243,3647,3640
273,244,3647,3640
273,263,3647,3640
310,151,3644,3636
310,152,3644,3636
310,153,3644,3636
310,170,3647,3636
310,171,3644,3636
310,172,3644,3636
310,173,3644,3636
310,174,3644,3636
310,175,3644,3636
310,176,3644,3636
310,177,3644,3636
310,178,3644,3636
310,183,3641,3636
310,184,3641,3636
310,185,3644,3636
310,186,3644,3636
310,187,3644,3636
310,191,3644,3636
310,192,3644,3636
310,198,3647,3636
310,199,3647,3636
310,204,3648,3636
310,226,3644,3636
310,227,3644,3636
310,228,3644,3636
310,229,3644,3636
310,231,3644,3636
310,232,3647,3636
310,233,3644,3636
310,234,3644,3636
310,235,3644,3636
310,242,3647,3636
310,243,3647,3636
310,245,3644,3636
310,246,3644,3636
310,247,3644,3636
310,250,3644,3636
310,251,3644,3636
310,264,3647,3636
310,265,3647,3636
310,266,3647,3636
310,267,3644,3636
310,270,3644,3636
399,185,3644,3643
399,204,3648,3642
399,271,3642,3634
399,272,3641,3636
